,co-imf0,co-imf1,co-imf2
0,0.0106831594473069,8.436656954471992,19.552659886080697
1,0.037381966608217,8.480250187314713,19.48236784607707
2,0.0119848165544074,8.52506370314268,19.462951480302912
3,-0.0228875059227204,8.527368771060202,19.49551873486251
4,-0.0211502837894627,8.440042501295462,19.581107782493998
5,0.0127891834674708,8.266818185476192,19.720392631056328
6,0.0107541571341864,8.075844757673204,19.913401085192614
7,-0.0597156902027298,7.9005843888378084,20.15913130136493
8,-0.0106552791711732,7.554309987327408,20.45634529184377
9,0.0036433945638606,7.192551536536465,20.803805068899674
10,0.0088194743576072,6.7909078808392485,21.20027264480314
11,-0.0132142030052199,6.368704171180526,21.644510031824687
12,0.0211171938385723,5.843603563926606,22.135279242234823
13,-0.0099101254511883,5.338567837147169,22.671342288304025
14,0.0125249518342482,4.736013865862912,23.251461182302844
15,-0.0222591361312556,4.147861199629498,23.874397936501765
16,0.0228341301520419,3.43825130667667,24.53891456317129
17,0.005207052572625,2.7510198728454296,25.243773074581945
18,-0.0160902291860863,2.0283547461818667,25.987735483004222
19,0.1622761000738521,1.0681600992174962,26.769563800708653
20,0.2057723315633392,0.2062076284709436,27.588020039965716
21,0.1315004528558216,-0.5733165872780759,28.441816134422268
22,-0.2620049399031345,-1.0674587633271275,29.32946370323026
23,-0.51885073239394,-1.7305735545241414,30.249424286918085
24,-1.020817802876279,-2.1793416231377627,31.200159426014046
25,-1.542048874714779,-2.6380817863316697,32.18013066104644
26,-1.5726332902471836,-3.6151662422964472,33.187799532543636
27,-1.0227369402867863,-5.198890640747145,34.22162758103393
28,0.0988378573846403,-7.37891420443031,35.280076347045664
29,1.5211798822891225,-9.882787253396284,36.36160737110716
30,2.729509186506371,-12.19419138025309,37.46468219374672
31,2.8499805447030835,-13.437742900195785,38.5877623554927
32,1.1901478049252423,-12.919457201798663,39.72930939687342
33,-2.641412227411656,-10.246367393036671,40.88777962044833
34,2.263907546821604,-6.325515923722985,42.061608376901376
35,-0.7341593767419896,-4.515066402205737,43.249225778947725
36,-1.3286329546104223,-5.1204296852520805,44.449062639862504
37,0.8499873286800034,-6.509540325803353,45.65955299712335
38,-0.5100469795515911,-6.369084799930034,46.879131779481625
39,0.2406929522391371,-6.346921301349318,48.10622834911018
40,0.109655522601546,-7.4489260936482165,49.33927057104667
41,-0.1587848930147756,-8.417901417314019,50.576686310328796
42,0.161722223145514,-8.978625655139693,51.81690343199418
43,-0.1024843010269905,-9.955865500053502,53.058349801080496
44,0.0893638650403261,-11.388817147665737,54.299453282625414
45,0.1510108338421988,-12.689652575508799,55.538641741666595
46,-0.6543393987387818,-13.120003644502951,56.774343043241736
47,0.1258631082699161,-13.13084816065837,58.004985052388456
48,1.3787548262828584,-12.607750460427274,59.228995634144425
49,-0.5841231381982178,-11.860679515349108,60.44480265354733
50,-2.175772776453794,-11.475061199181,61.6508339756348
51,-0.8173410944180695,-12.028176371026456,62.84551746544454
52,2.603012494370068,-11.630293482384262,64.02728098801418
53,-2.5481968899033647,-7.646355518478063,65.19455240838143
54,2.320208488869281,-0.665968080453174,66.3457595915839
55,-2.0215232185040426,2.5421928158447655,67.47933040265927
56,1.7669530296415723,1.6393542637131822,68.59369270664524
57,-1.040938456992619,3.353664088413179,69.68727436857944
58,-1.513626611350844,8.75512335785129,70.75850325349955
59,0.1650481839931502,15.02914458956366,71.80580722644319
60,1.4274275482766474,18.694958299275257,72.82761415244809
61,-1.369766368899524,17.54741447234764,73.82235189655188
62,-0.687499343311883,13.899051019519646,74.78844832379224
63,-0.3568821421273247,9.632550842920535,75.7243312992068
64,1.081758960291708,5.2898123518750495,76.62842868783324
65,1.319444181982552,1.1813874633081802,77.49916835470924
66,-0.7488082099874388,-2.586169954885035,78.33497816487247
67,-2.3907045213124185,-6.743581462048168,79.1342859833606
68,3.105308440158488,-11.000828115369714,79.89551967521123
69,-3.9439912614541863,-10.673115844007889,80.61710710546207
70,-1.287122235388447,-8.010353903762354,81.2974761391508
71,5.35052782625763,-8.085582467572674,81.93505464131505
72,-5.597750989113394,-12.770519487879122,82.5282704769925
73,1.6629222753787876,-14.168473786599652,83.07555151122085
74,5.090993260484317,-11.046542141422854,83.57554888093856
75,-3.969356607904148,-5.058452211456477,84.02780881936063
76,-4.04151933505169,2.109410468756016,84.43210886629566
77,3.757676995810464,11.254094433964086,84.78822857022546
78,-0.9837095621902104,24.887762082558552,85.09594747963166
79,-3.5634177279986927,37.20807497699277,85.35534275100594
80,3.6017249447944364,41.73059308232605,85.56768197287954
81,-3.655423812443362,35.73089347064978,85.7345303417936
82,-3.257925126841504,23.700472072552266,85.85745305428924
83,-1.8701330545355572,11.602117747627936,85.93801530690763
84,-1.3400389506223067,1.8622566544323913,85.97778229618993
85,-1.6080914980492242,-4.370227720628011,85.97831921867724
86,1.994245216900273,-7.935436487811016,85.94119127091074
87,3.1207042855550298,-8.988667934986625,85.86796364943159
88,-2.747845210364149,-8.012356340416703,85.76020155078086
89,0.4140100584209516,-6.033480229920718,85.61947017149976
90,1.7494334334094952,-4.196768141538872,85.44733470812938
91,-1.2661900148199932,-3.9791703423909115,85.2453603572109
92,-0.1843879214813815,-4.830724393804075,85.01511231528545
93,0.4115766976071222,-5.1697324765013,84.75815577889418
94,0.4799462127499072,-4.956002157328157,84.47605594457826
95,0.4444863517834135,-4.614864360662162,84.17037800887874
96,-1.4074929638228657,-4.435194204514016,83.84268716833688
97,1.6523649709507384,-5.146913590444469,83.49454861949373
98,2.8002975465156106,-5.927825105406118,83.1275275588905
99,-1.50625829567488,-6.236930887393395,82.74318918306827
100,-4.260560661386,-6.082538027182259,82.34309868856826
101,4.8253689330369935,-6.754190204968533,81.92882127193154
102,3.133446434887928,-9.635368564587257,81.50192212969932
103,0.5378368841595526,-14.101803342572243,81.0639664584127
104,-1.8832934815484124,-17.983225973064375,80.61651945461279
105,-5.615387061180172,-19.865747582278885,80.16113464345906
106,-1.1320662477721024,-18.427239630619752,79.69930587839187
107,1.239617851544368,-14.322081248245782,79.23246339670142
108,2.91592119347472,-8.917934449792847,78.76201325631814
109,4.956737819935948,-3.2460545624366635,78.28931674250072
110,0.83284982243881,1.3514262302210547,77.81572394734013
111,-0.7479155495294585,3.4053247562707107,77.34259079325875
112,0.654440687514664,2.474262788480802,76.87129652400452
113,2.82894266256702,0.7678311237759909,76.40322621365699
114,1.0924091011237589,0.9678259625807022,75.93976493629555
115,-2.9602697484210045,3.4779719824213724,75.48229776599963
116,-3.4249711237299616,7.392761346881228,75.03220977684873
117,3.028997190706096,9.280116766371632,74.59088604292228
118,-2.5050899591576283,6.555378320857897,74.15971163829974
119,1.9061064295021903,3.3538086443492396,73.74008492614857
120,-0.0283822819320871,2.6948026244086645,73.33357965752343
121,-0.7826353174313757,2.8403635187256713,72.9422717987057
122,0.4075081958800995,2.024132256608313,72.56835954751159
123,-0.2102854094477104,1.4962443076904735,72.21404110175723
124,0.1663979708368146,1.4520873699043575,71.88151465925884
125,-0.223912849807003,1.6511746005060228,71.57273824930098
126,-0.0608127938156409,1.772103566773766,71.28870922704186
127,0.3781186155291707,1.5916966053625838,71.03018477910825
128,0.6027221601218725,0.39935574775133276,70.7979220921268
129,-0.696724314439748,-1.6859540382844491,70.59267835272419
130,0.7385931454901533,-3.9938038930172852,70.41521074752711
131,0.3392467561043468,-5.2353999490765695,70.26615319297223
132,-0.0459151163801276,-5.0996181077870135,70.14553322416714
133,-0.6102041268658678,-3.442597776888834,70.0528019037547
134,0.5374215248544726,-0.8847185186634254,69.98729699380895
135,-0.4997632638894809,0.5514070074855304,69.94835625640394
136,0.5475851238769728,1.5170974225091922,69.93531745361383
137,-0.7227566407198923,3.7752382932072774,69.94751834751261
138,-0.4009492214091893,5.416652521234802,69.98429670017438
139,-0.2344827027442693,6.069492429071021,70.04499027367325
140,1.6367020576189828,5.114361112297795,70.12893683008323
141,-1.9392838714504463,2.713809739972013,70.23547413147844
142,-0.9006015089429789,0.5366615690100551,70.36393993993292
143,0.619524594668589,-1.0331966121893825,70.51367201752078
144,1.924294588526938,-2.108302714843034,70.68400812631609
145,2.458486970449013,-2.7227729988419274,70.87428602839292
146,1.6820261433071262,-2.765747094414104,71.08372095110697
147,0.6232437173492273,-2.054281778474168,71.31103806112493
148,-2.096203521869677,-0.45863678126282337,71.55484030313251
149,1.852834802576034,1.323434497424218,71.81373069999975
150,-1.5786679347171833,0.6023372643200946,72.08633067039707
151,1.3026559201759522,-2.1739911363724715,72.37133521619651
152,-1.0445710186920234,-3.3128984172899636,72.66746943598199
153,0.8131744527443983,-2.20669946397693,72.97352501123254
154,-0.2944757192108465,-1.4139238046315536,73.2883995238424
155,-0.4943745334015297,-1.5366961315863883,73.61107066498792
156,0.1640517684104495,-2.1045829767642106,73.94053120835376
157,0.4348967142265775,-2.710670641851134,74.27577392762457
158,-0.5758718839518661,-3.4599197125331655,74.61579159648502
159,0.8342838158751782,-3.7938608044949858,74.9595769886198
160,-0.4743665355739396,-2.701756342139614,75.30612287771355
161,-1.5715299262220663,-1.0828921112289025,75.65442203745096
162,1.947314865646492,0.0292178928367981,76.00346724151672
163,-2.262384257121062,1.2101329935256326,76.35225126359542
164,-0.1512426987345569,3.451475821362744,76.6997668773718
165,2.6231586210844955,5.331834522385015,77.04500685653048
166,-2.584607601362832,5.197643626606668,77.38696397475616
167,-1.3384383934420996,3.6138073877085986,77.7246310057335
168,-0.0424483936965544,1.9854476705493909,78.05700072314715
169,0.7585084488879242,1.3584256504302792,78.3830659006818
170,-0.6109012722904452,2.409081960268342,78.7018193120221
171,-1.7384600229803098,3.726206292127608,79.0122537308527
172,1.5676095980464024,4.119028471095284,79.31336193085832
173,-1.2871513069753615,4.183014621251779,79.60413668572357
174,1.021876110578173,5.094553120288631,79.88357076913319
175,0.005540539148355,5.643802506079851,80.15065695477179
176,-0.6640764398212436,5.259688423497223,80.40438801632402
177,0.628928942440112,3.9873143300852965,80.64375672747461
178,-0.6952656351281576,3.3274984189810546,80.86776721614712
179,0.8210773864244698,1.6034119912786193,81.07551062229692
180,-0.9467883660172668,-0.21946745440610038,81.26625582042337
181,1.028001702849602,0.532611429162209,81.43938686798818
182,-1.051559979887782,0.4569778058891527,81.59458217399863
183,0.8666345494139381,-1.5982282847621831,81.73159373534824
184,0.749449529652731,-2.599623078583349,81.8501735489306
185,-0.9066635478129762,-2.0434100638262764,81.95007361163925
186,0.8382913408412659,-0.9694481622507007,82.03115682140944
187,-0.7316026219835874,-1.3621270583595755,82.09372968034316
188,-0.0649791820113505,-2.0732304095726617,82.138209591584
189,-0.7095007467155534,-1.4555132115601541,82.1650139582757
190,0.7090601140664862,-0.883620297628394,82.17456018356191
191,-0.6448627497306164,-1.5224029208556122,82.16726567058623
192,-0.2000720605005445,-2.3434757619917863,82.14354782249232
193,0.0119042643519022,-2.615728306775787,82.10382404242388
194,0.6071692469723096,-2.6556809804968946,82.04851173352458
195,0.2269243852447529,-2.2049526841828144,81.97802829893806
196,-0.5740620744699029,-1.3187290673380243,81.89279114180792
197,0.531963224172591,-0.3251808894504956,81.79321766527791
198,-0.2192945621588419,0.5395692896672326,81.6797252724916
199,-0.3600765231893209,1.3073451565965655,81.55273136659275
200,-0.1989324781220219,2.0662791273971237,81.4126533507249
201,0.5714684437703146,2.9686229281978576,81.25990862803184
202,-0.3833010056601606,3.2883864040031168,81.09491460165705
203,-0.8399892343419583,2.9219005595976015,80.91808867474435
204,0.0453954563862907,2.224756293176333,80.72984825043737
205,1.1887698392404722,2.280619428879863,80.53061073187968
206,-0.0031442244852507,3.582350702270243,80.32079352221501
207,-1.467969964707861,5.007155940120866,80.100814024587
208,0.0255807200277521,5.103329637832954,79.87108964213928
209,1.6809483599400463,2.687013862044371,79.63203777801559
210,-0.8095353238851323,-2.954540511474355,79.3840758353595
211,0.9014873493026048,-9.599108566617303,79.12762121731471
212,-2.3437071513800247,-12.519384175644843,78.86309132702488
213,2.202411666209278,-10.393315233842904,78.59090356763363
214,2.4656635989830344,-6.777138941267674,78.31147534228464
215,-0.8459973587879285,-4.179226695333655,78.0252240541216
216,-2.155266589146376,-2.5773005171417283,77.7325671062881
217,1.6224674707070186,-1.0863893726348812,77.43392190192787
218,1.2234689938204977,-0.3831748380050084,77.12970584418451
219,-0.8791568540055216,-0.9411794821961936,76.82033633620172
220,0.6678653460563518,-2.174089287084798,76.50622394102844
221,-0.6291277053848282,-1.5586183940639788,76.18774609944882
222,-0.256297600651532,-0.6089517395702622,75.8652493402218
223,1.0086179403987472,-0.597674119004953,75.53905617860622
224,-1.240729384650614,-1.9586988515473691,75.209428236198
225,0.3729937012622414,-2.249593669850417,74.87659996858817
226,1.620332621390388,-1.161135199775387,74.540802578385
227,-0.0258742943445736,0.133607026147891,74.20226726819669
228,-1.8620978339569323,1.0008725933254166,73.86122524063151
229,0.9711056150444122,0.5009866866579111,73.51790769829768
230,1.997921118763332,-0.6804669625667803,73.17254584380345
231,0.7229050261330139,-1.5483157206517892,72.82541069451878
232,-2.037666153620053,-2.2692663732405958,72.47693252686065
233,1.884969565722816,-3.0125509977305818,72.12758143200777
234,1.8934705702057064,-3.6812980713445143,71.7778275011388
235,-1.7903292175504164,-3.617811607882034,71.42814082543245
236,1.5928410770401356,-2.3518325731075254,71.07899149606737
237,0.1302585734345275,-0.8611081776568856,70.73084960422236
238,-1.089546142483978,0.2053654451840401,70.38418069729994
239,-0.3937928462343105,0.3543991498913437,70.03939369634296
240,0.6306334130470658,0.6726274133564631,69.69673917359646
241,-0.4867456744239682,1.6103164243739632,69.35642925005001
242,0.4240545080455942,2.437269445261275,69.01867604669312
243,-0.2472364746722354,2.7235447901567964,68.68369168451542
244,-0.4321519812219307,3.2404636967154263,68.3516882845065
245,-0.3508510441896586,4.657973076533773,68.02287796765589
246,-0.3928096666507041,6.695336811697527,67.69747285495316
247,1.0855308174998717,8.53882169137695,67.37564749112317
248,0.6694177979931485,9.073156086175299,67.05742611583155
249,-1.4237742581543524,8.20097886567508,66.74279539247927
250,1.4961689510099576,5.622089064522813,66.43174198446724
251,1.3336565518687182,2.542090892934901,66.12425255519638
252,-1.4154434790406385,0.595129710973004,65.82031376806763
253,-0.0988340744656265,0.5689217879837121,65.51991228648191
254,1.0539434933892238,1.1830217327705985,65.22303477384017
255,-0.8194873879209887,0.8898194943776743,64.92966789354332
256,0.5909988160967493,-0.2307971250890044,64.63979830899225
257,-0.4049165168635846,-0.9484961667243643,64.35341268358795
258,0.0361029728715978,-1.1066006536028914,64.0704976807313
259,0.1300380393597137,-0.9210780031829554,63.79103996382324
260,-0.0365214212975448,-0.47850477496716,63.5150261962647
261,0.244444092766743,-0.4868871342233737,63.242443041456625
262,-0.2902413001628701,-0.6830358626370516,62.97327716279992
263,0.2926449792568059,-1.0001602029523153,62.70751522369551
264,-0.2616251740539031,-2.183518713490436,62.44514388754434
265,0.0391849831685173,-3.225334800915816,62.1861498177473
266,-0.0198677381645834,-3.410651939540757,61.93051967770534
267,-0.0693617757196041,-3.108878355099804,61.67824013081941
268,0.1079614815979627,-3.037259322088369,61.429297840490406
269,-0.4779872181388398,-3.7056954065653867,61.18368262470423
270,0.8813331487869893,-4.822712984068989,60.94137983528201
271,0.2865005567467613,-4.9887969788621,60.70229642211534
272,-1.6760827860144036,-3.7901517635452726,60.46623454955967
273,2.097317013006472,-2.330160868293742,60.23284385528727
274,-2.508872857482152,-1.4928662924414502,60.00173914992361
275,2.918362737630315,-1.100897981724454,59.77253524409414
276,-2.11544919940986,-1.4193977490145469,59.5448469484244
277,-1.8397298287017696,-1.4685511405589418,59.318280969260705
278,-4.164758064519027,0.6823471226698314,59.092410941849195
279,-2.159878773263593,3.2930789920407673,58.866799781222824
280,2.6197997805525226,4.739190471016391,58.64100974843108
281,4.784149472848244,3.801247422628343,58.41460310452341
282,-4.465920803560682,1.1787786930113862,58.18714211054929
283,1.6532788031144732,1.8885321693273593,57.95818902755816
284,3.1134476012112877,4.159246282189204,57.727306116599514
285,-2.30415601632308,4.110100377600282,57.4940556387228
286,1.574754285711443,0.9472329188965347,57.25801279539203
287,-0.5505880998089533,-1.4582164499203005,57.01880454972925
288,-0.7274008063194154,-2.9486699989517318,56.77607080527115
289,0.5309986986108611,-3.3804501641652367,56.52945146555438
290,-0.6359911701128521,-2.852595264002662,56.27858643411551
291,0.9676182624213182,-1.0307338769125778,56.02311561449126
292,-1.2137386944712298,0.45106812663090834,55.76267056784032
293,-2.1326223667884983,-0.39423258893640334,55.4968549557249
294,2.3860757979049936,-3.6414306230915816,55.225354825186585
295,3.4374353441353467,-4.385572430106391,54.948137085971055
296,-3.88926850892429,-0.7759689870968549,54.66523749602115
297,4.064734501292658,2.5585736854274836,54.37669181327986
298,-3.91066316119855,2.8281273655085393,54.08253579569001
299,3.475070303581074,6.86212449522438,53.78280520119455
300,-2.886022782164181,9.408486994427797,53.477535787736386
301,0.7180078117218461,3.8252288750197425,53.16676331325841
302,1.7564699726390596,-2.6069935083426206,52.85052353570356
303,-1.3997931850521868,-4.329059027962519,52.5288522130147
304,1.210575974372561,-1.9323610775073286,52.20178510313475
305,1.0516864051861556,-0.12104436919280794,51.86935796400665
306,-1.2422951446434392,-0.29931140892983704,51.53160655357327
307,1.29989788886311,-2.4984645186406427,51.18856662977753
308,-1.3411710411604925,-4.499102909401856,50.84027395056235
309,1.3834547653519669,-3.88021903922257,50.486764273870605
310,-1.470814904609329,-0.6873141688276047,50.12812907343694
311,1.6423880346813575,1.362885302903072,49.764726662415576
312,-1.5781415220909718,0.18099454732741638,49.39714697476356
313,-2.2747651152914083,-1.7512732516006146,49.026038366892024
314,2.71323957116204,-1.8653616601415026,48.65212208897946
315,-0.919700089193747,-2.3565192495792027,48.27621933877296
316,1.6735036869037931,-4.572778964483469,47.899275277579676
317,0.8320742699572479,-3.3543531305070573,47.52227886054981
318,-4.231137440580195,2.0849856387416223,47.14615180183857
319,4.1881069644634925,8.940153491087969,46.771739544448536
320,-2.0075404329800897,9.51769642234671,46.39984401063337
321,-3.0024133030491917,5.4911537439763,46.0312595590729
322,-2.558884368289416,0.9721263787950538,45.666757989494364
323,2.724561298488131,0.008433829079379507,45.307004872432486
324,-2.505785995451416,3.5532256287501753,44.95256036670124
325,-0.5459169228156077,5.942023802034268,44.60389312078134
326,2.415871785013476,5.642675311070629,44.261452903915895
327,-2.066176718270745,3.140487232922733,43.92568948534801
328,-2.3467513622684177,1.1296987279476323,43.59705263432079
329,2.185392438939227,1.1786154409834084,43.27599212007736
330,1.380594997063415,1.526447291075744,42.96295771186084
331,-0.8152961435254081,0.1768969646110919,42.658399178914316
332,-1.441731694319207,-3.101034596161692,42.36276629048089
333,1.3146461351329766,-7.391154950936688,42.07650881580372
334,0.595540200936681,-9.995616725062524,41.80007652412585
335,-1.3889063479394483,-10.145012836750984,41.53391918469043
336,-0.5144520269298337,-7.76403453981073,41.27848656674056
337,-0.1667080453413505,-4.56752039417802,41.03422843951937
338,1.7671511166472271,-2.6387456889171546,40.801594572269934
339,-1.803975749455089,-2.837058984780289,40.581034734235374
340,1.798976036548535,-2.571974731207348,40.37299869465882
341,-0.0771406750560734,-1.1007955477272764,40.17793622278335
342,-0.2123984854901925,0.21613896910102603,39.996259516389166
343,-2.3319530817366902,2.503785259093383,39.82816782264331
344,2.735205424487532,4.591244688563697,39.67354988694877
345,1.6255384381411415,4.842315715907882,39.53214584595098
346,-1.4480225813534744,3.544336452212505,39.403686129140965
347,-3.857438501354152,1.9195341943191468,39.28790430703501
348,0.2475819542316713,0.5678840956189137,39.184533950149415
349,4.025136777015624,-1.118445406016052,39.09330862900043
350,-1.68573374336969,-3.6681825073696865,39.01391625073937
351,-3.4903422234402126,-4.455519845617394,38.945862069057604
352,2.994864956243419,-1.8834706305249107,38.88860567428149
353,-1.4685842781379914,1.6269776214005902,38.8416066567374
354,-1.8314321972998469,3.027107590548141,38.804324606751706
355,0.0612760773953725,2.162504807953859,38.77621911465077
356,-0.2318643015180062,0.47511453075702414,38.75674977076098
357,0.9816801861628184,-2.0470563515715057,38.745376165408686
358,-1.097166981683166,-3.734390907237128,38.74155788892029
359,1.3862057600573106,-3.1309602916794494,38.744754531622135
360,0.4563734042573557,0.28920091190203956,38.75442568384061
361,-2.1559009117895807,4.415869975887518,38.77003093590207
362,2.453890498532936,5.755079623334156,38.7910298781329
363,-2.608099379789436,3.7912172789299783,38.816882100859445
364,2.6188429069938763,2.5341098985980075,38.84704719440812
365,-0.0135955779909556,1.7126108288856843,38.88098474910527
366,-2.401759092735567,0.08360473745832397,38.918154355277245
367,2.286677936146163,-2.364693539396634,38.95801560325047
368,-2.2132742987684786,-1.7868824051991417,39.00015670396762
369,-0.159752830198469,0.7150816170411123,39.04467121315736
370,2.157206622818637,2.311059846069054,39.091733531112304
371,-2.140554368446575,1.1190903493398938,39.14146401910668
372,2.134082299711897,0.6019458872081679,39.19397181307993
373,-2.166996355845885,0.6576303068743579,39.24936604897153
374,2.253157599165278,-0.05091346188624457,39.30775586272097
375,1.433290416179481,0.7074591935528318,39.36925039026769
376,-2.445708226364751,2.6117494588135632,39.43395876755119
377,2.4421515891864125,3.2558582803026663,39.50199013051092
378,-2.3290428296005,-0.044410785485855614,39.57345361508635
379,0.7781510578100542,-3.7966094150270235,39.64845835721697
380,1.9131643015591293,-4.640277794401389,39.72711349284226
381,-0.7663296074449533,-1.5431985504566872,39.80952815790164
382,-1.6345877546293814,1.7387402228658555,39.89584753176352
383,1.6642605458087232,2.3494314784794947,39.98630797571178
384,-0.5644666948081715,0.08351568354760797,40.08095101126057
385,-2.0001276587784056,-2.5394910697036166,40.179618728482026
386,2.177489621492761,-3.2593408203507206,40.281851198857964
387,-2.286232899442494,-2.820884818779761,40.38711771822226
388,0.4638828508270437,-2.148770433235803,40.494887582408765
389,2.302917246826702,-1.6575473340780271,40.60463008725132
390,0.4517327812748132,-1.1675473098586489,40.715814528583834
391,-2.2499676008642786,-0.5779426013758509,40.82791020224013
392,-1.3064673152332682,0.3660809111791701,40.940386404054095
393,-1.2298592196102984,1.677146789750729,41.05271242985956
394,2.296303408002728,2.1793390165068436,41.16435757549043
395,-2.219295596509547,0.9445044597290121,41.27479113678053
396,-0.1314508212600839,-0.17203158830366655,41.383482409563754
397,0.139801962822584,-0.5497026524965123,41.48990068967393
398,1.2445507635667838,-0.8880660365117187,41.59351527294494
399,1.4033801280684848,-1.0971284229794016,41.69374829491092
400,-1.1664518133453508,-0.6232855176229006,41.78973733096825
401,0.6032005450725235,0.46662837363797,41.880171081289504
402,0.6587575167402442,0.877655663862181,41.96358681939758
403,-0.5531042883394284,0.5145050662475623,42.03859922209186
404,0.0896318136425096,-0.19359375862674089,42.103961944984235
405,0.3111322983835693,-0.5196190571192081,42.15848675873565
406,-0.0015187497846091,-0.19958327385553892,42.201102023640146
407,-0.5953178054110786,0.36396756719211665,42.231350238218965
408,-0.6889938392786014,0.43932438337586843,42.24966945590273
409,1.1735854304852191,0.06961877861006419,42.25679579090472
410,-1.5793403004361273,1.2254745867876358,42.253865713648494
411,1.955524287357515,1.8923858025539548,42.24208991008853
412,-0.9206235542766704,0.1980520415555315,42.22257151272114
413,-2.3812017447309506,-1.8151640305852372,42.19636577531619
414,1.4091741754236482,-1.923674996819548,42.164500821395904
415,2.2642638009474654,-1.3922628077109533,42.12799900676348
416,-2.000533684790221,-1.5873221326066242,42.08785581739685
417,-1.2521795472966095,-1.7928016865711651,42.04498123386777
418,-1.3885149599126685,-0.6118305850036808,42.00034554491635
419,1.2575110454445797,0.7875508117267951,41.954938142828624
420,0.0496412675096821,1.9406110301869512,41.90974770230337
421,-1.0017050724161989,2.335942174376848,41.86576289803936
422,0.9806690511987274,1.9453585440659147,41.82397240473536
423,0.2210835754424503,1.993551527467399,41.78536489709015
424,-1.0348935478121206,2.3839644980096253,41.7509290498025
425,1.031921220252883,2.1464252421759387,41.72165353757118
426,-0.989107672526937,0.790580637431964,41.69852703509497
427,0.9547682329591086,0.8626935499682596,41.682538217072626
428,-0.9700023134999064,1.905326555296981,41.674675758202916
429,-0.5595981845139295,1.4936698513292783,41.67592833318464
430,-0.3602816932772879,0.37299707656074,41.687284616716546
431,2.1891583683450766,-1.8988916518424865,41.709733283497414
432,2.3489747641847174,-2.793237772410751,41.74426300822603
433,-3.110392509554816,-1.6814699560463122,41.79186246560113
434,3.095896723023482,-0.949351701589932,41.85345497856645
435,-2.696765724496668,-5.03272698310145,41.92949270759812
436,2.0420213306501545,-6.441429239600023,42.019407908949866
437,-1.3871164407133014,-4.234844520002594,42.12196096071589
438,0.979325384840703,-3.0651220951530496,42.23579671031234
439,-0.929603344332246,0.5700433391768589,42.35956000515539
440,1.1766139172931067,2.5314903900457324,42.49189569266116
441,-1.6647212290009812,1.503272608755131,42.631448620245855
442,-1.670748327926758,0.8938846926011754,42.77686363532558
443,2.132459749529466,1.1407546651540057,42.92678558531654
444,-2.1463470978937336,0.6464877802588809,43.07985931763485
445,1.9841937196453785,0.521076600657925,43.234729679696706
446,-1.7635334124663686,0.3734918935481659,43.39004151891821
447,1.612718576861086,1.0428417404233625,43.54443968271556
448,-1.5952321564761955,2.8986631379713077,43.69656901850489
449,1.2041606659232225,2.9507649603744106,43.845074373702374
450,1.856426907323132,1.6549724969527226,43.98860059572415
451,-1.5528366696944875,0.17704413770810157,44.12579253198639
452,-2.1458155272222537,-0.10951555754290898,44.25533108476516
453,-0.2139383028046512,2.037832537744503,44.37610576506015
454,2.1442183599848117,4.168462389061572,44.48731925095362
455,1.293050697345172,4.118609148360601,44.58834015429423
456,-1.169378101566108,1.4907281630131992,44.67864993855291
457,-1.5177247815485442,-2.080028609785706,44.75775339133425
458,1.2218206201996245,-5.0969759204424365,44.82515530024281
459,-0.9485698886754096,-4.931790564207846,44.88036045288325
460,0.6689275426714839,-1.041801179531654,44.922873636860174
461,0.508258331575117,3.549542028646755,44.95219963977812
462,-0.8261695232969863,4.878326274055251,44.96784324924174
463,1.1610214885539225,2.38966925859047,44.96930925285561
464,0.7539205538288289,-0.7100229920532042,44.95610243822437
465,-2.0925685183617837,-2.735159074590817,44.92772759295259
466,2.610099851715938,-3.4937893563608218,44.88368950464488
467,-2.408732687369544,-3.214760273536303,44.823492960905845
468,-3.2868847217326933,-1.7597580276073752,44.74664274934007
469,-1.1522009757624772,0.1694860465643,44.65271492919818
470,3.1610176148847797,0.2973670598249716,44.541615325290245
471,-2.5686230001237087,-2.6948767498509234,44.41349974997463
472,-2.4790427325264828,-5.789525962058668,44.26856869458515
473,-0.0811687028522467,-6.025889204544072,44.107057907396324
474,1.3583908637360798,-3.487818613149886,43.92942774941381
475,-1.081710602135383,-0.6547975763240388,43.736508178459424
476,1.0207208661528333,-1.699933603476679,43.529212737323846
477,-1.1434953575491689,-3.734959611248578,43.30845496879775
478,1.3664579708562123,-1.2416063865279956,43.07514841567179
479,-1.6166546328177935,3.4864480120811394,42.83020662073666
480,1.86089025646544,4.734561219409752,42.57454852412481
481,-2.0838269238131506,4.024708373580388,42.30911855023276
482,2.2603330576947904,4.384784841917971,42.034882100387236
483,-2.3621778222062986,3.8093693513943094,41.75280847081199
484,-0.2684951520323754,2.0046281943015964,41.46386695773079
485,2.340294000734702,0.4906791418978709,41.16902685736743
486,-2.256986770296179,0.9877293043504742,40.869257465945715
487,-0.1075267689748873,3.1019895196279688,40.565537249346924
488,2.0611211358961032,5.600052593893065,40.25882627021083
489,-0.2377135317018096,7.2878400983544696,39.949873433347335
490,-1.926704199091499,7.28733163739698,39.639372561694515
491,-0.7120681147144218,5.384050636523983,39.32801747819043
492,1.892745751947013,3.0907522422797995,39.01650200577319
493,-1.912246644632132,2.8067266772513175,38.70551996738081
494,-0.0896777361166895,5.253912550165287,38.395765185951404
495,2.066993339172872,7.7650751764041,38.087931484423024
496,-1.3601301342464631,7.577417448512714,37.78271268573375
497,-2.4983208423368017,4.617518229515153,37.48080261282165
498,2.852416824208536,-0.0353119128333495,37.182895088624804
499,2.289865054570338,-3.5395489906516246,36.88968393608128
500,1.236577090450056,-5.758440068579217,36.60186297812916
501,-0.5575208585620363,-6.892605179144456,36.320126037706494
502,-2.75459193248144,-7.310575005269924,36.04516693775136
503,-5.289291831924738,-7.1083876692771195,35.77767950120185
504,-2.968319665152785,-6.830037885843231,35.518357550996015
505,-0.4576691316734114,-6.520225778398533,35.267894910071945
506,0.9534281289129796,-5.980413530280661,35.02698540136768
507,6.162677869602511,-5.31900071742384,34.79632284782133
508,-5.908163478180548,-4.368454764551516,34.57661824273207
509,-5.547756734314795,-2.090863299016406,34.3686200333312
510,5.076024497943958,0.3510065748943376,34.172968927161705
511,1.0777743596619898,0.5719512360838073,33.99027440425421
512,-3.715465405807553,-0.9856805388317369,33.821145944639284
513,-1.3051294108521827,-3.240960494183196,33.66608990503538
514,-0.8800711511304887,-3.5251289977815663,33.525200148912056
515,1.7925747378521426,-3.161042154278868,33.398467416426726
516,1.2887310543458124,-2.544613502082586,33.285882447736775
517,0.4593779010611909,-1.6468138840607833,33.187435982999595
518,-0.2670124761901745,-0.8361062861824088,33.10311876237258
519,0.0963223978595744,-0.12924392387269684,33.03292152601312
520,-0.3864903324893418,0.9096553184107258,32.97683501407862
521,-0.0936672178592966,2.158817251132823,32.934849966726475
522,0.0649371453722204,3.218105730513736,32.906957124114044
523,0.3635684874901906,3.403284286111062,32.893147226398746
524,-0.3775388767268204,2.484127862988857,32.89341101373796
525,0.2026169775435953,1.8896437961673007,32.9077392262891
526,0.2506915510887702,1.8131858447016813,32.936122604209544
527,-0.0759634221202545,2.097411534463572,32.97855188765668
528,0.4640183042756223,2.0009638789364566,33.03501781678792
529,-0.6498646370536422,2.0443607632332745,33.105503873820375
530,-0.3587788454176026,1.6688492075762476,33.18992963784136
531,0.2366246009419825,0.9753689917923365,33.288006407265684
532,1.166501035562148,-0.06566549567237345,33.39916446011023
533,-1.255324755309911,-0.7674477818246843,33.52277253713459
534,1.2515722127662023,-0.2597715918645531,33.658199379098356
535,-1.153194716707964,0.34838098994688643,33.804813726761076
536,-0.4824599662336941,0.6804756453513006,33.961984320882394
537,0.8392328605008675,0.631687237277264,34.129079902221875
538,-0.7439585177018193,0.4384893061627293,34.30546921153909
539,0.3767563502259125,0.6327226601804272,34.49052098959366
540,0.5150982316594627,1.3012977911953778,34.68360397714516
541,0.2489801389568065,1.3669329460900301,34.88408691495316
542,0.8204372994791622,0.5882241567435431,35.0913385437773
543,-1.9738318043669405,0.6691041999898242,35.30472760437711
544,2.3553858745786327,-1.3790322605290686,35.52364638595043
545,-2.6041085275369165,-5.603472843911026,35.74758137144794
546,1.0949156039219885,-6.780973319416116,35.97605771549413
547,1.9504929553593016,-4.839147093388739,36.20865413802944
548,2.3949882447369606,-2.189925016460563,36.444936771723604
549,0.979750495604638,-0.16421531722442184,36.684464821619784
550,-1.886802979831808,0.9600054870706622,36.926797492761146
551,-0.5625536182345736,0.8910596280436887,37.17149399019089
552,-0.5775211463741986,0.6594076274220713,37.418113518952126
553,1.061852857874971,-0.2280681419630407,37.66621528408807
554,-0.8950680782070923,-1.5202904124347647,37.91535849064186
555,-0.1178944470312653,-1.5472078966253897,38.16510234365665
556,0.7139773721833077,-0.6289834203589634,38.415006048175655
557,-0.6633661465850532,0.4987373373430448,38.66462880924201
558,0.6158923097911264,0.47057785831000465,38.91352983189886
559,-0.5674040556781805,0.40613573448875817,39.161268321189425
560,0.2606969268619669,2.231899590981204,39.40740348215683
561,0.4785586637567997,4.869946816398942,39.651494519844256
562,-0.5725939076339712,6.679493268339102,39.89310063929487
563,0.6832429456258514,5.184976008822325,40.131781045551826
564,-0.8481705874960703,1.8810756438377456,40.367094943658316
565,1.0349206313580803,0.36647782998442935,40.59860153865749
566,-1.2002101375695415,1.37435010197703,40.82586003559251
567,1.2062037595890245,2.245337413588916,41.04845882682206
568,1.331101954142405,1.4027688149272235,41.266129230930375
569,-1.3173324346371855,0.33859597296623445,41.478736461670955
570,0.5851077987110964,0.7287202915281168,41.68617190976079
571,1.13361090026193,1.9780621338212332,41.88832696591683
572,-0.9818112051156692,2.8967181842595933,42.08509302085607
573,-0.8470915666202755,2.5707301013247554,42.27636146529552
574,1.0234544072929916,1.5145219027549124,42.46202368995209
575,-0.27245638950501,1.6304853039621934,42.64197108554282
576,-1.1648625224387157,2.348767479654099,42.81609504278461
577,-0.6343468595655882,2.6500599071710775,42.98428695239451
578,1.2888037765556264,2.0647580183549112,43.14643820508946
579,-1.2697683874810166,0.9673281958945796,43.302440191586435
580,-0.1525419041598027,0.700357601557388,43.45218430260241
581,1.0202629980621027,0.8841503719012406,43.59558663003665
582,-0.8229065235094601,0.7502285887820674,43.73267793472739
583,0.6224512232697783,0.5139716411951905,43.86357713553503
584,-0.1344587399199322,0.6460397243899811,43.988419015529956
585,-0.3038526040928981,0.6965142463104134,44.10733835778249
586,0.3858379330243868,0.3936921216125855,44.220469945363035
587,-0.3062921345283783,0.47834357318645665,44.32794856134193
588,-0.2221026073711541,0.7921936185816086,44.42990898878954
589,-0.609386215331288,1.0829002045550469,44.526486010776246
590,0.9664844147368472,-0.08429882510924525,44.61781441037239
591,-1.0388886803980808,-2.715140290250269,44.70402897064835
592,0.9361694106049572,-3.7214338852794278,44.78526447467447
593,0.8800456455744721,-3.241701351095614,44.861655705521144
594,-0.3065734440511199,-2.126764002207596,44.93333744625872
595,-0.7107369774937278,-1.4897075024638007,45.00044447995752
596,0.6850959066666463,-1.748207496354628,45.06311158968798
597,-0.4152779348354079,-1.206195623685009,45.12147355852042
598,-0.5594872158572793,0.18382204633206722,45.17566516952521
599,0.6085798174452117,0.9655989767820894,45.22582120577269
600,-0.5667292543907108,0.4946528040574476,45.272076450333266
601,0.3953501406235975,-0.2099158269008874,45.314565686277284
602,-0.3445627439973176,-0.508860952677777,45.353423696675094
603,0.1315223307190512,-1.0203075953161216,45.388785264597075
604,0.4404750374787755,-1.5612602105923539,45.420785173113586
605,-0.1856800199694155,-2.2638781853255674,45.44955820529498
606,0.9493020130137504,-4.124541157225391,45.47523914421164
607,-1.2009592879165076,-5.14700348501739,45.497962772933896
608,1.3349286421554745,-3.7827925166876146,45.51786387453214
609,0.7245852846493217,-2.259662516726058,45.53507723207674
610,-0.2296635715221341,-1.1200740571158962,45.54973762863803
611,-1.050053976251668,-0.5119258710347263,45.56197984728639
612,-0.9026953618004018,-0.6692508941526574,45.57194625595305
613,0.7606135119560996,-1.5404321515925,45.5798186396364
614,-0.5897893430596273,-2.996006464867743,45.585795807927376
615,0.203139587737802,-3.7931177527258386,45.58997816498804
616,0.427405127485509,-3.5198356005686016,45.5924304730831
617,0.4796915626031491,-2.5728739725435634,45.59318240994041
618,-0.0702693094229763,-1.5219855727306328,45.592254882153604
619,-1.626642406133512,-1.6530263901828426,45.58966879631636
620,2.231220135818816,-3.41666519484109,45.58544505902227
621,-2.831839837259213,-2.6977647396058138,45.57960457686502
622,3.30897017500958,0.17886156855217106,45.572168256438246
623,-1.3973847914629065,-0.015772212872659175,45.56315700433556
624,-3.682371059215273,-2.13022066793538,45.552591727150656
625,1.8895368279832017,-3.720030159460336,45.54049333147714
626,3.333293860419475,-3.8601765843281304,45.526882723908656
627,1.8117931538753929,-2.5235739649142523,45.51178081103886
628,-0.1024701440445961,-0.8427383554167909,45.49520849946139
629,-0.6644548676713989,0.08726817190151381,45.47718669576989
630,-0.9533394898946954,0.49560318333669673,45.457736306558004
631,-0.9246222503455463,0.48774401192617545,45.43687823841937
632,-0.6014668329818729,0.08683343503421415,45.414633397947654
633,-0.0591667535706122,-0.4318559381658711,45.39102269173648
634,0.122904138268331,-0.4889711646478152,45.36606702637948
635,-0.2937269047218568,-0.1460604037484678,45.33978730847032
636,-0.8247439028607897,0.012539458258142663,45.31220444460265
637,0.2903376649365888,-0.6736770063066624,45.28333934137008
638,1.5169816315265212,-1.8701945368927906,45.253212905366276
639,-1.9351339210092684,-2.8767121221756016,45.22184604318487
640,0.0004566506634519,-3.1897163120829584,45.189259661419506
641,2.7858640464014,-1.7413387130652596,45.15547466666387
642,-3.1215762304662253,2.0010642649547066,45.12051196551152
643,3.359620541901549,6.005986993542285,45.084392464556174
644,-3.5132817715210067,6.466144701129566,45.047137070391436
645,-1.1850360161374265,4.176269326526459,45.008766689610965
646,1.804174555946379,1.2265232152451855,44.96930222880844
647,3.686721304989378,-0.6154858995668,44.92876459457742
648,3.1809704093047517,-0.06814603359503857,44.887175624290286
649,-3.7644230634570106,2.119861063497909,44.844561999959105
650,-0.8905375547084629,3.609589298860462,44.800948255848006
651,0.7972351540601671,3.346432567069555,44.756332278870275
652,3.6105078664025614,1.678777783755058,44.710714349842384
653,-3.39821775874749,-0.855879480465882,44.66409723921336
654,1.3755023221266909,-1.5419860395589113,44.616483717432224
655,2.670141065607924,-0.7380176205558979,44.56787655494797
656,1.6992298306009646,0.2824916471894049,44.518278522209634
657,-1.588141570935783,1.1204491812695407,44.46769238966624
658,-0.844485438146067,0.9283645103793013,44.41612092776677
659,-0.3272765723534092,0.46370966539312775,44.36356690696028
660,0.1157940800627702,0.07417282224145016,44.310033097695786
661,-0.2330066692338966,-0.022515601188385664,44.25552227042228
662,0.1785048903063111,-0.3785420858951059,44.20003719558879
663,-0.2045411036718772,-0.9390395399724737,44.14358064364434
664,0.3375983657298955,-1.423753750767853,44.086155385037955
665,-0.1387544641181544,-0.8890097261004953,44.02776419021865
666,-0.7869697374992186,-0.18144009213619827,43.968409829635405
667,0.9464909114073796,0.14541401485532424,43.9080950737373
668,1.3597200928398894,-0.20654278581319463,43.846822692973305
669,1.0941562325886878,-0.8787516903811379,43.78459545779245
670,-1.7862096679553252,-1.435206470688441,43.721416138643775
671,0.8892210350550167,-0.9865085410312804,43.657287505976264
672,1.942927577286,-0.4351399075249408,43.59221233023894
673,1.9832488924698783,-0.4094422743507218,43.526193381880844
674,0.7079823674100887,-1.1672612894885646,43.45927892207848
675,-1.7674963260022514,-1.624238528373144,43.39173485437539
676,1.5635320441970697,-0.8875220379415885,43.323989993744526
677,-1.3194209913781196,0.6330162442628153,43.25640474711531
678,1.0674980042716615,0.7431993674129802,43.18930262831536
679,-0.8444286263520218,-1.278575625826401,43.12300425217842
680,0.6851738884613462,-3.243004121999644,43.057830233538304
681,-0.620485031961291,-2.3736161552674697,42.99410118722876
682,0.6719385831955086,0.395923688720895,42.932137728083596
683,-0.8419614679980333,2.0797009970614675,42.87226047093657
684,1.1050206880741784,0.6301892813043595,42.81479003062147
685,-1.41102258379524,-1.3490244381768215,42.760047021972056
686,1.7056468020459403,-0.4139988618680843,42.70835205982214
687,-1.7591624490751117,2.099136690069627,42.66002575900548
688,-2.1125640019983782,3.4971752676425245,42.615388734355854
689,-1.083213895647977,3.508452294940931,42.57476160070704
690,2.367226519512268,2.094308507594902,42.538464972892825
691,-2.418719960111381,-0.08809950563560709,42.506819465746986
692,2.015863610863957,-0.49591975016352907,42.48005613929956
693,1.073660759967425,0.46829695019418605,42.45804228983839
694,2.6484478575474566,0.3510186617146096,42.44053348073793
695,-2.776203242952345,0.8489235121070409,42.42727973084531
696,-1.1957660400338008,2.777734981026122,42.418031059007674
697,2.9141670104657966,3.6832955054621035,42.41253748407209
698,-1.740077538965228,1.3295285140794881,42.41054902488575
699,-2.665420024601468,-1.9463956756942244,42.4118157002957
700,2.360189856453561,-3.1962773856026527,42.416087529149095
701,1.1596027814555263,-2.002717311748575,42.42311453029305
702,-1.5844751452809187,0.15182842270626085,42.43264672257466
703,1.2811058371582982,0.8244600380006332,42.44443412484107
704,-1.1411942768916097,-0.8170324790477668,42.45822675593938
705,1.168855647405348,-3.142630282122046,42.473774634716705
706,0.5703172007567399,-3.061144980776931,42.49082778002019
707,-1.777701168669793,-0.7314350420271352,42.50913621069692
708,-0.2143843492023255,1.685934403608283,42.52844994559404
709,2.5282521341657573,3.3232288622755677,42.548519003558674
710,-2.812477273389695,3.8033838699517952,42.569093403437904
711,-2.491351318404619,4.0114343895544256,42.5899169288502
712,2.906119359288606,3.003194602553048,42.61068603815835
713,-2.7642948206529088,0.13331115052385978,42.63098367012904
714,2.5449965245002213,-1.1952927354900291,42.65029621098981
715,-2.324120917995157,0.6560413387735371,42.66807957922161
716,-1.3848551637897228,2.7010686506701074,42.683786513119614
717,2.091055959570161,3.6120742894509776,42.69686975097885
718,-2.125375229404473,2.978593198310019,42.70678203109445
719,-0.9413610214354932,0.22838492967396418,42.712976091761526
720,2.393836250121087,-3.108740921396244,42.71490467127516
721,0.4434406689784,-5.1554611769088545,42.71202050793046
722,-2.571146475171853,-5.132629864850672,42.70377634002253
723,2.5136139688012697,-3.2032388746477145,42.68962490584644
724,1.686036663433962,-2.355055607131318,42.66901894369736
725,-2.190971130718745,-2.650440061151588,42.64141119187033
726,2.0675658365517986,-3.0938202252122684,42.60625438866047
727,-2.020027407068248,-3.1229738652946355,42.56300127236289
728,1.9773607972850225,-3.328465378557719,42.51110458127269
729,-1.841640844650488,-0.60837620903448,42.45001705368497
730,1.6179835454572034,5.502825026647978,42.37919142789482
731,0.8487008312500484,11.303218726552617,42.298080442197346
732,1.3766120194274232,12.417251145684915,42.206136834887666
733,-0.7730445980701524,9.070190654011997,42.102853944058154
734,-0.996265231066342,4.3683777240759065,41.98788750699043
735,-1.588368104255062,1.7274342434916838,41.86093386076338
736,1.7879370418737377,1.3903635946229171,41.72169936350335
737,-1.8051464578014784,0.23511621844330266,41.57003023935817
738,0.7384639589667433,-2.1446516389038495,41.406187679937105
739,1.5453872348055897,-2.775943169835657,41.23055593503007
740,-0.1638322801762083,-0.879692793338043,41.04352507351425
741,-1.4945053374772954,1.6490201732104786,40.84548516426682
742,1.6639845506284496,2.7991891732065826,40.636826276164975
743,-1.937930521444752,2.10999204335886,40.41793847808589
744,-0.5644057209401824,0.9651938820334207,40.189211838906765
745,2.325586664362745,-0.27662309186747713,39.95103642750474
746,2.931358848375679,-1.1851611611327004,39.70380231275703
747,0.1091971002132194,-1.5570966637540153,39.447899563540794
748,-3.5052927067939943,-1.4784255419392558,39.18371824873325
749,-0.2130559966260806,-1.0785924405854834,38.91164843721157
750,3.968073316646324,-1.2201535144992202,38.6320801978529
751,-4.185352019652725,-2.7100515798817346,38.34540359953446
752,3.6351635343049,-4.447172245438308,38.05200871113341
753,4.596206643522523,-4.348492245049474,37.75228560152695
754,-4.748160379218087,-1.5584639603741595,37.44662433959225
755,-3.327472472805288,0.3920574785988038,37.135414994206485
756,4.733010524344024,-0.5520581585908836,36.81904763424686
757,-4.471327542925179,-4.276584785665351,36.49791232859054
758,-2.004009814607373,-6.4183893315073215,36.17239914611469
759,1.0075553236779613,-6.320453479374512,35.84289815569655
760,2.858958004488028,-4.788757430701267,35.509799426213235
761,-2.259191679979572,-2.4243013465624146,35.17349302654198
762,1.7516200611758763,0.3540109132641909,34.83436902555994
763,-0.7244450993911669,3.1716276072468865,34.492817492144276
764,-1.1468751494375242,3.937646654265307,34.14922849517221
765,1.18100837713209,1.9549995193469913,33.80399210352092
766,-1.279509305575897,1.362001881967303,33.45750742360859
767,1.4333143231602985,2.3464687961003228,33.11021688073939
768,0.4484086387170927,1.788979568466868,32.76261179281604
769,-0.7701301618309916,-0.14511960998519247,32.41524977181618
770,-1.8037039533136927,-1.9150532752570724,32.06875722857077
771,1.8232570480173016,-2.357033941005879,31.723776892988578
772,0.4135172954540818,-1.8644942326160927,31.38097693716201
773,-1.7250233842397829,-1.2460752015713255,31.04109858581111
774,1.671107599552307,-1.4960084477632811,30.704900848210972
775,-1.3357922590264342,-2.357350474610312,30.373142733636744
776,-1.6876574692867157,-3.348929655836564,30.046587125123285
777,0.7512683222784589,-3.5472838385494154,29.726015516270955
778,1.281361053226612,-3.7635867897728756,29.412225736546265
779,2.0992683605837845,-3.9652870915261373,29.106018730942356
780,-0.929956020624254,-3.878239423828092,28.808195444452345
781,-1.8097166111503251,-3.1698402109190424,28.519556822069365
782,-2.662485422384903,-2.0384183864016414,28.240903808786538
783,2.744527073043918,-0.7575644226409153,27.973037349596996
784,2.136138849075538,0.10710276143058339,27.716758389493876
785,-1.4811873315691002,0.9683194580988086,27.472867873470292
786,-2.496840985138952,2.2146742386195775,27.242166746519374
787,2.279315169635595,3.905228876730147,27.025455953634257
788,1.390442489308498,4.996021070883451,26.823536439808056
789,-1.7756887323456394,5.028479582311728,26.637209150033915
790,-0.9280781552608,4.3508796576303075,26.46719849763049
791,-0.2661997585744609,3.8423947556665077,26.313805002907948
792,-0.270386039427505,3.9836044501683507,26.176781589259154
793,0.3334639748092258,3.5007726114245346,26.05576341376624
794,1.3952094639804555,2.5444049025081714,25.950385633511374
795,-0.646557272160451,1.4762738665837567,25.8602834055767
796,-1.6058307730948496,0.620738886050485,25.78509188704436
797,1.703283695378708,-0.14772993037521504,25.724446234996506
798,0.23794602116719,-1.7059276276824837,25.677981606515292
799,-0.4586917108565003,-3.186641447826389,25.645333158682888
800,-1.8340916970926229,-3.9920443514887833,25.626136048581408
801,-0.4241328534376989,-3.415892579855322,25.620025433293023
802,0.2757001111332745,-1.9423365810331523,25.62663646989988
803,0.8183814951415297,-0.10398581062565843,25.645604315484128
804,1.7552743277062723,1.5681615451658066,25.67656412712792
805,-1.7335932590530354,2.11444378660572,25.71914947244732
806,1.722336694470934,1.2146838177458996,25.772979487783168
807,0.2844396133197807,-0.28207903968656434,25.837639426366778
808,-1.705012313883722,-0.9476298774385502,25.91264219132227
809,0.065844405406285,-0.4730489581007461,25.997204552694466
810,1.6065624151110631,0.453131126214647,26.09030645867429
811,-1.494560063984124,0.643736992751917,26.190823071232206
812,1.33850628170416,0.23388060593879645,26.297613112357045
813,-1.1650629077210335,-0.1644723963166001,26.409535304037636
814,1.0250978574254346,0.03945377431177105,26.525448368262794
815,-0.9728959238313644,-0.8413151031899825,26.64421102702135
816,1.0269496859070757,-2.961631688209184,26.76468200230211
817,-1.1479669464010975,-3.387753069692821,26.88572001609392
818,-0.488413981713521,-1.9277698086720678,27.00618379038559
819,-0.2052541433043092,0.13032209613836737,27.12493204716594
820,1.4652477978427687,1.0539286937334267,27.2408235084238
821,-0.3305813592036373,-0.24213553694438306,27.352716896148024
822,-0.6905883777500496,-2.668882554577317,27.45947093232737
823,-1.4163871033242628,-4.453557235626445,27.559944338950704
824,0.4578637846547675,-4.250859622661627,27.652995838006866
825,0.6943274527559922,-2.18181160424062,27.737484151484622
826,-0.3297693661180137,1.3975013647451582,27.81226800137286
827,-1.252365639047718,5.145738803536888,27.87662683551083
828,-1.0572099733662423,8.075686968226476,27.931523005139766
829,1.6122545692705983,8.85945386675279,27.978291563976615
830,-0.3535816677049168,6.9555116142952205,28.018070053409694
831,-0.6252730610976163,3.7333467449633786,28.051926316134242
832,-1.5569891963365787,1.5160664203207013,28.08092277601588
833,1.5023471448456611,1.2315309982341112,28.10612185692023
834,-1.4622102433434203,1.0936242606304913,28.128585982712934
835,1.4689788680868214,-1.1183564453464123,28.149377577259592
836,0.4626839556060849,-2.9822430200319276,28.16955906442584
837,-1.564090675252859,-3.5261021928244634,28.19019286807732
838,-0.2388085191733171,-2.5635328929063266,28.212341412079642
839,1.5992896405565549,-1.8863567608550018,28.237067120298445
840,-0.0408048770271809,-3.0646275395721596,28.26543241659934
841,-0.5616504323478603,-5.096895776804391,28.29854620915225
842,-1.5535652138233509,-6.404157096289969,28.33772231011332
843,-0.0510788016113951,-5.913317607878761,28.384396409490158
844,-0.1571297757316176,-3.6228808990748957,28.44001067480652
845,-0.5718806192826614,-0.8040838002260814,28.505964419508736
846,-0.1476884382855106,1.4040420763794144,28.58364636190609
847,1.6011598501136683,2.5443949295784987,28.67444522030783
848,-1.5945513703318537,2.3548016573086454,28.779749713023204
849,1.578301448665719,1.5207499929727741,28.90094855836151
850,-1.5708696767879924,1.3314392021560286,29.039430474631967
851,-0.0648396730505256,2.548255492906685,29.19658418014384
852,1.684747574552311,3.791789100773836,29.373463324673857
853,-1.8464274099494344,3.6468831212767925,29.569544288672645
854,2.0737350253590647,2.6532445713659154,29.783020403275017
855,-1.1875776625275665,2.2357296581075947,30.011848004419974
856,-2.5495368075950675,1.505553379548591,30.253983428046475
857,1.167161784026836,-0.9245447941203498,30.507383010093513
858,2.7286617650095737,-4.5786868494177755,30.770025084408203
859,-2.624261705619046,-7.965716594725383,31.039978300344423
860,2.4028045322761225,-6.308147132937415,31.315342600661292
861,-0.6000790502016817,-0.8441460846419515,31.594225134843626
862,-1.873736837661037,3.158955035980222,31.87478180168081
863,1.7062431304880232,2.6084389658683804,32.1553179036436
864,-1.644847928640684,2.030568054277977,32.43427987436271
865,1.6498295860343974,1.7300233519616095,32.710147062004
866,-1.66170104898855,-0.4796990820700848,32.981400131058635
867,1.6484275741411334,-0.9749473201589449,33.24651974601781
868,-1.6154254441869125,0.2614388728142426,33.50398657137267
869,1.582146187750064,0.035572540635537275,33.75228127161439
870,-1.5624514982661342,-0.5974330129680281,33.98988451123416
871,1.5736691355020571,-0.7789460902251708,34.215276954723116
872,-1.655684715877675,-1.261254550694783,34.426939266572454
873,0.5288223217052259,-0.49217443297857244,34.62335211127334
874,1.8421867694318108,1.4848170772512437,34.80299615331695
875,2.797459092856026,4.138188849949535,34.96435205719444
876,-3.5852311692056595,6.189330681808683,35.10590048739698
877,-1.4658778943150657,3.949562239558328,35.22631565475674
878,5.444205021228307,0.7006048902524145,35.32519008851928
879,-6.166445432359263,0.6434954767245387,35.402949955634725
880,4.482718108336983,2.056862098897294,35.46041979276572
881,6.396200684042536,0.10531162021672846,35.49848769574074
882,-5.730848781702723,-5.587192978685453,35.51804176038818
883,4.639960534082756,-2.3599306166192053,35.519970082536446
884,-3.442798730273965,1.9576379722599746,35.50516075801399
885,2.497324939710141,-0.5518268223593892,35.47450188264926
886,-1.9966832648228148,0.2478017125521767,35.428881552270646
887,1.8923027584187648,-0.21149062112534855,35.36918786270658
888,-1.9792845160358048,-4.037024393749708,35.296308909785516
889,2.057744733418596,-3.9188775227544346,35.21113278933584
890,-2.0474568361405256,-3.0470907610454843,35.11454759718601
891,1.9900159933371824,-3.977457422501623,35.007441429164444
892,-1.966753218141065,-3.203949162958515,34.89070238109957
893,-0.4442296928920755,-1.6309888559277326,34.76521854881981
894,2.1476664156400984,-0.819544443793702,34.631878028153615
895,-2.3305315100374187,-1.4710374048919406,34.49156891492936
896,2.531991567608609,-1.2771708725841138,34.34517930497551
897,-2.709256497474277,0.4956592033537903,34.19359729412049
898,-0.7271210504239989,1.869410072231283,34.03771097819271
899,2.89953057643697,1.9820609705423973,33.878408453020626
900,-1.210694821436246,0.5741170070035952,33.71657781443265
901,-2.48897692412149,-1.2941291963203008,33.55310612044179
902,-2.717885478177064,-2.4209747027962747,33.38886018097333
903,-0.2460789448720266,-1.8985501103642703,33.2246290552363
904,2.3600436515778878,-1.231169291975313,33.06112564039743
905,-0.3947950317356604,-1.7341946737905864,32.898989705526255
906,-1.991288005586366,-3.057491246546662,32.73877925213303
907,1.8854192740904248,-4.006426394213042,32.58100712012262
908,-1.875172502226319,-3.140904005481679,32.426076507708
909,-0.2252016155007522,-1.8991615871784435,32.27436320267919
910,2.145256819563249,-1.1014806162071364,32.126223796643885
911,-0.5367613141333917,-1.5951767823470562,31.98193809648045
912,-2.6490772102076225,-2.3226895026773127,31.841766712884937
913,0.7097980323338162,-2.855756655018072,31.705958622684257
914,3.136725163828753,-3.1614414310575785,31.574716267228826
915,0.7308983883374925,-2.9091288423374215,31.448230453999933
916,-3.388301743695307,-2.378390246783532,31.326691990478842
917,-1.5294565100760436,-1.5608351740707773,31.210291684146824
918,0.4802256578770249,-0.6494460003622129,31.09922034248519
919,3.1509491077353395,-0.13461788071055364,30.99366877297521
920,-0.1994722821541817,-0.08435550094397432,30.893827783098153
921,-2.662940677501485,0.2630524971661678,30.799888180335323
922,-2.2049405284219774,1.802899756253986,30.712040772167988
923,-0.1834442684093184,3.912967902331897,30.630476366077424
924,1.8959205718916543,5.3486936585634295,30.555385769544912
925,-0.8359235059583702,5.348963715906621,30.48695979005175
926,0.6088372191164149,3.9657735458043835,30.4253892350792
927,-1.8485508251607043,2.977685913052141,30.37086491210856
928,-1.2930070317868014,2.469429403165707,30.323577628621088
929,2.289813833422191,1.9264679744797244,30.28371819209809
930,0.2309554562941361,0.5675671336850369,30.251477410020822
931,-1.0454240637377026,-1.23162202613289,30.22704608987059
932,-2.2426976421465383,-2.80791739698213,30.21061503912867
933,-3.69223539219182,-3.8701396730845046,30.20237506527633
934,-1.3470551828681296,-3.955461792926723,30.202516975794858
935,0.3808407841176598,-3.202061674088709,30.211220889971056
936,1.8949857912040495,-1.993563267624647,30.2285774764206
937,3.395410626740732,-0.5198240404818613,30.254413413741137
938,4.867452933095497,1.0443065320294411,30.288240534875065
939,-0.3891546136576017,2.2396588781839455,30.329495735473657
940,-4.695328019285507,3.2777142148575065,30.377613804428
941,-4.717044625043567,4.275015094414352,30.43202953062921
942,-2.7350496054821694,5.2328719025137636,30.492177702968405
943,3.942406729580485,5.3501001600828335,30.557493110336683
944,-0.3212695623759754,4.673859020750827,30.627410541625146
945,-3.00241324506756,3.301048459342649,30.701364785724913
946,1.2366131382522652,1.9845962302206719,30.778790631527073
947,1.998264682821465,1.1426124492558039,30.85912286792273
948,0.6593408872946732,0.3988628289023026,30.941796283803026
949,-1.2735347279687452,0.14728905990971453,31.02624566805903
950,1.141583127182858,0.6365110632352632,31.11190580958188
951,-1.2171653383841805,1.698953841121525,31.19821149726266
952,1.3805968901971533,2.184805589810366,31.28459751999248
953,1.908981337786528,2.7205199955510135,31.370498666662456
954,-1.083367375667526,3.628017649503843,31.45534972616369
955,-3.2984877723379515,4.159902284950672,31.53858548738728
956,-1.2748191244963305,3.255178385271981,31.619640739224348
957,4.7407939159239065,1.5612309954859076,31.697975088590194
958,-5.328563599854389,-0.20458662961540908,31.773150229469792
959,5.718664174233251,-1.563428107997254,31.844763933764007
960,3.3005922940010093,-2.813025199729152,31.912432905728146
961,-5.689179597606993,-2.8966627672336536,31.975842364840652
962,5.243606733966977,-1.2783181794744678,32.03471144550749
963,0.1015084941865469,0.20971231319890626,32.08877919261455
964,-3.795285310475788,0.8174541314254906,32.137831179050295
965,-0.7118946039434736,0.6001945140941021,32.18170008984937
966,0.4039174168518964,0.35581586168264834,32.22026672146546
967,0.8364209611559512,0.010131074292831332,32.25344796455121
968,1.5623229845645803,-0.8434942968143664,32.28117131224979
969,-0.3407034077909564,-2.262661840658579,32.30336524844954
970,-1.6424469639561647,-3.947511293082716,32.31995825703888
971,-2.0955806430252344,-6.175298178880979,32.33087882190621
972,3.2371880258256134,-9.103243452765529,32.33605542693992
973,-0.3429346112457179,-7.992481944782673,32.335416556028385
974,-5.284814393941329,-3.0440762991187036,32.32889069306003
975,6.10258589418663,2.581007783890139,32.31640632192323
976,-6.325071471633394,3.0571795451270116,32.29789192650639
977,-6.558312903571662,0.4150369128737841,32.27327599069788
978,-1.3890158983346803,-2.1134711000514566,32.242486998386134
979,3.0222275196081503,-3.617680953067662,32.20545343345951
980,6.22776481603051,-3.619868595836934,32.16210377980643
981,5.315297363111986,-1.9276638844272553,32.112366521315266
982,-0.3355187746659244,1.0093486327914947,32.056170141874425
983,-5.238433741843492,2.7049906164711897,31.993443125372288
984,-0.7510800613302442,1.2269661056329642,31.92411395569728
985,4.889746077276637,-1.1378571940144004,31.848111116737766
986,2.386702142586264,-2.112065234968406,31.76536309238214
987,-1.1595671932281633,-1.6762311732906503,31.67579836651882
988,-5.007079714048818,-0.612269842408836,31.579349556457657
989,5.092531116270682,-0.16853491841481227,31.47600380214412
990,-3.303521250485397,-2.3623830822585843,31.365904332743984
991,-5.1288558249852,-5.770376541387453,31.24923236637266
992,2.2935099386648683,-7.979679059810463,31.126169121145598
993,4.87920816010387,-7.896103975282099,30.996895815178227
994,-0.372817240138583,-5.30877642644743,30.861593666586018
995,-4.3736908639679255,-1.9567789180758264,30.72046978204375
996,-3.549242635429118,-0.19460738665521893,30.573850022084336
997,2.544929689625485,0.5529207804538061,30.422149529920716
998,3.5268344004032524,1.207358755649667,30.265806843947082
999,-3.3417964801606583,4.736542339580561,30.105254140580097
1000,3.251365846886379,13.857713582445536,29.940920570668084
1001,-3.255479716419005,20.53224464100346,29.77323507541555
1002,3.313767960351287,14.13360544362174,29.602626596026962
1003,-3.361384612838497,2.2818605391316336,29.42952407370686
1004,2.800492074866173,-3.704848524525866,29.254356449659692
1005,3.1577421806051604,-3.885294845695129,29.077552665089968
1006,1.6394985117684393,-2.189040172970616,28.899541661202175
1007,-0.3907900850503615,-0.3199622941504492,28.72075237920081
1008,-1.4471016768476117,0.9154879165572383,28.541613760290375
1009,-1.8694254864765572,1.5168707408012154,28.362554745675347
1010,-1.6485601483089782,1.4745558717487572,28.184004276560223
1011,-1.2440928133860978,1.2477015192365921,28.006391294149502
1012,-0.8678779836202098,1.0477332439725213,27.830144739647686
1013,-0.414166446884442,0.7684728926252049,27.65569355425924
1014,0.9504780069797106,-0.4239446861683869,27.48346667918868
1015,0.206624561951444,-2.0005176175919246,27.313893055640484
1016,-0.684026767535139,-3.49337485728401,27.14740162481915
1017,0.3607919025856966,-4.375213230514877,26.98442132792918
1018,0.4598988759386762,-4.315278524234993,26.825379648296316
1019,0.1295633971338961,-3.8302218897502374,26.67065849261634
1020,-0.0389777168103308,-3.481486837595379,26.520464554405716
1021,-0.1949144005269975,-3.1799912821765375,26.374905682703538
1022,-0.0723696318352475,-3.161705319873132,26.234074951708383
1023,-0.5936153760512217,-2.504450059567522,26.098065435618743
1024,-0.0415586796168774,-0.6254112320383912,25.96696991165527
1025,-0.0905177960978509,2.079639357995818,25.840878438102028
1026,0.7968199748324996,4.093305373001728,25.719874652165768
1027,-0.1140792880751095,5.120038628046733,25.604040660028375
1028,0.9245826607588258,4.1919587713694435,25.493458567871734
1029,-1.2436677430142458,3.4054572611365295,25.388210481877724
1030,1.0458695122915196,3.975751979480254,25.28837850822822
1031,1.1853167882269429,3.930638458667913,25.19404475310514
1032,-0.2019821276357932,2.376690804945442,25.10529132269035
1033,-0.991639291655944,0.5194389684902176,25.022200323165727
1034,0.3561375680144339,-0.7509914287276047,24.94485386071318
1035,0.639681780672015,-0.9630158221865837,24.873334041514582
1036,-0.5192665860117093,-0.7884563857400779,24.807722971751787
1037,0.4487098317160697,-1.6968125893228003,24.748102757606727
1038,-0.4362654926406404,-2.758265996783763,24.6945314894244
1039,-0.2753066824589954,-2.8716645639122427,24.64697124637124
1040,0.587848310409094,-1.9432008560674994,24.605352545658405
1041,-0.7256173265599705,-0.4939359883724723,24.569553314932442
1042,-0.5604029956172747,1.7110457588066783,24.53935723681059
1043,-0.3317959938339134,4.017269622482656,24.514526371351252
1044,1.2274711955943025,5.2877060257929145,24.494822778612793
1045,-1.095902596312041,4.525894077658469,24.48000851865357
1046,-1.5462429572018586,2.196397305669895,24.469845651531966
1047,-0.864704937321171,-0.9893912999851968,24.46409623730637
1048,1.7902553710568123,-2.9527777070919505,24.46252233603514
1049,-1.8024156000987392,-1.692470407677913,24.464886007776652
1050,1.7415544756338597,0.4174962117768505,24.47094931258929
1051,-1.6275574965032824,0.1370831859718577,24.480474310531427
1052,-0.5740396887172906,-0.8191833729441191,24.49322306166141
1053,1.4282073078409168,-0.5371649338785719,24.50895762603765
1054,-1.4512075074619426,0.42376744374343267,24.527440063718508
1055,1.6114021368256113,-1.4598345715879737,24.54843243476236
1056,-1.917979244007905,-3.433717555219671,24.571696799227574
1057,2.353277770831585,-2.550272988004112,24.59699521717253
1058,0.7353539180222083,-0.3594436666778009,24.624089748655592
1059,-1.6133294067759594,1.6105869530408032,24.652742453735158
1060,-4.029191591456015,1.5364761989864424,24.682715392469575
1061,1.0627919638347905,-1.3665635719303408,24.713771608095545
1062,4.64703550425086,-5.392742846595258,24.7457073423444
1063,4.346949779422267,-7.525400690580154,24.778450911157893
1064,3.0350178213351238,-5.847033829221656,24.812016007886534
1065,-5.142143415406316,0.2957130616185579,24.846430353787756
1066,4.673916807463602,5.444361522417446,24.88172167011895
1067,-3.927646972666664,3.2097292945291445,24.91791767813752
1068,-1.998537693032373,-1.1765084060685012,24.955046099100876
1069,2.0735618087830203,-3.166696463049412,24.993134654266388
1070,-1.2911575098484145,-1.741053555043077,25.032211064891484
1071,0.7751560583609212,-1.9874591105945103,25.07230305223359
1072,-0.5424438635325791,-3.1009944740174884,25.113438337550065
1073,0.0061056543996274,-4.161750296497967,25.155644642098352
1074,0.653454652374929,-5.492404339510728,25.198949687135798
1075,-0.8376741310375451,-6.4057070628822945,25.243381193919838
1076,1.054966065183963,-3.9439329488918586,25.288966883707896
1077,-1.2806348371758662,0.5849003594185265,25.335734477757338
1078,-1.0374399024881291,2.753728205162544,25.38371169732559
1079,1.9486709952139465,2.418402741116016,25.43292626367004
1080,-2.230862272428738,0.6474563743806391,25.483405898048098
1081,2.4152090508275097,0.7796126274553324,25.53517832171716
1082,1.9187047008683764,2.493024043196992,25.58827125593463
1083,-2.407524583177246,4.764812161219332,25.642712421957903
1084,-1.7493835356038063,6.0508539945593895,25.698529541044415
1085,1.1904748403524898,6.053774825195972,25.75575033445154
1086,2.009124456998729,5.176473019564603,25.814402523436666
1087,-0.0131924296946205,3.838678600437394,25.87451382925723
1088,-1.754700820107131,2.5985888469365293,25.936111973170604
1089,0.2076663066447119,1.7931090169210726,25.99922467643421
1090,0.542395176422818,1.3937251632717338,26.06387966030545
1091,1.8169076058959448,0.05298774806234241,26.130104646041712
1092,-1.9407103882054424,-1.8572169666949705,26.197927354900408
1093,-1.9103162654476449,-1.9570592426913005,26.267375508138947
1094,2.2711720202207504,1.3903511527645342,26.338476827014723
1095,-2.39325921278293,5.982000179997804,26.411259032785125
1096,2.44007232145662,6.074177831835799,26.485749846707577
1097,-2.380710600735035,2.3187336106955483,26.56197699003949
1098,2.211251976592829,0.1487798393689359,26.639968184038235
1099,1.53476064936089,0.7354882006778869,26.71975114996122
1100,-0.2360229237725861,2.4246693147067147,26.80135360906587
1101,-1.3333931803772263,3.4385898977676543,26.884803282609575
1102,-0.6321382304752746,2.6520103386255487,26.97012789184972
1103,0.7943345579394717,1.1383102840167902,27.05735515804374
1104,-0.6254427884715261,0.77892381287529,27.14651897559624
1105,0.5421494977269641,2.220171075263802,27.237679427009233
1106,-0.5469749556881337,3.2160662057223313,27.33090874996581
1107,0.6430443185151514,1.9306750038273424,27.42628067765751
1108,-0.8316086929835251,0.30774937568419114,27.52385931729934
1109,1.164100869957615,0.2122288578423781,27.623670272200016
1110,0.7018826626035414,0.5723878177047599,27.725729519691694
1111,0.6247166029120179,0.5452303599814519,27.830053037106538
1112,-2.2270858524126016,2.090429050635921,27.936656801776685
1113,2.5828207835657597,4.371622425399958,28.045556791034283
1114,2.5114900555012887,4.331740962287213,28.156768982211496
1115,-2.8333993256811003,2.0630899730406154,28.27030935264048
1116,1.79822565640125,-0.18441953605464423,28.386193879653394
1117,2.620565271048961,-1.1250038116313263,28.504438540582363
1118,1.8625973586588025,-0.48765667141837254,28.625059312759575
1119,0.2571006166079412,0.9948272098749021,28.748072173517155
1120,-1.25887791046539,2.3853848102781137,28.87349310018728
1121,-1.8034750041252048,2.8021369340231264,29.001338070102083
1122,1.5539141485783432,1.3144627908279338,29.13162306059373
1123,0.7718280112762914,-1.236192060270643,29.264364048994352
1124,0.2746528994484594,-3.754229912084586,29.39957701263613
1125,-0.9768638294470312,-5.030414099404176,29.53727792885121
1126,0.8820195765189279,-4.679502351490658,29.67748277497173
1127,0.6154096645758057,-4.555617192905659,29.820207528329856
1128,-0.9888784603080026,-5.686589705949738,29.965468166257743
1129,1.266161094950119,-5.759441761037662,30.11328066608754
1130,-1.7128898609856889,-3.650761515306357,30.26365137629205
1131,-1.5580200326075115,-3.558528097299115,30.416548129906623
1132,2.724627023998814,-5.466556155106135,30.571929131107325
1133,-3.129191804847816,-6.600560779222301,30.729752584070116
1134,3.386695059809455,-3.676632878601737,30.889937818792276
1135,-2.8441648498741023,-0.6680838186819233,31.052248668556025
1136,-3.5553546292925926,-0.12105546317217808,31.21641009246477
1137,1.001809878651663,-2.0939569282735984,31.382147049621942
1138,2.8342704767572253,-4.093454975888192,31.549184499130963
1139,3.4475760733034475,-4.874823473398737,31.717247400095292
1140,2.5424985581974098,-4.138559269815763,31.88606071161835
1141,0.6448016332052551,-2.4101510260088137,32.055349392803556
1142,-1.474292116964659,-0.4605462857896989,32.22483840275435
1143,-2.8142217125543727,0.7099690119802,32.39425270057417
1144,-2.937034786641638,0.6637175412751786,32.56331724536646
1145,-1.5035603210230075,-0.938196675211592,32.7317569962346
1146,3.295144921192932,-2.8744418334750144,32.89929691228209
1147,-2.6923193971690043,-2.9133425554433043,33.0656619526123
1148,-3.0066182364157634,-0.023958839912950877,33.23057707632871
1149,2.714980185738564,3.8912525717267012,33.393767242534736
1150,-2.3172090328242683,5.282251622490469,33.55495741033381
1151,1.872819662874684,4.413307798295976,33.713872538829335
1152,-1.4820579380383123,3.611820350913525,33.87023758712479
1153,1.235541179414474,4.340681306261958,34.02377751432357
1154,-1.1700820554320062,6.5958647759028874,34.17421727952912
1155,1.2586067241964043,6.420111433958709,34.32128184184489
1156,-0.4334370781936525,3.7687409178193643,34.46469616037429
1157,-1.6260291608648791,1.0418439666441377,34.60418519422074
1158,1.773897003910377,0.48662909360192597,34.739473902487696
1159,1.649726040392598,0.47998671532880355,34.87028724427859
1160,-1.7699222170612552,0.07357203836441428,34.99635017869684
1161,1.6451004995792922,-0.7624881644251849,35.11738766484589
1162,-1.4603405961173648,-1.3727840657118024,35.233124661829166
1163,0.2887657846831749,-0.6320656543478345,35.343299869664655
1164,1.0080451237404022,0.8442378770741805,35.44771699918542
1165,-0.7823500509725224,2.536101647203332,35.546248403769184
1166,0.587877645422499,3.6632870186141426,35.63883533596336
1167,-0.0283762868757585,4.192942525557238,35.72543376131852
1168,-0.4379215327273145,5.331921887342072,35.80599964538525
1169,0.5689760117496152,7.550535034536219,35.88048895371416
1170,-0.8853359298606165,8.936478278004754,35.94885765185586
1171,1.387766358212465,6.601171936426635,36.0110617053609
1172,-2.029068666201892,2.5920115864219953,36.0670570797799
1173,1.504279652615126,-0.9910793932785638,36.11679974066344
1174,3.3917184948524115,-2.9219641484145358,36.16024565356213
1175,1.177833748360669,-2.875184532387214,36.197350784026554
1176,-4.297036399079676,-0.8810346985276152,36.2280710976073
1177,-4.098085163283447,2.0057226034284903,36.25236255985495
1178,4.27285391017241,2.5769649535074715,36.27018113632012
1179,-3.8678155161805448,-1.6736672763728497,36.2814827925534
1180,-2.2039406080117825,-6.412282886093573,36.28622349410536
1181,2.637276184715055,-8.481635391241666,36.28435920652662
1182,-2.076565388172265,-6.79928050719548,36.27584589536775
1183,-1.0283008986790685,-5.10233862750028,36.26063952617935
1184,1.529712254840602,-4.6284083193526175,36.23869606451202
1185,-0.7990476044422453,-5.580923871474104,36.20997147591635
1186,-1.8936346113306275,-7.4307871146123095,36.17442172594294
1187,2.355744994266506,-8.947747774408867,36.13200278014236
1188,-2.1380507352699523,-7.354619868795267,36.08267060406522
1189,-3.397639509246955,-3.378773931211189,36.026413440458136
1190,2.226127230729567,0.8105026096703032,35.96337015960013
1191,3.821265628093972,2.224936387946407,35.89379798395962
1192,-3.5916747863682232,-0.22630086838511687,35.81797565475334
1193,0.2108809417851997,-0.7470628549832226,35.736181913198024
1194,2.1181646072178526,0.9531398922717367,35.64869550051041
1195,-0.2049231237628517,2.6491279658555964,35.555795157907255
1196,1.3697798671972337,1.1724605061974902,35.457759626605274
1197,0.2743060580684293,-1.4291737058896516,35.35486764782122
1198,0.1744420624999317,-4.641840025271778,35.24739796277184
1199,-1.281566655630614,-6.154062657043255,35.13562931267388
1200,1.4311201678671823,-5.990960606611214,35.01984043874403
1201,-1.5255118525467335,-5.964798229652353,34.9003100821991
1202,0.1278640035889256,-4.755180987844698,34.777316984255776
1203,0.8464099189369729,-2.3275498050677896,34.65113988613082
1204,0.5652737994539498,0.9126686715050822,34.522057529040964
1205,1.5944342417231898,3.5952171040738423,34.390348654202974
1206,-0.4310679236644822,5.754775920830932,34.25629200283355
1207,-1.659867503392396,7.5197011872429425,34.12016631614945
1208,1.6612545527981886,8.336495111834388,33.98225033536742
1209,-1.6528507070519536,7.390027905347767,33.84282280170419
1210,1.6859322416581095,6.611905301965388,33.7021624563765
1211,-1.8150357088938716,7.404487668292772,33.5605480406011
1212,1.7624708274922614,7.8892708769130255,33.41825829559471
1213,2.575415575240082,7.219012462185811,33.27557196257411
1214,2.934370891547629,5.932861325696389,33.132767782755984
1215,-3.540716869782054,4.860592372424942,32.99012449735711
1216,4.239596179957786,4.492500132367283,32.84790368767492
1217,3.846442121705968,5.147259582964342,32.70629829532969
1218,-5.772031987278644,6.216559126438867,32.565472860839776
1219,6.5246241553431,7.0498440905008435,32.42553175415606
1220,-7.216021242394593,6.599513961697099,32.2865072806975
1221,-2.5302643149157995,5.221847774870064,32.14841654004574
1222,8.299532025956147,3.6191913422613844,32.01127663178247
1223,6.629903703574321,2.084991640936374,31.875104655489306
1224,3.7934525521317006,0.9966297371203829,31.739917710747918
1225,-5.654324610916819,0.6785917137768589,31.605732897139948
1226,-8.803442199237285,1.300874884990196,31.472567314247083
1227,-7.923498014331701,2.9530599526807517,31.34043806165095
1228,-6.750744762332618,4.551382523399418,31.209362238933206
1229,7.463605419673036,4.9270376346514535,31.079356945675507
1230,-6.6998971170908606,3.5494578356313626,30.950439281459506
1231,-4.575868072593787,1.9532417267269246,30.82262634586686
1232,4.9125060286750974,0.6415587328456885,30.695935238479215
1233,-4.02876376538332,-0.5416192934949021,30.57038305887822
1234,-1.7395624446695788,-2.706424461975971,30.44598690664555
1235,0.6855738577742629,-5.008337739137107,30.322763881362846
1236,1.9774811514216133,-6.178212234033377,30.200731082611764
1237,-0.6911457570664077,-5.988759852907559,30.079905609973963
1238,-1.2344959232392425,-5.325808639791842,29.960304563031077
1239,1.086828736031472,-5.198773777396256,29.841945041364788
1240,-0.823592847118302,-5.741251297438426,29.724844144556727
1241,-0.643552520340213,-5.805466451848353,29.609018972188565
1242,0.6343815088428151,-4.648868132684763,29.494486623841944
1243,-0.5700963122593306,-3.3311678868392,29.38126419909852
1244,-0.3632292547665127,-3.4261395427734467,29.26936879753996
1245,0.7789191009071784,-4.45773661965508,29.158817518747895
1246,-0.8854180861177152,-5.234209376186266,29.04962746230398
1247,0.9128460541102152,-4.634661781900123,28.941815727789905
1248,0.0691103057204159,-3.6845097205076986,28.835399414787286
1249,-0.4262743079123555,-3.0841068741714808,28.730381182083832
1250,-0.5650146842760514,-2.841680815206161,28.62669549948221
1251,-0.2072915902122567,-3.096929102542178,28.52422069275444
1252,0.5256532492427588,-3.7284779111060273,28.42282466186327
1253,-0.5424043112433208,-4.619970995528183,28.322375306771505
1254,0.2300233848665662,-5.292763912308504,28.222740527441935
1255,0.6652694027702593,-5.629057626607634,28.123788223837373
1256,-0.0080785936818251,-4.857307702238765,28.025386295920587
1257,-0.8432345197049206,-3.9241681239494506,27.92740264365437
1258,0.893137982003073,-3.2428431490045875,27.829705167001514
1259,-0.9295396108020864,-3.872622155122734,27.732161765924825
1260,0.9816753505953392,-3.3963156909824113,27.634640340387065
1261,-1.0744738317285922,-1.242534958622472,27.537008790351067
1262,-0.4316594821088658,0.7325244663292788,27.43913501577959
1263,1.345748749710968,1.8233643336536116,27.340886916635423
1264,1.1656445698844675,2.1022230372341593,27.242132392881373
1265,-1.6048513943292968,1.9221120498490565,27.142739344480244
1266,1.6628419504436067,1.5045823781616008,27.042575671394793
1267,-0.0713987205410636,0.3198894469532272,26.941509273587837
1268,-1.1159377341007026,-1.2534703169214567,26.83940805102216
1269,-1.5801153363188578,-2.2260245673416934,26.73613990366055
1270,0.2967125515672391,-1.708285283033038,26.631572731465795
1271,0.9830345338058152,0.22139103179348218,26.525574434400703
1272,1.134752041644165,2.937235045927774,26.41801291242806
1273,1.2487608123805465,5.982483122108817,26.308756065510636
1274,-1.5670680833905668,8.90939628977932,26.197671793611246
1275,1.565178501266445,10.300193502040877,26.08462799669268
1276,0.0699148047476009,9.170592620534686,25.96949257471771
1277,-1.359419068073041,7.1972856404238925,25.852133427649143
1278,-0.7144895148433599,6.672055903378746,25.732433611464614
1279,-1.4574089770052845,9.057069818005644,25.61033915899964
1280,1.3569225883377658,10.737243954600299,25.485833457061936
1281,-1.1877393329418873,8.708785940633803,25.358953392308088
1282,0.9720606636200184,6.678190698222711,25.229748638157275
1283,-0.7756838636119814,6.117414995583332,25.098268868028647
1284,0.659468222557715,3.965968022100891,24.9645637553414
1285,-0.656356538838498,2.4576735653238346,24.828682973514667
1286,0.7785155114057678,3.710808292626599,24.690676195967633
1287,0.0080670566036,4.621339847276932,24.550593096119467
1288,-1.4064344768252124,3.2579511294358756,24.40848334738934
1289,1.8996524671626525,0.09595090964094455,24.264396623196408
1290,0.7108897311640289,-1.1992723281238729,24.11838259695984
1291,-2.222310818867021,-0.4781801232317998,23.97049094209882
1292,-3.619932473867359,1.0691611418348612,23.820771332032507
1293,4.058430736837578,2.1122958229823814,23.669273440180042
1294,-4.310957302826857,1.8449103628662307,23.51604693996063
1295,4.319521746779325,0.5493367484272684,23.36114150479341
1296,-4.076620394828104,-2.0679864132694767,23.20460680809758
1297,-2.945401918622534,-4.751090604669742,23.04649252329228
1298,-2.2593392944093664,-6.807509029387322,22.886848323796684
1299,0.2942074126728228,-7.8299312957027976,22.72572388302998
1300,1.8193506380573403,-7.672519512468636,22.563168874411293
1301,-0.1961782936750521,-7.163054677684786,22.399232971359837
1302,0.5187578349116269,-7.712723682206374,22.233965847294744
1303,-0.7504968258604141,-7.776920349774788,22.06741717563521
1304,-0.1910824071096056,-6.818554222690768,21.899636629800376
1305,0.6937236903078139,-6.0443975735172355,21.73067388320942
1306,-0.7774927026258809,-6.043096451121464,21.560589153747348
1307,0.8923809952535621,-6.071865636283339,21.389484641029778
1308,-1.001360456200601,-5.626111808050063,21.217472264250667
1309,-0.1557950224574687,-4.848868562585406,21.044663585042883
1310,1.051280294000631,-4.292450418682851,20.871170124682227
1311,-0.935658193515564,-3.8914452109289677,20.69710340444453
1312,-0.5796822379719264,-2.4828927076336615,20.52257494560559
1313,0.4971327486629139,-1.6348290181041376,20.347696269441222
1314,-0.2508856305353732,-2.631693266691863,20.172578897227233
1315,0.0780379355033703,-4.515372285742792,19.99733435023942
1316,-0.3100846218950728,-5.511989527858537,19.82207414975361
1317,1.0319086583428978,-5.288818475388487,19.646909817045593
1318,0.9216195026496388,-3.463572376040818,19.47195287339118
1319,-2.471191488823393,-1.586123351242796,19.29731484006619
1320,-0.4377079265186613,-1.9253993118277597,19.123107238346424
1321,3.0611654904797327,-3.5706070799874157,18.94944158950769
1322,5.936248230129409,-4.432677644955198,18.77642941482579
1323,4.824533225396992,-2.528715460973543,18.60418223557656
1324,-3.9566229017228345,1.9538113286870789,18.432811573035764
1325,-8.361669379980611,8.169240431501372,18.262428948479247
1326,8.544594941182721,12.842259175634473,18.0931458831828
1327,-8.361431365143876,8.326357466721637,17.92507389842224
1328,0.4355724328572204,-2.0938969483305803,17.758324515473376
1329,7.230255072182666,-10.333264327794646,17.593009255611975
1330,5.029606997217416,-9.418846637331335,17.429239640113913
1331,-5.725686424599491,0.1985592343445277,17.26712719025496
1332,5.002380624445211,6.670835948243861,17.106783427310926
1333,-4.311579205891007,5.793259333333368,16.94831987255763
1334,3.6187547615665534,5.489397191162569,16.791848047270882
1335,1.7015502567426932,7.5609702705308415,16.63747947272647
1336,-2.2494915928069656,9.07416592260676,16.485325670200204
1337,1.6456166502957612,7.628885188736321,16.335498160967916
1338,0.9623917332471762,5.899499800447429,16.1881084663054
1339,-0.7516542222171262,5.458386114728661,16.043268107488462
1340,0.4919514896339898,6.436975543329901,15.90107296703611
1341,-0.3619628391934566,7.430405626405023,15.76155721278844
1342,0.3370000502322021,6.868248396737585,15.624751553030208
1343,-0.3597256046420452,5.419002797013739,15.490722807628305
1344,0.3695039514634907,4.82094943427848,15.359546614258036
1345,-0.3539064982713418,5.672607887676673,15.23129861059467
1346,0.3690970317267312,6.524848533959743,15.106054434313528
1347,-0.5138699659696858,5.32998024287978,14.983889723089902
1348,0.6604281108587486,4.274691774542131,14.864880114599124
1349,-1.1632182633274206,4.234117016810962,14.74910124651645
1350,2.274350198851528,0.9090210446312463,14.63662875651723
1351,-3.040995989587998,-0.9965422926887291,14.527538282276723
1352,3.841890230721421,1.6062043078083184,14.42190546147026
1353,3.904070885447865,3.6361231827790013,14.319805931773129
1354,-3.8085745459340337,1.6872592150733907,14.221315330860637
1355,-0.5939966835704271,-0.22251261283765822,14.126509296408095
1356,1.429488507570832,-0.8249519736616041,14.035463466090768
1357,1.94942824235564,0.20231828006035385,13.948253477584014
1358,-1.158063659848496,1.7831086912854188,13.864954968563076
1359,0.5029568216815066,1.6513996016151813,13.785643576703318
1360,-0.118659557786656,0.7582646181066729,13.710394939679993
1361,0.2206466358934814,-0.9399313310618852,13.639284695168406
1362,-0.335640233418101,-1.6067482474257826,13.572388480843884
1363,0.4711908126556088,-1.1909727470373277,13.50978193438172
1364,-0.5545818629401612,-1.3869588305170435,13.451540693457204
1365,0.5552812507978635,-1.293021646543523,13.397740395745657
1366,0.395572655099161,-1.0840293340215321,13.348456678922371
1367,-0.6449948183529947,-1.2687703623096476,13.303765180662644
1368,0.8323928965566334,-1.5661344351984172,13.263741538641789
1369,-0.6922447670960774,-1.2562166234390104,13.228461390535092
1370,-1.6144197462503986,-1.4335806277674557,13.198000374017862
1371,0.9323570121546776,-2.93479113892008,13.17243412676541
1372,2.6771791316610174,-3.539017418114031,13.151838286453017
1373,-0.7321262590678279,-1.344162231688181,13.136288490756016
1374,-3.5188135966198573,2.5629532192701814,13.125860377349674
1375,3.692553622654149,5.736816793436535,13.12062958390932
1376,-3.6700235809593873,4.549351832849146,13.12067174811024
1377,-0.5430571878482001,1.4169946802204496,13.126062507627754
1378,1.9695008746160567,-1.1063783747532,13.136877500137146
1379,2.439428961060999,-1.59262132437472,13.153192363313714
1380,1.062192423500349,-0.23727515833313495,13.175082734832792
1381,-1.020874441308678,1.8182501889390394,13.202624252369631
1382,-2.394970850322875,3.1590782967232918,13.235892553599584
1383,-1.9389132464103416,2.6639499702124114,13.274963276197933
1384,1.5240325559675685,0.5560553861924724,13.319912057839957
1385,3.674931328102253,-3.185745864303252,13.370814536200996
1386,4.962121039404649,-3.1398673883609716,13.427746348956319
1387,-6.442681435283353,6.6818983015020965,13.490783133781257
1388,7.441082786375722,14.118916685273172,13.560000528351111
1389,-8.232077123467288,9.696602953126149,13.635474170341148
1390,-1.668252413180055,1.5409727157533677,13.717279697426683
1391,5.251969327875206,-5.4674589505982905,13.805489622723073
1392,7.107656169421339,-8.777788786723548,13.90013261730222
1393,5.483819991645683,-8.474928844107193,14.001108852461513
1394,1.9232937171812037,-6.121580872876045,14.108287155694839
1395,0.5537875693984854,-3.8753239238945287,14.221536354496042
1396,-1.4765050940473556,-3.0542017569217466,14.340706850969106
1397,-2.316604280128969,-3.318959099039394,14.465563379168369
1398,-1.8826591498416836,-4.763133111740272,14.595792261581963
1399,1.1650396629127415,-7.1460590362583964,14.731019373345653
1400,2.6577369707916048,-9.648595440171267,14.870858469379662
1401,3.657386033646273,-11.582309338250475,15.014923304604196
1402,3.683296710064616,-12.466124344004106,15.162827633939486
1403,2.4792276343125725,-12.043412846618317,15.314185212305748
1404,0.2918652989875752,-10.57047509361075,15.468609794623177
1405,-2.4597561839159385,-8.495958951896064,15.625715135811998
1406,-5.173752365929713,-6.41136262486273,15.785114990792437
1407,-7.514743001564841,-4.651680112919879,15.94642311448472
1408,8.309480392004263,-3.6687336538133,16.109253261809034
1409,-9.228100051507024,-3.3051191361785888,16.273219187685612
1410,4.796405533503986,-4.42434018053866,16.437934647034673
1411,10.153858593951874,-6.206871988728301,16.603013394776433
1412,11.643360727352958,-7.861429913184047,16.768069185831088
1413,-4.167918597253537,-8.684797177865347,16.93271577511888
1414,-6.053616107181559,-7.372950810378453,17.096566917560008
1415,-11.353134964122749,-2.606101403951962,17.259236368074717
1416,10.290413472773704,4.91924864564312,17.420337881583176
1417,-5.556661226923633,8.51717601391799,17.579485213005647
1418,-6.924488123707454,7.678196006445137,17.73629211726232
1419,-2.353838949810604,4.853466600537184,17.890372349273417
1420,3.156481461177636,2.5921788748632006,18.041339663959157
1421,-0.9117569947890454,2.52294917854928,18.188807816239763
1422,0.4941512556917493,2.9534581832728155,18.332390561035435
1423,-0.4248815274319445,5.913179874165541,18.4717016532664
1424,0.8021780664710613,9.38146708567607,18.60635484785287
1425,-1.7732773457784268,9.887313446063365,18.735963899715056
1426,3.179949819615613,9.559907616611182,18.860142563773202
1427,0.5037365267915964,12.117765228724554,18.978498244483855
1428,-6.56857371590733,14.34796284059661,19.090610875310716
1429,-0.9170319888268528,11.960984893436152,19.196047095390696
1430,9.63538986628188,4.330212556478694,19.294397577239423
1431,-10.720936149626942,-4.844401263464539,19.385337413091484
1432,11.41477087313594,-3.943333340074709,19.46856246693877
1433,-0.2709667775840378,4.977198174810875,19.543768602773167
1434,-11.663904524750686,11.633252840164134,19.610651684586554
1435,-3.269419099642043,7.610511523271226,19.668907576370817
1436,10.610264857178212,-1.3784969992960436,19.718232142117827
1437,-9.490777552991304,-7.23754369282818,19.758321245819488
1438,-9.359125142102403,-7.099745609365249,19.788870751467655
1439,7.556950107571319,-5.87652663062555,19.809576523054226
1440,0.8411856468834938,-8.971320071454581,19.820134424571084
1441,-3.1357652800565545,-12.254475039953556,19.820240320010104
1442,-5.291690532427483,-9.647899540935702,19.809590073363182
1443,5.353112532975755,0.7490079184020534,19.787879548622186
1444,-5.903307325693731,9.448502715914724,19.75480460977901
1445,6.687040259948165,-0.767101380773689,19.71006112082552
1446,-7.285024762903084,-6.52832018285053,19.653344945753613
1447,7.351077835387692,1.2545199077046454,19.584402256907662
1448,-6.799537602045266,-7.973708707443332,19.5032463094886
1449,5.823645133635255,-20.033849198471334,19.41020406483608
1450,-4.7632666405618265,-9.862401693174496,19.30566833373633
1451,3.929952006315676,4.510006838608106,19.190041155076223
1452,-3.499339448028423,8.825502083459808,19.063837364568613
1453,-2.155767612034284,7.61787320374716,18.92789440828713
1454,2.884282385285717,5.162552619719273,18.783164994995012
1455,4.748270233092605,3.701118088885229,18.630611678022163
1456,-5.891959117598463,3.6707621069000553,18.471197010698408
1457,7.301532195990665,1.202584257655685,18.30588354635365
1458,-8.864857868919096,-2.550775969398635,18.135633838317723
1459,10.44156255830378,-5.002972998224291,17.961410439920513
1460,-5.88883801796153,-5.245330618450508,17.784168636412044
1461,-8.206370524023505,-3.408464116699556,17.604834640723062
1462,-10.535942901103606,-0.2983844966008872,17.42432739770449
1463,-14.387927321424282,4.3943614692170385,17.243565852207237
1464,14.234983909054751,8.231564467499826,17.06345162344543
1465,-13.495129165720764,3.7903611926990246,16.884767973021734
1466,12.247272526252864,-1.4553571428986833,16.708084616645813
1467,-10.630557731471276,1.1366355165080524,16.533922214963223
1468,8.78667929601018,1.810519275370312,16.36280142861951
1469,-6.854102231439533,-3.6311406868207174,16.19524291826025
1470,-5.619881077490897,-5.271886267040097,16.03176734453099
1471,3.334249864317904,-0.9571452323952139,15.872895368077305
1472,-2.0501284081354525,4.330980758590706,15.719147649544752
1473,1.2025104489598026,2.496444701461315,15.571044849578872
1474,-0.7499730595351244,-0.09913456929014464,15.429107628825271
1475,0.3891687815541988,-0.07302542948367008,15.293856647929474
1476,0.6646837720431245,-0.22049633958017245,15.165812567537053
1477,-0.9186040967935344,-2.3168919515000193,15.045496048293558
1478,0.7751052386852596,-2.71853298952982,14.933427750844558
1479,1.7471232449479246,-1.5772515807835519,14.830128335835628
1480,-1.7148350883417316,-0.16118606043684003,14.736021148778576
1481,-2.7544009894356534,-0.32663502902564434,14.651036018461301
1482,-0.2000209420602795,-1.644568274007675,14.574589216067952
1483,2.7602218950476147,-3.2662177807850368,14.505995885737413
1484,4.059964810924502,-4.114536764819003,14.444571953894503
1485,-0.9627542919864556,-5.486879054977539,14.389633346963986
1486,2.431081073052117,-8.04157706442284,14.340495991370723
1487,1.442143210431747,-6.1386190239712235,14.296475813539477
1488,-7.127399872746302,2.4705111328512466,14.256888739895054
1489,7.284040025415762,14.134909277721958,14.221050696862285
1490,6.619873502883726,14.831848886250325,14.188277610865946
1491,-6.782038658011006,1.264153249680142,14.157885408330866
1492,6.20058920300213,-11.689779218683965,14.129190015681836
1493,2.034942509605508,-7.496449868949169,14.101507359343657
1494,-5.18493300319654,5.990779637455386,14.07415336574115
1495,2.7655620407970187,15.267996405895998,14.04644155330698
1496,4.504844468854994,13.557372233306554,14.017783297838442
1497,-4.29036631850202,3.692358614030992,13.988007704471027
1498,3.408232135771359,-3.9752442234344674,13.95701208766311
1499,0.2950842195807726,-5.57976816145128,13.924683941870505
1500,0.1207185727197811,-5.371629334268826,13.890910761549048
1501,0.0319333180675458,-5.247513359222091,13.855580041154546
1502,0.8494801063458668,-5.168059381488682,13.818579275142824
1503,0.5624224888944674,-4.84221844686415,13.77979595796969
1504,0.4924978286210322,-3.7816154127119908,13.739117584090955
1505,0.1263919193230001,-2.3228235672854676,13.69643164796246
1506,-0.2906299408865219,-0.7109957031534988,13.651625644040031
1507,0.3280410377812848,-0.022628104560727613,13.604587066779434
1508,0.4803572126384764,-0.12556062327502993,13.555203410636558
1509,-0.3511690075251267,-0.6321931625420412,13.503362170067163
1510,-0.0842917103407749,-0.8446591291863248,13.4489508395271
1511,-0.070102312033406,-0.8017546014387699,13.391856913472171
1512,-0.2700763868946256,-0.541891499463582,13.331967886358214
1513,-0.4662044216768954,-0.2829668309641209,13.269171252641016
1514,-0.1261425609421712,-0.5572511415775001,13.20339370251967
1515,0.6339280221407114,-1.2486590629560013,13.13473104081529
1516,-0.6040320208615988,-1.679336851634579,13.06336887249617
1517,0.5321709812358266,-1.0016812266467956,12.989510245410969
1518,-0.0490286335783859,-0.3443308516377144,12.913359485216098
1519,-0.1991760183258995,-0.11594489924212892,12.835120917568027
1520,0.0475223728201982,-0.28252124094339204,12.754998868123192
1521,-0.0340354317252692,-0.11916223081277261,12.673197662538037
1522,-0.0223511491156089,-0.047570477353414325,12.589921626469025
1523,0.0343517317027194,-0.019726817275292713,12.505375085572574
1524,-0.0141190629157457,0.11435669741059268,12.419762365505147
1525,0.0198923277873281,0.16681988028947065,12.333287791923198
1526,-0.032674986774111,0.30651929629094343,12.246155690483167
1527,0.1665432824977363,0.1948863005148238,12.158570416987445
1528,-0.0662949262760417,0.5155584595961311,12.070736466679907
1529,-0.2885851631131092,0.8257267227317492,11.982858440381357
1530,0.350958501453348,1.5239023480538019,11.895139150492845
1531,-0.1528603815183116,2.115134021715327,11.807726359802988
1532,-0.3925619984235728,2.4419872566112915,11.720574741812285
1533,-0.3591308472819742,2.4955396977633706,11.633591149518615
1534,0.5091691852946659,1.714148378785527,11.54668243591981
1535,-0.4863301366777847,0.17657468266402798,11.45975545401376
1536,-0.301675783442108,-0.9910412733561969,11.372717056798301
1537,0.2403396497310226,-1.4458137470023391,11.285474097271315
1538,-0.0211826017989799,-1.1367508266316697,11.197933428430645
1539,-0.0511554558555154,-1.0188464474186505,11.110001903274167
1540,0.3190271665836356,-1.3006135413833533,11.021586374799718
1541,-0.3141611078748904,-1.5784325881302816,10.93259369600517
1542,0.3000025743321469,-1.2029332942205286,10.842930719888379
1543,-0.0815227810420328,-0.7309815184051798,10.7525042994472
1544,-0.1839494014807194,-0.5372718861988058,10.661221287679517
1545,-0.1004023523989379,-0.5285861851842368,10.568988537583166
1546,0.309756979523031,-0.8454698816790513,10.475712902156012
1547,-0.3201910338451665,-1.111116445555513,10.381307479400682
1548,0.3189455996576777,-0.7546677615378454,10.28572216188017
1549,0.0029070884502679,-0.19187005456484102,10.18896296611458
1550,-0.1903917246138704,0.09932467747548146,10.091067047138395
1551,-0.3721138948020724,0.3800033258087396,9.992110568993326
1552,0.4847287475993763,0.6230886161801275,9.89218263622049
1553,-0.5352280024532946,0.7438546241738517,9.791373378279442
1554,0.1850467381352222,1.1251803372350393,9.689772924629736
1555,0.4883723269689856,1.4241562683000657,9.587471404730948
1556,0.5388327160492715,1.4766083359080804,9.484558948042647
1557,0.0191750705627342,0.9496992454128657,9.38112568402439
1558,-0.5127879819813146,0.5555262398455538,9.277261742135764
1559,0.4458468680975415,0.6310958800661489,9.173057251836308
1560,0.2503244443984028,0.9310732130159906,9.068602342585603
1561,-0.0914984366388559,1.3775112927956392,8.96398714384322
1562,0.02956660924025,1.3611316056910372,8.859301785068713
1563,-0.1351508840664921,1.6305152086040182,8.75463567546247
1564,-0.1609445520646245,1.7608692197919802,8.650075332272646
1565,-0.4356443410039984,2.1399378321778846,8.545706508826115
1566,-0.76691947099954,2.5753045234652885,8.441614947534255
1567,-0.5729438213268262,2.485057430518407,8.337886390808425
1568,0.1997092332628362,1.8156841856771722,8.234606581059992
1569,1.338012227936363,0.7801265113633011,8.131861260700333
1570,-1.353988334143052,-0.06575199310538604,8.029740327248447
1571,1.2694193143592751,0.032213530867696405,7.928367154773021
1572,-1.101402417815581,-0.6065405371185013,7.827942954934091
1573,-0.0602297753424696,-1.5484812949809665,7.728711070323442
1574,-0.070704677777502,-1.44021739490773,7.63092207268523
1575,0.1851075283912273,-1.0599343049412808,7.534826776550048
1576,0.0952946562706175,-0.8759706527191046,7.440675996448487
1577,0.1158969476639642,-0.8046174945750788,7.34872054691111
1578,0.0246626450244361,-0.6238738874929552,7.259211242468524
1579,-0.0295901996719774,-0.48280869797930587,7.172398897651281
1580,-0.014513370390512,-0.41402095659948196,7.088534326989997
1581,-0.0145403900369488,-0.333327954978281,7.007868345015229
1582,-0.0801896229673333,-0.19046214329024852,6.930651766257586
1583,-0.4928901334866053,0.3657547282389797,6.857135405247625
1584,0.5762636197783517,0.9461663037056982,6.787570076515955
1585,-0.275803500063991,1.0335969054708565,6.7222065945931355
1586,-0.6034440254424919,0.6721482514327266,6.661295774009766
1587,-0.4331152019188755,0.5580267726224508,6.605088429296423
1588,0.5862833623281576,0.33988126268814356,6.553835374983699
1589,-0.4110622877741244,-0.14672513782804064,6.507787425602167
1590,0.0906310498344859,-0.4978264455169016,6.467195395682417
1591,-0.3614359998378185,-0.1708740999172107,6.432310099755028
1592,-0.2580168117493466,0.34463445939876153,6.4033823523505795
1593,0.3357881144143538,0.4235489175859699,6.38066296799968
1594,0.1173064029882888,-0.051709164221167225,6.364402761232878
1595,-0.2898744309345912,-0.7249781156461865,6.354852546580773
1596,0.0892485550786008,-0.9915116936525604,6.3522631385739565
1597,0.2266298702737858,-1.0334955433569843,6.356865673083199
1598,-0.2687680263462305,-1.1000393910789859,6.3688074174252165
1599,0.3215885705876497,-1.2097705884070966,6.388182017819442
1600,-0.3761369760065898,-0.7388876834510985,6.4150246594577
1601,-0.4242995594941226,-0.19505764125940783,6.449357200753525
1602,0.7544175868405952,0.08439270015262956,6.491189713006765
1603,-0.965107604703634,0.42462378292457587,6.5404838217790555
1604,0.2965464016441527,0.35626942196974176,6.597184176386101
1605,0.9067251320954391,0.41204073904396,6.661234128860606
1606,1.6117622164165042,0.43566075234825324,6.732577031235245
1607,-1.847020721966004,0.6658644864232882,6.811156235542725
1608,-1.8016727011012967,1.1447576072855807,6.896915093815721
1609,2.0849426513856715,1.5552603905273963,6.989796958086934
1610,-2.2061634302521904,1.3064182498631356,7.089745180389055
1611,-0.7494645127133003,0.3627613999585213,7.196703112754776
1612,0.9759509239805032,-0.7965650311972926,7.310614107216793
1613,2.4585438367991266,-1.6499653526069045,7.431421515807781
1614,2.151287713443562,-1.4703564040040038,7.559068690560437
1615,1.1585126277711013,-0.6120116112785676,7.693498983507464
1616,-0.4345567811728804,0.8399026279196784,7.834654153253201
1617,-2.0307681144514103,2.2883117773790373,7.982456337072371
1618,-2.796898946431796,2.900139450464186,8.136759495967599
1619,2.822243775185312,1.7404062510044067,8.297349973810277
1620,-2.7975241741342893,-0.15647634795869542,8.46400052209298
1621,2.734778879976901,-0.4012627722852166,8.636483892308313
1622,-2.294925519202048,0.40035268325316753,8.81457283594888
1623,-2.495293391852905,1.1072532873456309,8.998040104507275
1624,-2.094793356977576,1.2781349075014752,9.186658449476099
1625,-1.2265058346235294,1.056305212275578,9.38020062234796
1626,0.1084961416035975,0.4430644837809654,9.578439374615439
1627,1.6800345294048762,-0.3211819871760261,9.781147457771148
1628,-1.4557034231005184,-1.4023942002071768,9.988097623307702
1629,-0.9801307078919308,-2.0889319148257406,10.199062622717669
1630,-0.1068171609918989,-2.4669980465017765,10.413815207493673
1631,0.2829921766607143,-2.2951203057890264,10.632128129128308
1632,0.6915806129692453,-2.0653547520834192,10.85377413911418
1633,-0.032140371637186,-1.566385617306685,11.07852598894387
1634,-0.3924529537083185,-1.4337034764016752,11.306156430109993
1635,-0.2462097353526212,-1.8102284787525267,11.53643821410514
1636,0.1444597470748809,-2.4336038394968122,11.769144092421929
1637,0.3389392210478701,-2.862986037600817,12.004046816552947
1638,-0.3708301542348566,-2.3900889837559296,12.24091913799078
1639,0.4282817627313932,-0.8378168427131143,12.479535079981723
1640,-0.5335265647049802,1.2938516355641354,12.71967492914084
1641,0.6945872945358385,3.65428715219251,12.961125553271646
1642,-0.8938268348639667,5.000147076310773,13.20367975855319
1643,1.0871163999275175,2.775742666506786,13.447140933565699
1644,-1.2388345562633738,-1.4524826349197888,13.691317191183167
1645,1.0422059758870714,-3.978223214752795,13.936017238865727
1646,1.0215318291164002,-4.202581613189926,14.181049784073522
1647,0.2775079642493185,-3.7037326332986353,14.426224669049319
1648,0.5337101217419328,-4.205082310825139,14.671372189083204
1649,1.3665184074841936,-5.282923373056752,14.91640496557256
1650,0.9572026312303384,-5.11852560999278,15.161322978762442
1651,-1.966206139152996,-2.439942814611967,15.406148953764962
1652,1.8496002582774875,1.5394928237277605,15.650906917994757
1653,-1.5793799766587089,2.6237590777922914,15.895620898866419
1654,-0.3870086214334531,1.186693697638868,16.140314923794595
1655,0.8313363037097323,-0.2763493239035941,16.385013020193863
1656,-0.5219238943659378,-0.5378153211129337,16.62973921547887
1657,-0.1449221633871553,-1.1595953736770754,16.87451753706423
1658,0.2302979755359238,-1.7796699879004783,17.119372012364558
1659,-0.2096449316130812,-1.5846817371813817,17.364326668794472
1660,0.2299325906670098,-0.7093381244355748,17.609405533768566
1661,-0.2513903902838043,-0.4732422444176829,17.854632634701492
1662,-0.0932049049590878,-0.8768270940487602,18.10003199900785
1663,0.2827754020766377,-1.4984030561788932,18.345627654102252
1664,-0.3110714713105549,-2.180372156088774,18.591443627399336
1665,0.2746350262444,-3.0121389725580925,18.837503946313692
1666,0.3119203187427364,-3.2957529570026924,19.08383263825996
1667,-0.6252509985777356,-2.605202732075004,19.330453730652746
1668,0.8288194258886653,-0.9562106767953303,19.57739125090667
1669,-0.3946225000873286,0.019953273650984538,19.824669226436338
1670,-0.1783532778674714,-0.44395840678891696,20.072311684656388
1671,0.3306108337239483,-1.2009534867053722,20.320342652981424
1672,-0.6245308545794885,-0.49425530424658015,20.568786158826075
1673,-2.442074010333106,1.0744077807281716,20.81766622960494
1674,0.6813362626220253,3.0016568446453307,21.067006892732643
1675,1.409303463293658,4.503864361082538,21.31683217562381
1676,3.2681813382067344,5.114652556100221,21.567166105693047
1677,-2.743426243200331,4.7953935328453605,21.81803271035497
1678,-3.440897751333188,5.241441734308978,22.069456017024205
1679,3.380839087795507,7.577700859089118,22.32146005311538
1680,-3.112755818362627,9.428686972319543,22.57406884604308
1681,-2.7720789229663207,8.834772499744373,22.82730642322194
1682,-0.4953673858923215,6.304170573825722,23.081196812066597
1683,2.529428041206005,3.02480791880236,23.335764039991634
1684,-2.3020021329328224,0.49096999852112866,23.591032134411694
1685,-1.8733674145667272,-0.9736577081746507,23.84702512274138
1686,-1.3620596323009262,-1.7417074000943802,24.10376703239531
1687,1.8722929097539347,-2.813574800542033,24.3612818907881
1688,-1.5504503079286631,-4.359143417405714,24.619593725334372
1689,-1.769433767133456,-6.269292796315291,24.878726563448748
1690,0.9874242269428736,-7.606128659488705,25.13870443254583
1691,1.8946990424616608,-6.924245844428782,25.399546801967137
1692,0.6353328517840315,-3.8865894864351147,25.66125663465108
1693,-1.9777742975202064,0.7039230765867082,25.9238512209335
1694,1.997457687173896,5.605147818766863,26.18739449405924
1695,-1.7294904480684636,8.087550397140117,26.451940050928343
1696,-2.0589554862956985,8.151458111420238,26.717497374875457
1697,2.1649538520488294,6.940980474449525,26.98406567350165
1698,-0.714670146308669,5.943025991900692,27.251644154407984
1699,-2.589013040425016,5.218781015229503,27.52023202519551
1700,2.8474135377075718,4.892757968827111,27.789828493465315
1701,2.7932734917575823,6.126293741423953,28.06043276681846
1702,-3.3083161351549544,8.256272082298949,28.332044052856006
1703,-2.139479759845674,9.654818200666654,28.60466155917902
1704,3.2086164179439223,8.183099088667511,28.878284493388573
1705,-2.8926533167603434,3.5497412536746245,29.152912063085715
1706,0.94680003494265,1.144656489185805,29.428543475871543
1707,1.5647438504008997,1.5201739060467938,29.705082243552305
1708,1.6170154004480335,3.0709355047967586,29.982049094755208
1709,-1.7458151078259068,3.946946045513293,30.258869062312616
1710,2.060895819292427,1.734137001650647,30.534967179056927
1711,-2.6339233370861685,3.9641548592656255,30.809768477820548
1712,3.2542030118412177,7.203098996722933,31.082697991435843
1713,-3.682576695768388,4.149395943033161,31.353180752735224
1714,3.7836375643334335,-0.40427935888451294,31.620641794551076
1715,2.793183621596675,-3.1776897713124557,31.884506149715776
1716,0.4712642790839901,-4.265463130145733,32.144198851061745
1717,-2.664367634975854,-4.214797296665381,32.39916493164124
1718,2.20826251943765,-4.117191944823679,32.64892942538603
1719,-1.9015423952635624,-5.731494971184234,32.8930373664478
1720,1.7960529542665522,-7.137086743244756,33.1310337889782
1721,-1.856635548769654,-4.115817673560136,33.36245322232979
1722,1.9898513873096724,-1.9465629765913137,33.586711589281634
1723,-2.089843149133439,-4.593010397221123,33.80285354635456
1724,-2.1588012275358923,-7.440828287351465,34.00962951488735
1725,2.1809736795893286,-6.426709183856857,34.20573550426754
1726,1.837670850692648,-3.267538374575249,34.3898675238826
1727,-1.3669790366451704,-0.23374254647493453,34.560721583120106
1728,-2.220551128080167,0.10355743671260109,34.71699369136756
1729,2.5333900288134683,-2.880769886825968,34.85737985801249
1730,2.4746697601666963,-4.905245852609133,34.98057609244243
1731,-3.3946553297766044,-2.3906230742682895,35.08527840404489
1732,4.120858605654262,4.508958592138335,35.1701828022074
1733,-4.864768709913349,9.050783413595875,35.23398529631748
1734,5.424360806817607,4.790257297419765,35.27538189576263
1735,-5.618918026400643,-0.9541505835297669,35.293068609930415
1736,5.383237772716115,0.2710207790755541,35.28574144820833
1737,-4.806364913119113,0.48426849313521525,35.2520964199839
1738,4.090738357741387,-1.0515678923860563,35.190829534644664
1739,-3.4527819093458985,-0.35785489223222466,35.10063680157812
1740,-0.5621296185088384,0.0016405070241813924,34.980489111484665
1741,2.872833510668087,0.15670960901599895,34.83045688031592
1742,-2.996652292193553,0.8455543370805101,34.651097955113045
1743,1.219605735282081,1.8265738826941122,34.4438203820238
1744,3.768547496729752,3.261207746297628,34.21024475697262
1745,-4.154575813758352,5.602584137874492,33.95199167588386
1746,4.400747001459382,7.268571263858663,33.670681734681956
1747,2.7925048392048635,5.679559631503833,33.3679355292913
1748,-3.829940415960549,2.324566760324232,33.04537365563632
1749,-4.392651162608609,0.07803445296721079,32.7046167096414
1750,4.364985731001031,0.01772898176802544,32.34728528723094
1751,-4.352225577580942,-2.322774406748424,31.974999984329365
1752,-0.1495366333699952,-8.669844763491081,31.589381396861075
1753,4.314484953782415,-10.456535074532887,31.192050120750473
1754,-4.12633287676427,-1.6082938751576825,30.78462675192195
1755,3.717033789360901,5.914234324339153,30.36873188629994
1756,-3.086731014602986,0.4307448947941581,29.945986119808826
1757,2.0109225409509217,-4.238932589323957,29.518010048373036
1758,-1.3264533906395004,-3.949970877277458,29.08642426791696
1759,1.5798295810795226,-5.912819914836774,28.652990333757245
1760,0.3771387007933257,-6.7072315884051275,28.220092887611806
1761,-2.2520757383653875,-5.838428703749401,27.790504442114795
1762,2.985685930443012,-3.8627823539578037,27.367096423514788
1763,-2.6711681863849126,-0.2215819878710732,26.952750174255982
1764,-4.484116968147532,4.403769931364989,26.550347036782547
1765,4.880849591700548,7.96638205476081,26.162768353538635
1766,-4.892527680660846,5.299650092928092,25.792877587732757
1767,-0.34695396545218,0.8634872798215741,25.443466685630604
1768,4.011929502964956,-0.5692392172271541,25.1173097142622
1769,-1.3805464881754002,2.2633657475178377,24.81718074065756
1770,-2.7782120427793946,4.372358210932665,24.545853831846728
1771,2.323104147621177,2.1207927975191008,24.306103054859726
1772,-2.02925317144979,-1.2914493052767635,24.100702476726553
1773,1.8118576166441396,-2.4542837811213913,23.932426164477253
1774,-1.5718071257269142,-1.6619094045930685,23.803716530319985
1775,-1.023264233861279,-0.06195219269986563,23.71521642656114
1776,1.04429449372877,0.6603602180432064,23.66534528822803
1777,-0.4256951763579301,-0.3963544333756466,23.652049609733577
1778,-0.923219120725117,-0.7500567647656533,23.673275885490767
1779,-1.2130472329670945,1.6860766230545337,23.726970609912552
1780,-1.47695590897809,4.285875631566184,23.811080277411897
1781,-2.32402918058694,2.3604777981851433,23.923551382401797
1782,4.550498078232548,-2.2528284975277013,24.06233041929515
1783,-6.191532346951774,1.7061684644467976,24.225363882504972
1784,-1.2255117723726048,8.71491350592839,24.410598266444214
1785,9.120009621035749,8.744010313438432,24.615980065525818
1786,-9.97735499597698,-0.4721007781857911,24.839455774162772
1787,10.372260391033604,-0.7112322778016131,25.078971886768016
1788,-10.497317142868994,-0.5851577548855382,25.332474897754533
1789,0.6849457759141759,-13.38285707744944,25.59791130153527
1790,10.5334751570995,-24.79674896678693,25.873273809687433
1791,5.743078463412262,-19.129800595192773,26.15672213178051
1792,-10.506423255413882,-4.449923587203044,26.446346842616926
1793,10.407480255575653,1.9324745751816401,26.74004516924271
1794,-10.22007811324041,-7.505592356190496,27.035670469430904
1795,-6.878238299794183,-10.212837801160397,27.331076100954583
1796,9.785407226286107,3.3804773521271145,27.624115421586776
1797,-9.678711720600376,16.586069931499797,27.912641789100583
1798,9.627185860314995,0.47830557841597354,28.194508561269025
1799,-9.45606243187222,-14.19150666399296,28.467569095865187
1800,8.978489616620683,0.21183363271721012,28.729676750662104
1801,-8.159461777281285,13.310776893848434,28.97868488343286
1802,-4.038680047935079,12.36623319598458,29.212446851950492
1803,6.171949474475246,5.689234511536672,29.428816013988083
1804,1.04568953217237,6.488664740508957,29.625645727318673
1805,-5.219511524536074,8.858722174820755,29.800789349715323
1806,2.4740647947295504,4.353834966319352,29.952100238951097
1807,6.647134484255672,-6.064566237054723,30.07743175279905
1808,-8.475349309997478,-17.76928793903477,30.174637249032248
1809,-6.909484038683228,-19.792086046740508,30.24157008542373
1810,12.928223283885895,-0.9543069036324789,30.276083619746586
1811,-14.88008874890332,24.26405753912946,30.27603120977386
1812,-9.473860001139148,30.364593787860553,30.239266213278597
1813,7.75325378983386,18.32281402685939,30.163932183306752
1814,15.237980996656535,-2.09764596844429,30.04966497178775
1815,-12.842446669977756,-12.81527002711372,29.89771669709147
1816,9.627787002716806,10.782542001903455,29.70967099537973
1817,-6.950187450890983,22.57307594807663,29.48711150281434
1818,6.209093923712524,14.179284220730358,29.231621855557115
1819,-7.778955081911063,23.49416939214121,28.944785689769855
1820,10.704543400420375,9.797269957965279,28.62818664161435
1821,-13.442124588369214,-10.28128375888322,28.283408347252426
1822,14.945209014657504,5.792756542496598,27.9120344428459
1823,-7.401608791569777,23.68596022701322,27.515648564556553
1824,-14.28742849608555,26.611594147539336,27.095834348546212
1825,-3.342969559243594,12.16879412826691,26.65417543097668
1826,11.608542569248211,-5.8707980172579814,26.192255448009767
1827,-10.440081628581163,-10.721576407226099,25.711658035807268
1828,9.523305863038772,-1.8072726935697738,25.213966830531
1829,-8.671169931388484,7.250404463045703,24.70076546834278
1830,-5.308513704428384,6.744876119023986,24.1736375854044
1831,-3.513624746400329,2.92945792852265,23.634166817877677
1832,-0.3232635339429093,0.28932673201849424,23.083936801924416
1833,0.91205145704509,-1.8265826307515183,22.524531173706425
1834,3.0654819168525287,-4.2730154862380445,21.957533569385518
1835,4.6477153871914485,-7.352243012314933,21.38452762512349
1836,-4.293992736857509,-9.913104240224627,20.807096977082132
1837,-3.156715242293338,-9.810110019129962,20.226825261423308
1838,3.9341322599599695,-8.449428374268734,19.645296114308767
1839,-3.3351072899094545,-7.628985881990888,19.064093171900343
1840,-3.776416689104509,-6.908383381255332,18.484800070359835
1841,3.707625609397581,-5.136626055246653,17.90900044584907
1842,-0.7198344669238748,-1.7884434676059717,17.33827793452985
1843,-3.1547123706715063,1.2104961981075473,16.774216172563968
1844,-2.600339097843055,1.0719403017298292,16.218398796113227
1845,2.7247553154718585,-2.237164756811305,15.672409441339443
1846,-2.237697635754083,-6.880128115997628,15.137825751751713
1847,-0.2656541466937082,-9.890523192757092,14.616177339450797
1848,1.0577201779393246,-10.706577114309631,14.108856936370302
1849,0.8010533989781873,-9.958076681314312,13.617023282336127
1850,-0.5921776028616009,-5.739250594354515,13.141428197216111
1851,1.005001057083055,1.0325942344194319,12.682404708497511
1852,-2.1483884581715733,1.4581894740966472,12.24019898407493
1853,4.105404250579039,-3.2104614424219777,11.81505719184294
1854,-6.691524177057244,5.254298677361093,11.40722549969615
1855,9.50675272114924,15.846297203321601,11.016950075529152
1856,-12.172673794196058,13.458196706959509,10.644477087236567
1857,-5.289379512640457,5.739326809927528,10.29005270271293
1858,2.19474229315924,-2.878616479500861,9.953874186341626
1859,10.263122803993566,-10.629065992454466,9.635943188460896
1860,15.287022333063629,-16.28323478896138,9.336212455897751
1861,18.02337871988452,-19.568013455363705,9.054634735479183
1862,18.7023049260718,-20.73346770010399,8.791162774032191
1863,18.314623826460984,-20.100373144844763,8.54574931838378
1864,16.37643146505515,-17.934778580416097,8.318347115360943
1865,13.4784796793717,-14.827388591162384,8.108908911790689
1866,9.93625723715726,-11.09364469165726,7.917387454500005
1867,6.182084956864034,-7.165820447179928,7.743735490315892
1868,2.423637948366676,-3.2515437144320343,7.587905766065358
1869,-1.492202890772621,0.802351862197223,7.449851028575395
1870,-6.135520475360857,5.565996450687847,7.32952402467302
1871,-10.592728229237872,10.125850728052676,7.2268775011852
1872,-12.682941324688956,12.591077119750004,7.141864204938951
1873,10.7416466774958,11.64391643974292,7.07443688276128
1874,-8.735510953096213,8.06096267161703,7.024548281479181
1875,-7.573250717445051,7.0610995695254015,6.992151147919646
1876,5.04399217525467,9.44880959583564,6.977198228909685
1877,0.629473020863897,11.71088703875784,6.979639940378263
1878,2.965443470317984,7.425250648147644,6.999305881534369
1879,-1.8355076334157032,1.7899569552161068,7.035550678199591
1880,0.4394006675388324,-0.5368808120740898,7.087480144535263
1881,0.9971879383359592,-1.16119259911058,7.154004660774618
1882,-0.716534520078551,-0.7972846105792035,7.233819130657757
1883,0.5769569338658297,0.5574837122916254,7.32555935384255
1884,-0.5608910717774003,2.4431326790967733,7.427758392680637
1885,0.672259868630124,2.029008351860964,7.538731779508911
1886,-0.8811526181967951,-0.35559126961732346,7.656743887814123
1887,1.132049346319714,-1.9121084374026873,7.780059091082975
1888,-1.3704795475101377,-1.9564622152920677,7.906941762802198
1889,-0.3358943949277769,-1.1497618815307606,8.035656276458532
1890,1.7072277113796812,-0.6316947169183705,8.16446700553869
1891,-1.7916796362888812,-1.1899586872405152,8.291638323529394
1892,1.6949988981416502,-1.790433502059023,8.415434603917376
1893,1.719349863181879,-1.9335572525075446,8.534207389325665
1894,-0.3583630560504087,-1.4282938428721268,8.646656898922537
1895,-1.6442401410224292,-0.9373303799901438,8.751570521012571
1896,-1.4347407209569372,-0.913060995591227,8.847801716548169
1897,-0.4917042273474173,-1.292800790519659,8.934505017867075
1898,0.4655461924230754,-1.9766235015172,9.011077309094127
1899,1.086182830690683,-2.7733281875826634,9.077145356891982
1900,-0.254951311094087,-3.527736122783081,9.132687433877166
1901,-0.7679083242229253,-3.5899334046283906,9.177841728851316
1902,0.6312037937860856,-2.8440513379085646,9.212847544122482
1903,-0.1460667527732493,-2.291950860271841,9.238017613045095
1904,0.2420739239103105,-2.4757525294903706,9.253678605580053
1905,-0.1299534752944485,-2.84020371639384,9.260157191688286
1906,-0.044048909115894,-2.863731132214796,9.257780041330701
1907,-0.6211037745205382,-2.365770049947624,9.246873824468164
1908,0.3393969067077553,-1.207162117769369,9.227765211061616
1909,-0.0737625561823174,0.0729816851103624,9.200780871071956
1910,0.9159386017829934,0.037813923756921275,9.166247474460079
1911,1.1907354166099768,-1.2052271077968908,9.124491691186918
1912,-1.4724926124654625,-2.0833475787478792,9.075840191213352
1913,1.539492951935496,-1.5401125964357802,9.020619644500286
1914,1.021458746077177,-0.3806154670858152,8.959156721008647
1915,-0.5841030150665896,0.3323249243672781,8.891778090699312
1916,-1.2769402589409942,0.23812983540778132,8.818810423533215
1917,1.1110361429409776,-1.2916165324122257,8.740580389471255
1918,-1.0065611065262527,-2.380853551948069,8.657414658474323
1919,1.0946128091581735,0.6957472903384874,8.569639900503333
1920,-1.47802510605279,4.400442320533586,8.47758278551921
1921,2.1385665640024945,2.0198634525146764,8.381569983482827
1922,-2.908522345355808,-0.24340581899930003,8.281928164355104
1923,3.53307814392716,0.7879378579758821,8.178983998096953
1924,-3.790707187436179,1.9176430327668965,8.073064154669282
1925,3.601278400791699,3.564226295175318,7.964495304032987
1926,3.1832076399791847,2.583188243871841,7.853604116148979
1927,-2.3222636128678684,0.3015463518897161,7.740717260978155
1928,1.6133622907798653,-0.5495236992612895,7.626161408481426
1929,-1.1040506350643298,0.5137874064446264,7.510263228619706
1930,0.8963211304795291,0.3103294781665844,7.39334939135388
1931,-0.935107466338904,0.5093608996940193,7.275746566644884
1932,-0.8710781722164614,1.8132967477628599,7.157781424453599
1933,1.538458446030917,2.871760919228137,7.039780634740943
1934,-1.7401219309839828,2.9080510635161625,6.922070867467816
1935,1.7705421574670142,2.764479049937851,6.804978792595133
1936,-1.687029566115143,3.0081984860313558,6.688831080083794
1937,1.6760925933443422,5.469953006760964,6.573954399894696
1938,-0.1656540245178784,6.054951844297688,6.460702180220192
1939,-2.708406265015993,2.1988685970641084,6.349537667951889
1940,4.035547852323564,-1.416509863630389,6.240962011306827
1941,-5.8134872127799975,5.468008068504451,6.135479144275543
1942,7.594828548752459,9.291578450398951,6.03359300084859
1943,-8.798074108982052,8.59226659396554,5.9358075150165135
1944,9.013538951064255,12.873834428165901,5.842626620769849
1945,-8.20275759746369,8.12820334536456,5.75455425209914
1946,6.679140157758615,1.8487654992464684,5.67209434299491
1947,-4.912000497576555,4.936236585196416,5.595763912380136
1948,3.2931689429787228,7.730698738113981,5.526132318907294
1949,1.913176494028473,8.093039064726629,5.463784441244904
1950,-1.1179429149014546,7.338628016505554,5.409314898395898
1951,-0.158086144201762,7.324765399754905,5.3633207444468525
1952,-0.2573294521546306,8.210930418670303,5.326399033484336
1953,0.4921816800975596,8.818662465245696,5.299155854656739
1954,-0.6238654595628774,8.4916305521567,5.2822349074061705
1955,-1.0386204405937418,7.6023256341726535,5.276294806421092
1956,1.528888653990429,6.689115709573501,5.281995636436079
1957,0.7396692926333921,5.570333225180872,5.299997482185738
1958,1.7617367668129322,3.3573009919957473,5.3309622411913296
1959,-0.3888233100213958,2.1232642479006847,5.375559062120708
1960,-2.478181466057485,3.4437225596290446,5.434458906428446
1961,2.399455942524196,6.652209522344715,5.508334535131091
1962,-1.879525594169216,5.991652515393362,5.597873078775855
1963,-1.1820830976752856,3.988287185949909,5.703795911725372
1964,2.144255263161698,4.998878346971116,5.826866389867185
1965,-2.7907115019266224,8.492763882716957,5.967947619209667
1966,-2.0194621976318983,6.39146021119978,6.128001986432118
1967,5.177318655084202,0.684624879100058,6.308056465815742
1968,-0.4146725632623979,1.4856618625952072,6.50901070066719
1969,-8.100328383499727,8.189121064700533,6.7312073187992
1970,8.925710924908831,14.439439380940179,6.974849694150986
1971,-9.000356590103726,10.010215389441914,7.24014120066181
1972,-2.3597281899037004,2.2624429776327935,7.5272852122709075
1973,3.128956284476677,-4.025441387394182,7.836485102917507
1974,5.717501534543468,-6.225445781084319,8.167944246540852
1975,0.6427127575614378,-2.9145787746416207,8.521866017080182
1976,-2.772571115622106,0.12411732714736634,8.898453788474736
1977,1.7010923935728546,-1.7590033282366138,9.297910934663754
1978,0.2331393843487728,-3.703580213935248,9.720440829586472
1979,-0.7107139159843434,-3.20553293119779,10.16624684718213
1980,0.6592511521335193,-2.0047835135234893,10.63553236138997
1981,-0.6497972339794175,-2.0587035121698074,11.128500746149228
1982,-1.0611193296687225,-3.064067050491754,11.645186380160482
1983,-1.0336759614132982,-4.2612716997563345,12.184947661169634
1984,-0.6912110988556649,-5.165254358439231,12.7464654572949
1985,-0.4374959051032667,-5.9988905939949095,13.326386499098177
1986,0.0011449949924373,-7.041993977744728,13.92084898275229
1987,1.542160407940383,-8.498151512370473,14.525991104430087
1988,2.8134884328397285,-10.46143949314413,15.137951060304403
1989,4.509550134050219,-11.93241718059829,15.75286704654808
1990,2.511827995254152,-11.378705254588073,16.366877259333933
1991,-5.218877985853921,-6.827241908980873,16.976119894834795
1992,5.378414821000439,1.6248520297760352,17.57673314922352
1993,0.0761386077845314,8.759006173542536,18.164855218672933
1994,-5.41896903846896,11.18234473911307,18.736624299355896
1995,-0.5410057538892273,8.202827166444035,19.28817858744519
1996,1.877931874954731,5.256411845931564,19.815656279113707
1997,0.5520682977636574,6.082736131702092,20.31519557053425
1998,-1.0391667855402231,9.906232127660559,20.78293465787966
1999,-5.590705416481372,14.025706795802964,21.214998620678408
2000,-6.376925223438346,14.419293808191336,21.607631415247017
2001,-1.878982528802412,9.570813185137268,21.958169343665144
2002,7.460564111243511,-0.07636451840295644,22.265800407159446
2003,-6.909741261237205,-10.690391434664733,22.530132695901933
2004,-6.6885156580082015,-11.132258642056414,22.750774300064617
2005,5.324355635183927,0.748311054996591,22.92733330981948
2006,-4.389146426373243,10.3297286110347,23.05941781533854
2007,3.662563395247485,2.190800697958718,23.1466359067938
2008,-3.3208486548249305,-13.12774701953232,23.188595674357252
2009,3.439362846943842,-19.88426805514476,23.184905208200913
2010,-3.9931881798912094,-12.40198441860558,23.13517259849679
2011,4.896877287453725,1.764116777129402,23.039005935416874
2012,-5.392043827713367,12.19603051858019,22.896013309133174
2013,-6.652945494079424,13.647142684261722,22.7058028098177
2014,-2.5310013187942784,6.80271695839859,22.468284360395685
2015,9.36955099256878,-2.15435904947336,22.184808056904586
2016,-9.92344296036584,-3.1546555152565183,21.85809847562236
2017,9.944064215095471,-0.43584961257630495,21.491785397480832
2018,-9.385173649369415,-5.015057126282256,21.09023077565168
2019,-7.158440963047022,-6.8101104799539876,20.65855144300101
2020,7.035761517975734,0.662531227952948,20.201707254071316
2021,-5.663535352541131,11.94015283593162,19.72338251660951
2022,-3.0566123451746554,12.429669693511034,19.22694265166362
2023,3.4937540157651465,3.5305482103404904,18.715697773894362
2024,-2.9671109196095844,-7.815501663462687,18.19261258307227
2025,2.841105192134346,-13.091230580259232,17.660125388124886
2026,-2.9533733476895634,-6.757279652579815,17.120653000269378
2027,3.100151452418729,3.4932106439506976,16.576637903630573
2028,-2.553695750158521,7.373173167825217,16.0305225823333
2029,-2.90547723440427,6.220727713901891,15.48474952050238
2030,-0.8550516200864777,3.9132904178238506,14.94176120226263
2031,-0.4100722011197397,2.2060720893808616,14.404000111738881
2032,-0.1914536286057912,0.8975448955498557,13.873908733055934
2033,1.221625808166061,-0.5755553585047023,13.353929550338634
2034,2.052987719731535,-2.1994927674433438,12.846505047711819
2035,-1.8954830811945331,-3.9685960984871116,12.354079179681651
2036,0.2187989689881497,-5.60790480337946,11.879105834391304
2037,1.0376863951838555,-5.971602585702014,11.423916190518156
2038,1.8087075031708864,-4.648922142175866,10.990214639004975
2039,-1.8639063995773448,-0.5653632890067173,10.579269688584066
2040,1.8718100772850577,1.7959827502605772,10.19220717245436
2041,-1.8062460757052508,-0.9838885008952268,9.830134576600475
2042,1.6691595884317725,-2.2832710362844066,9.494111447852639
2043,-1.5100686814006283,0.3150859063414354,9.18498277505919
2044,1.3894899214499778,2.0670577449995235,8.903452333550511
2045,-1.0468592803467702,1.8967044455292292,8.650154834817538
2046,-1.3470829468665195,0.8515946357331169,8.425488311133407
2047,1.403360691644187,-0.2228067478355803,8.229446056191392
2048,-1.4689352235040032,-0.8328336931765975,8.061768916680599
2049,1.4980584436885998,-0.9501185478655172,7.922060104176914
2050,-1.4604569361398494,-0.9493931660086072,7.809850102148459
2051,1.3526677520101644,-0.6871938722016824,7.72452612019152
2052,0.3652459274521379,-0.4808649023336324,7.665618974881493
2053,-1.0007079168338464,-0.6920238183281293,7.6327317351619755
2054,0.779479871174673,-0.9249548096892283,7.625474938514557
2055,0.495268792759662,-0.6486287989023289,7.6433600061426645
2056,-0.2777063281251707,-0.17773779038810356,7.685444118513274
2057,-0.3567167732931308,0.11623145705473359,7.7504853162384
2058,0.3114562309224867,0.11143394049802002,7.837109828579489
2059,-0.239886024082027,-0.2740219702317605,7.943907994313783
2060,-0.1988014488704611,-0.4306649995958127,8.06946644846628
2061,0.4100368467083913,0.06759132722966371,8.212371826061943
2062,-0.4831613472732825,0.9019505851474818,8.371210762125784
2063,0.5702927672445528,1.405137341072612,8.54456989168283
2064,-0.0218135573746479,0.9707777076166073,8.731035849758047
2065,-0.8454157280561376,-0.20377954332028025,8.929195271376415
2066,0.3623664656165093,-1.6200012571794657,9.137634791562952
2067,1.2804206593781369,-2.7553617047207974,9.354941045342663
2068,1.095169751251745,-2.794870418992267,9.57970066774051
2069,0.6130485067413552,-2.5435488005228835,9.81050029378153
2070,-0.0670052062981155,-2.0989213521925714,10.045926558490688
2071,-1.109788155473319,-1.2947779414196685,10.284566096892988
2072,-3.0381507184230934,0.39314517440966257,10.525005544013432
2073,2.5350994407037426,3.3390690244192553,10.765831534877002
2074,0.8842791881984166,4.750090107292876,11.005630704508711
2075,3.629130289929856,1.7678800221366013,11.242989687933541
2076,-3.5121793826625964,0.7056842624861013,11.476495120176494
2077,3.1424208405384317,5.282845523199004,11.704733636262567
2078,-2.587282033128022,8.060990161911267,11.926291871216755
2079,2.018844844491622,8.741398695444339,12.139756460064035
2080,0.514228850070209,9.062057112100359,12.343714037829436
2081,-1.5226033904722234,7.535852150934293,12.536751239537928
2082,1.8084210753959868,4.024124224389492,12.717454700214525
2083,-2.4036751954246385,6.219264140540437,12.8844110548842
2084,3.057818664991708,9.095885120329982,13.036296214678313
2085,-3.5063276714303258,6.8641844762767725,13.172143195153552
2086,1.9010814649346373,5.207810175215616,13.291108359849748
2087,3.4927684635130145,3.5547329139994286,13.392498622487551
2088,0.5004454418913641,-0.13617468720484904,13.475729245313488
2089,-2.717220963904569,-3.703112859190257,13.540333823094826
2090,2.3355662793635674,-3.9815980832799696,13.586031803916399
2091,-2.108089516210674,0.4352911492142262,13.612798366996447
2092,2.0640139424061728,2.364914554150206,13.621071503443623
2093,-0.4193232528071256,0.6078991345343332,13.611424118272797
2094,-2.2611330249607597,-0.9234008985068423,13.584533923467596
2095,2.318944387777023,0.4999507794691387,13.541104832753838
2096,1.5702084685418904,2.7479507716007925,13.481840759857317
2097,-2.13083159296957,4.743385974465713,13.407445618503857
2098,-1.650343923079761,5.951720600660516,13.318623322419242
2099,-0.3381580799531795,6.50208029462387,13.2160777853293
2100,1.3638726986494982,6.855614380390656,13.10051292095985
2101,-1.1177610127774382,7.3351283697407705,12.972632643036668
2102,0.9339682315855,7.342890903128909,12.833140865285593
2103,-0.234469395349481,6.551727893917075,12.682741501432417
2104,-0.6818892924852992,5.259750827282367,12.522138465202932
2105,-0.5513115334716863,3.58927586314871,12.352035670322973
2106,-0.4854583405966753,2.162321310078328,12.173137030518348
2107,-0.5472994893013505,1.0311530297865037,11.986146459514849
2108,-0.6244550328651596,0.05268716182686972,11.791767871038285
2109,-0.2329898905352615,-1.2577152882792246,11.590705178814485
2110,1.5315593126059943,-2.9152216091752314,11.383662296569234
2111,-1.6463307815524386,-4.335012356475918,11.171343138028362
2112,1.7163622157922112,-3.260813832709859,10.954451616917659
2113,-0.450991445165491,-0.8727002017974319,10.733691646962924
2114,-1.724356439988865,0.6245892980988775,10.509767141889988
2115,-0.6549765688310262,-0.21840544659363037,10.283382015424664
2116,1.6202541555155188,-2.2654943368082447,10.055240181292731
2117,-1.5067427077106734,-3.009302845509338,9.826045553220006
2118,1.350670816446068,-1.8071728613783897,9.596502044932329
2119,1.1001046195734476,-0.4174182173965819,9.367313597823141
2120,-0.1481624699782083,0.058977742671413314,9.139184727306791
2121,-0.50827281160735,-0.25454901825868637,8.912821829866036
2122,-0.7433954212651893,-0.605536344068578,8.688931765333763
2123,0.374073296079527,-0.7722946896224291,8.468221393542898
2124,0.0943852787047926,-0.27578285303114924,8.251397574326354
2125,-0.273164341043073,0.3039971735260387,8.039167167517036
2126,0.4697234992568712,-0.2319605322047269,7.832237032947852
2127,-0.4113757821096585,-1.38993824834207,7.631314030451733
2128,0.218453291954889,-1.8255583118164553,7.437105019861569
2129,0.2524139829971284,-1.6727308440074076,7.250316861010269
2130,0.1020096024609337,-1.3436660161917153,7.0716564137307785
2131,-0.0875705270903328,-0.9842600107656508,6.901830537855979
2132,-0.0186963770402702,-0.892849716178532,6.741546093218805
2133,-0.0429894476009151,-0.7185204920512306,6.591509939652148
2134,-0.0160554808314759,-0.6063734561574486,6.452428936988923
2135,0.0390356968965009,-0.5340466746694653,6.325010977772969
2136,-0.0199196728970667,-0.360050185748936,6.209969858645998
2137,0.0169064795527733,-0.2949339815305166,6.108027501977745
2138,-0.0059732960177077,-0.1839343073744342,6.0199076033921415
2139,-0.0224773354156153,-0.09385652309755069,5.946333858513171
2140,0.0443905876571176,-0.1027010676350358,5.888310479977903
2141,0.0273892010032035,-0.0453529494792724,5.847963748476069
2142,-0.0113891297753579,0.013688668064921403,5.827700461710435
2143,-0.0396122865511151,0.03968486916727859,5.829927417383843
2144,-0.1043371266390148,0.07730182301336229,5.857035303625651
2145,-0.025942074631366,-0.055238521893636705,5.911180596525
2146,0.5365483180024742,-0.7002876427714646,5.993739324768988
2147,-0.6202141278518493,-0.7953626440767728,6.105576771928625
2148,0.6157010443966126,-0.11317402312914082,6.247472978732532
2149,-0.5565054134823337,-0.18370257242699561,6.420207985909329
2150,0.1881516524051375,-0.5627134865927832,6.624561834187638
2151,-0.089516685318904,-0.5214963025336763,6.861012987852579
2152,0.3024921282986798,-0.8613257337137703,7.128833605415096
2153,0.1819398748567467,-1.0389341437993633,7.4269942689426145
2154,-0.2035059553655297,-1.050959605137057,7.754465560502595
2155,-0.2104576967075151,-0.749760365454915,8.110218062162428
2156,0.2576037263134138,-0.8808260823029999,8.493222355989577
2157,-0.2361452879984091,-1.5863037360530758,8.902449024051485
2158,0.1171872364552063,-2.374055884870761,9.336868648415553
2159,-0.1612712230801098,-2.554180588069123,9.795451811149235
2160,0.2217953104910546,-2.708964404811006,10.277169094319952
2161,-0.253658472094402,-2.7373174626488463,10.780975934743253
2162,0.2822674081534163,-3.018024700189343,11.30575729203592
2163,-0.2865724141706613,-3.8537593372157106,11.850331751386378
2164,-0.1380944454686883,-4.5553665874522915,12.413461032920978
2165,0.2021978842379025,-4.876111798528954,12.993913914291056
2166,0.0486984475247022,-5.139238296768649,13.590539849243946
2167,-0.1349879322749837,-5.567228372310347,14.202216304585328
2168,0.0207633688578771,-6.348615100892401,14.827851732034517
2169,0.0779399971024693,-7.044302326641773,15.466362329539315
2170,-0.166854066238739,-7.4498102288086905,16.11666429504743
2171,0.1071195634304106,-7.5347933899370885,16.77767382650668
2172,0.0735487197934008,-7.231855841658206,17.44830712186479
2173,-0.0267529164818753,-6.780727462587693,18.12748037906956
2174,0.1055813043185519,-6.469691100387306,18.81410979606875
2175,0.0505096335853673,-5.8576212043954765,19.50711157081011
2176,-0.0085308866662908,-5.126871014575125,20.20540190124142
2177,-0.3860596506242519,-3.9418373346861832,20.907896985310437
2178,-0.8215112118043763,-2.5520018091605383,21.61351302096491
2179,-0.9377073583080168,-1.3234588478446243,22.321166206152636
2180,-0.6222441109680551,-0.33752862785333204,23.029772738821386
2181,-0.0626687219317914,0.6044199050128993,23.738248816918887
2182,0.935468527012023,1.3290208345950405,24.445510638392932
2183,2.337226010565935,1.8922995882427736,25.150474401191296
2184,3.995502074457081,2.47244162228121,25.852056303261712
2185,0.2231091582370557,3.1277182992109753,26.549172542551965
2186,-4.391525939102996,4.150786622093172,27.240739317009833
2187,-3.3587382571535467,5.933065432570501,27.92567282458304
2188,-1.344242824563736,8.081353561344335,28.60288926321941
2189,-0.6670548233743476,10.265749992507686,29.271304830866654
2190,0.8354966716700238,11.99466760285739,29.92983572547259
2191,3.5754015857405648,12.887200269274505,30.577398144984922
2192,-2.763411962736479,12.550503675385004,31.212908287351475
2193,-2.9022414465039548,11.776908873798305,31.835332572705653
2194,-2.750697018691026,11.036785935507464,32.443911083183565
2195,1.9194517544584428,10.032323029394464,33.03822521614709
2196,-1.4557928172507233,7.837863675032578,33.61792914221814
2197,-1.177193058075586,4.174516026057004,34.18267703201858
2198,1.1583301343817107,0.6195468094479426,34.732123056170344
2199,-1.086156131578913,-0.17976525371638452,35.2659213852953
2200,0.9632143372644004,0.6530594727202548,35.783726190015344
2201,1.08388365580128,1.1308115375599956,36.28530480663872
2202,0.072976449351601,0.16614631642941124,36.770877234219
2203,-1.1126432522210683,-1.068133385274955,37.24077663749603
2204,1.0583945461740074,-1.773730727383771,37.69533618120977
2205,-0.9620686070796166,-3.6328204230204686,38.134889030100084
2206,0.5878775681687454,-5.607645917075607,38.559768348906864
2207,-0.9101384467035354,-4.520168855666499,38.97030730237004
2208,0.9796147564207472,-3.456453811650225,39.36683905522948
2209,0.7279734924310755,-3.9576702646561692,39.74969677222509
2210,-1.1674149773283262,-4.661798640768444,40.11921361809677
2211,1.1887361637278753,-3.9444589213123025,40.47572275758442
2212,-1.014952676208395,-3.2946046792195314,40.819557355427925
2213,-0.9650155492770582,-3.146035027090154,41.15105057636722
2214,0.0705534206477536,-3.2610890057898883,41.47053558514214
2215,0.2902992292022581,-3.268702842524745,41.77840361332248
2216,0.024028693754785,-3.219306853552214,42.07527815979744
2217,0.2946348837109956,-3.6564756739970354,42.36184079028604
2218,0.0635143687223385,-4.2023000073618935,42.638785638639554
2219,-0.222109762007316,-4.484724972912204,42.90683473491953
2220,0.2033950617305146,-4.370028233776813,43.16663317204631
2221,-0.2000925747042166,-4.218711091917566,43.41880366662178
2222,0.2106623196088413,-3.8846312548567874,43.663968935247944
2223,-0.2434346954958333,-3.669316999030857,43.90275169452669
2224,0.3111182876599631,-3.44689294871998,44.135774661060026
2225,-0.3195699371612718,-4.0540906142885405,44.36366055144982
2226,-0.2897910935876245,-5.107240988710424,44.587032082298045
2227,0.5761719720427307,-6.282683942249372,44.80651197020664
2228,0.6035150205548515,-6.42623795233242,45.02272293177757
2229,-1.2926355085965262,-4.9436521750162115,45.23628768361274
2230,-0.5874794479110108,-2.3703494944030936,45.44782894231411
2231,0.3955619748066831,0.686468600709703,45.65796942448361
2232,1.8444105302258893,3.698257623050915,45.8673318467232
2233,2.287438225155572,5.916022849209642,46.07653892563479
2234,1.6792836559731597,6.784502966206493,46.286213377820346
2235,0.3785211591497916,6.824500920968404,46.49697791988181
2236,-2.493850688783372,6.7843954203622605,46.70945526842111
2237,0.8375497186910477,7.198182141268748,46.9242681400402
2238,2.200708148016904,7.657252600642087,47.142039251341004
2239,-0.7687069451573956,7.615315626231924,47.36339131892547
2240,-1.5968855835126428,6.65793852411708,47.58894705939557
2241,1.2398909925053263,4.730835378008976,47.81927362948569
2242,-0.9084627850591523,1.9238086783007646,48.054654106758385
2243,0.6621642498609875,-0.25723289996179055,48.2950686501008
2244,-0.5370837372896932,-0.8933518414084731,48.540435578698165
2245,0.5240096586408699,-1.5146828703765611,48.79067321173569
2246,-0.571891123172703,-1.4738087452258966,49.0456998683986
2247,0.615495130972379,-1.1208626046113723,49.305367473638995
2248,-0.6114576827847611,-1.457804692691807,49.56926237547656
2249,-0.0778029609685026,-1.1591015667294804,49.83690452769798
2250,0.4778908124060882,-0.5957046964959025,50.107813884089815
2251,-0.2339571118228775,-0.21755328661580275,50.381510398438685
2252,-0.3257612942212087,-0.33175273031002017,50.65751402453123
2253,0.406163727951876,-0.48150844410588745,50.935344716154006
2254,-0.522177066119059,-0.1923453609746215,51.214522427093684
2255,0.7067584466671198,-0.2513255578039723,51.49456711113686
2256,0.6097506766590364,-0.5047493987291558,51.77499872207013
2257,-0.9983814343684329,-0.5569557793116778,52.055337213680104
2258,-1.234186970426555,0.1090844306731118,52.33510253975344
2259,0.4536957644561464,1.1224895814671707,52.61381465407668
2260,1.2442869872449485,0.8547195023185443,52.890993510436516
2261,-1.078861071226945,-2.0972979913925545,53.1661590626195
2262,0.8225206435778205,-4.271349532686065,53.438828889108244
2263,-0.5447821494453957,-4.363728917723933,53.70851106716933
2264,0.324671173015726,-3.799382471780974,53.97471129876524
2265,-0.2149385723676446,-3.011996713490882,54.236935285858536
2266,0.2285131855302505,-2.4732019159420293,54.494688730411774
2267,-0.0806867444310949,-2.6668113208336512,54.74749806526474
2268,-0.5351515305358941,-2.95984393976426,54.994995470300154
2269,0.7241726719170066,-3.361097822329242,55.23692515041223
2270,0.8114678977538817,-3.4845220317827126,55.47305413402883
2271,-1.157472600035794,-3.445676849541947,55.70314944957774
2272,0.7404625628133216,-3.667440688300144,55.926978125486826
2273,1.2901696149286723,-3.4344768051125794,56.144307190183916
2274,-1.21174538218452,-2.203158289912312,56.354903672096825
2275,1.0540397487668445,0.37742565157977315,56.558534599653385
2276,-0.4878308385429249,1.7228638372615168,56.754967001281415
2277,-0.0016951963246084,1.057727290915828,56.94396790540878
2278,-0.4046742675444115,0.2693699270811398,57.12530434046327
2279,0.1798400193565617,0.0014166457707034952,57.29874333487274
2280,-0.9034939313488776,0.43944201428387886,57.46405191706501
2281,1.3015012436343685,-0.9224983591022619,57.62099711546789
2282,-1.5571256972709209,-3.7022202612383133,57.769345958509234
2283,0.65709427670721,-3.5759597513240933,57.90886547461689
2284,1.9565700865553064,-0.4958927787739493,58.03932269221865
2285,-2.0745427872618305,3.904058147519484,58.16048463974235
2286,1.4795843938245097,6.228297260559658,58.27211834561584
2287,2.159767970398099,5.446241191334977,58.373990838266934
2288,-2.1610716134922225,3.075202467368754,58.46586914612347
2289,1.7317471702899794,2.7207325320967515,58.54752029761326
2290,0.5093486834458316,3.871939995390011,58.618711321164156
2291,1.3944623252222896,3.796328429573723,58.67920924520398
2292,2.2465587972407897,2.8945900543034346,58.72885114845577
2293,0.5492077982305287,2.6729936972770023,58.767798504492475
2294,-2.797057789594685,3.500598177736662,58.796459611858026
2295,0.1025604593923356,5.062152577842214,58.81528696276545
2296,3.0297502224964554,6.135516728075883,58.82473304942766
2297,-3.0254735687420555,5.3902232046844425,58.82525036405762
2298,2.913542829170019,3.749165771961718,58.817291398868264
2299,-2.2901087117817265,2.418800065709198,58.801308646072535
2300,-2.4380108407651684,1.6602562428817442,58.777754597883415
2301,2.147287072528708,1.0656311809574697,58.74708174651383
2302,-1.8713057537816804,-1.0784368303950764,58.70974258417675
2303,-0.6360860727330677,-4.02010353035207,58.666189603085144
2304,1.4383061846023562,-5.055181480054248,58.61687529545189
2305,-1.2868389305070216,-2.7754132229830155,58.562252153490036
2306,1.1643197285055085,-1.6870923979179808,58.502772669412465
2307,-1.0503172105316698,-2.8885721249004854,58.43888933543216
2308,0.9381086014425204,-2.319163245204578,58.37105464376205
2309,-0.3599692021725957,-1.2497518844425262,58.29972108661512
2310,0.6041333604325655,-1.9394745166368546,58.22534115620428
2311,0.4113196501630001,-2.6096869949054984,58.14836734474251
2312,-0.6920534454689115,-2.387198698973836,58.06925214444274
2313,0.6504809011475803,-1.638928948665547,57.98844804751797
2314,-0.5579807686544148,-2.3484267775266785,57.906407546181086
2315,-0.3029762296008184,-3.720606903044282,57.8235831326451
2316,0.589255731774451,-4.329683030897357,57.74042729912291
2317,-0.6682737620529665,-3.989108855783848,57.65738261783682
2318,0.802745824709246,-4.37758171209936,57.57483588739011
2319,-0.3867929082831214,-4.906295635176514,57.493088543459635
2320,-1.0639971296593047,-4.3483845251636675,57.41238165482297
2321,1.1047623484579945,-2.537699436259043,57.33293708780104
2322,-0.0899475290079493,-2.1649913062087185,57.25493883521666
2323,-1.0437376526105655,-3.134801815321847,57.17853946793241
2324,0.2556125900590102,-3.8594840983277807,57.10387150826877
2325,-1.1177310883245009,-2.413305663037413,57.03103675136191
2326,1.1628575073367906,-1.642983616565203,56.96012610922841
2327,-1.1598014086704436,-3.4314281021843414,56.89122951085477
2328,1.073069066906475,-3.8975059521340194,56.82443688522755
2329,-0.9410018946002666,-2.5988362667329854,56.75983816133326
2330,0.056440437348043,-2.153963705506407,56.69752326815836
2331,0.7049600103927276,-2.342542145082191,56.63758213468945
2332,-0.6417540472437926,-2.248350642669245,56.58010468991303
2333,0.3984356900135144,-1.923616552829118,56.5251808628156
2334,0.600994679446725,-2.073895261830417,56.472900582383694
2335,-0.5674315120645123,-2.355922265539307,56.42335377760382
2336,0.5111004542555472,-2.0077308317180487,56.376630377462504
2337,-0.0373070114840695,-1.415513299462196,56.33282031094626
2338,-0.1361698225629384,-1.2758436844786858,56.29201350704163
2339,-0.1187884218320049,-1.2555114729031092,56.25429989473513
2340,-0.0231204140215763,-1.3166489889916604,56.219769403013245
2341,0.0141436826610751,-1.1926556435235867,56.18851196086252
2342,0.0190372307625026,-1.1696547280319871,56.160617497269484
2343,0.0382527775245782,-1.1644287187452211,56.13617594122064
2344,0.026493821182025,-1.0317710428845412,56.11527722170252
2345,0.0978739185287865,-1.0858851862304097,56.09801126770163
2346,-0.2172471947688781,-0.8672208134356405,56.08446800820452
2347,0.2546808052825922,-0.32941817748026375,56.074737372197674
2348,-0.0830118314995581,0.014102542831951115,56.06890928866761
2349,-0.2427694100820702,0.17569572348118656,56.06707368660088
2350,-0.2216236961095075,0.15230320112551943,56.069320494983984
2351,0.3301938802263633,-0.40593352302981905,56.075739642803455
2352,-0.3004535775645047,-0.7759674814812859,56.08642105904579
2353,-0.2228650296057898,-0.8685896430917504,56.10145467269754
2354,0.295769391277342,-0.6166998040225673,56.120930412745224
2355,0.0314921451874658,-0.37643035336277425,56.144938208175304
2356,0.0497505920803902,-0.423318580054761,56.17356798797438
2357,-0.3615009884472343,-0.63540869268165,56.20690968112889
2358,0.344134400277815,-0.9891876169032424,56.245053216625436
2359,0.3632144011547725,-0.7013029246052613,56.2880885234505
2360,-0.5397566651491904,0.21365113455861168,56.33610553059058
2361,0.5713223845209882,1.0394834484467896,56.38919416703222
2362,-0.5724667107790713,1.1450223490171187,56.447444361761946
2363,0.552449305528207,1.436604650705522,56.51094604376628
2364,-0.0398530168435575,1.950063874811856,56.579789142031714
2365,-0.1752811785660711,2.021217593021282,56.65406358554479
2366,-0.5271447183826358,2.2932854150906197,56.73385930329202
2367,0.0054868200465708,1.975246955693475,56.819266224259955
2368,0.7172813013630395,1.3723444212019156,56.91037427743504
2369,-0.7981644569973706,0.7908910651934913,57.007273391803885
2370,0.8625472768919752,1.027399226755069,57.11005349635296
2371,-0.8995366563554849,1.6807321362867058,57.21880452006878
2372,0.6391968897114104,2.0271899406425025,57.333613169646085
2373,0.90080892207845,1.644648663216723,57.45454241470483
2374,-0.882599629286224,0.9010071129610391,57.58159251632519
2375,0.8609362612918402,0.44437522949593866,57.71468850921223
2376,-0.8331059577440664,1.0293666242898964,57.85373933345417
2377,0.789042043228397,1.2123040276323802,57.99865392913922
2378,-0.7220341599282265,0.5227447786378793,58.149289381290345
2379,0.556305256904136,0.2884052694728392,58.30528947362302
2380,0.4475050217391207,0.23627236765929205,58.46622261060158
2381,0.0204874379183778,0.49786124643776797,58.63165131564385
2382,-0.5183151171119523,0.8671770049443053,58.80113811216764
2383,0.5919960312947495,1.4337584451144028,58.974245523590845
2384,-0.7368921459077654,1.8163560725764925,59.15053607333127
2385,0.3784909200469825,1.2919367951462517,59.329572284806765
2386,1.1354262958306145,0.35365702273421157,59.510916681435184
2387,-1.1420813164376478,0.057957520791110495,59.69412379564653
2388,-1.4247353247579813,0.15602280003313262,59.87871252472485
2389,1.4434151617392323,0.03240574807361718,60.06417909018714
2390,0.3246031515457679,-1.5546191939014442,60.25001604235568
2391,-1.2029633663397017,-3.3227525652129786,60.43571593155267
2392,0.8193822646035823,-3.680153572703936,60.62077130810036
2393,0.3870016614014607,-3.0016763837224527,60.80467472232099
2394,0.1535605848988769,-2.04048015024304,60.98691956534415
2395,0.3053980387566133,-1.4724167325808843,61.16701869382427
2396,-0.2554714573001089,-1.08911898970426,61.344590447004364
2397,0.1747453157156858,-0.864175512540738,61.519430196825056
2398,-0.1352230483831924,-0.7261504994443442,61.69137354782753
2399,0.2047756676428214,-0.4550317721958538,61.86025610455303
2400,-0.0306641949487144,-0.22524927659401106,62.02591347154274
2401,-0.25505510613171,-0.07312614720617294,62.18818125333789
2402,0.3616044580943432,0.011500487425973205,62.34689505447968
2403,0.0284404425929698,0.1896690778976715,62.501890479509356
2404,-0.3496111427752004,0.4166080098071394,62.65300313296805
2405,-0.5459199426061463,0.6358513232090801,62.80006861939707
2406,0.657114191301471,0.5799632653609665,62.942922543337566
2407,0.570430132761834,0.5281693579074107,63.08140050933076
2408,0.2685872437462154,0.23607463433592446,63.21533812191786
2409,-0.6631854744624183,0.31861448882229115,63.344570985640125
2410,-0.680288022850264,0.7913533178115765,63.46893470503868
2411,0.6578852415369288,1.3838498738082559,63.58826488465482
2412,0.2279184931005185,1.6996843778697672,63.70239712902971
2413,-0.5142724746378806,1.7031054319333156,63.81116704270457
2414,0.2724572419740948,1.683132527805303,63.91441023022061
2415,0.3562949369896475,1.6317427668912992,64.01196229611905
2416,-0.3345832385883956,1.4409243936472818,64.10365884494112
2417,0.3151655508473293,0.5154989679247035,64.18933548122797
2418,-0.3187698699833722,-0.2100579395374944,64.26882780952086
2419,-0.2399818765615444,-0.3219610837018094,64.34194296026335
2420,0.366223169904994,0.22540266258663566,64.40837416750838
2421,-0.0107586153176837,0.6429092972824588,64.46784931803522
2422,0.1598714513972967,0.449779742683735,64.52034880591896
2423,-0.0189972345883088,0.25308108252964456,64.56591615205866
2424,0.0433534075147513,0.28205171513180505,64.60459487735345
2425,-0.6108227446531597,0.9143942419508352,64.63642850270232
2426,0.6240848494740546,1.7744546015215603,64.66146054900439
2427,-0.6064521309024898,1.726717593743762,64.67973453715874
2428,0.1451271758263781,1.0535788361092464,64.69129398806439
2429,0.5056252903481273,0.5981922870314509,64.69618242262041
2430,-0.1221741060081006,0.4277307442821553,64.69444336172594
2431,-0.3826269278246427,0.16650660154465552,64.68612032627999
2432,0.3669747761962729,-0.5682316133779259,64.67125683718166
2433,-0.3572587067308827,-1.0526377085990961,64.64989641532998
2434,-0.0399030316938488,-0.9221795499302256,64.62208258162407
2435,0.4069017960868082,-0.49476065304976236,64.58785885696295
2436,0.0375700230014991,-0.08483878524720434,64.54726876224571
2437,-0.3936810406401516,-0.45667477773129295,64.50035581837145
2438,0.4184879919122701,-1.2956515381514557,64.44716354623918
2439,-0.5939112575425347,-2.083824209205509,64.38773546674804
2440,-0.410153480257333,-2.201961620539704,64.32211510079703
2441,0.6672758581462899,-2.087584659072564,64.25030880092628
2442,-0.5463843185070719,-2.5857899277327694,64.17217424623985
2443,0.4193523686890935,-3.4669417472611226,64.08758937857203
2444,0.4816470797139359,-3.438308943827841,63.996661864113904
2445,-0.9571616251795998,-1.9023951749661554,63.89955680014576
2446,1.0096759430049669,-0.12611522695276411,63.796439283947805
2447,-0.997167476266961,0.3696930634665936,63.68747441280037
2448,0.9133614025205888,0.4838113134957424,63.57282728398367
2449,0.6985731455269258,0.848763859695074,63.452662994778
2450,-0.6721623341343914,1.0950156916707898,63.3271466424636
2451,-0.2749733130170034,0.8285299886962679,63.19644332432074
2452,0.509382003979508,0.17989985839077938,63.06071813762971
2453,-0.4534283735204311,0.06329219384967133,62.92013617967076
2454,0.4155857063537683,0.3595517459220864,62.77486254772415
2455,-0.3768582920424626,0.7717959529723337,62.625062339070126
2456,0.3216202403711664,1.277492207844888,62.470887551783946
2457,-0.1971891480992228,1.5747513609786812,62.31243778712054
2458,0.1691428934254314,1.5310158915701855,62.149841215004386
2459,-0.1684779963050813,1.314940325464459,61.983537670840626
2460,-0.0341327169607477,1.1995440831219248,61.814588633838824
2461,-0.1675344650101725,1.703333887819262,61.644200577190915
2462,-0.3904685058368802,1.976888531748012,61.473579974088864
2463,0.9830963015738792,0.7129704007014238,61.3039332977247
2464,-1.681203567633937,-1.0152634536564247,61.136467021290365
2465,2.0817909763520674,-2.264178594329906,60.97238761797783
2466,3.6952409269590496,-1.9281424879381286,60.81290156097908
2467,1.127940325496824,0.9128443510170992,60.65921532348607
2468,-3.053532285322724,5.030996906631904,60.51253537869083
2469,-6.771907589820174,8.887839390034875,60.3740681997853
2470,-8.208028397795324,10.403008137833861,60.245020259961464
2471,-6.973606063369469,7.787008030958174,60.126598032411295
2472,-0.2850178983252615,0.3050099079985019,60.02000799032677
2473,10.82713437429564,-9.59359098119549,59.92645660689985
2474,-10.890668198054936,-14.726292704586209,59.84696090264114
2475,10.54008819625138,-10.441829464517863,59.78174126826649
2476,3.41008880181544,-3.1006510619523513,59.730562260136914
2477,-2.4161522443065864,3.273447050349584,59.69270519395699
2478,-6.377994436481741,6.720654156447259,59.66734028003447
2479,-6.130815506311876,6.587177777634733,59.65363772867715
2480,-3.77321077541789,4.092443025225132,59.650767750192756
2481,-1.1358625854716635,1.4179620305826326,59.657900554889025
2482,0.2425818250860973,0.023211821840112334,59.67420635307379
2483,1.0830811089480823,0.26806353599713434,59.69885535505478
2484,-0.9779136098269487,2.2968958386872176,59.731017771139726
2485,0.5889342766510618,3.2212019117125283,59.76986381163641
2486,-0.3850140067465029,2.080531901472156,59.814482105274344
2487,0.339920135984284,1.0464713104400247,59.86360855357569
2488,-0.3327760873723248,0.6069815930393213,59.915794494333014
2489,-0.2675042291324738,0.29792887898348674,59.969575350148986
2490,0.6215844417279017,-0.6450736067804426,60.023489165052546
2491,-0.7007836427104356,-2.045290340362108,60.07607398307255
2492,0.0509017793665087,-2.8467696276043544,60.125867848237846
2493,0.7084153583282403,-2.8698241629055565,60.17140880457731
2494,0.4221663554439853,-2.6234012515638025,60.21123489611982
2495,0.1038816613371419,-2.3377658282313942,60.243884166894254
2496,-0.554140418687261,-1.7037542422421834,60.26789466092944
2497,0.502665103519832,-0.7844695257741581,60.281804422254325
2498,-0.2079863627661148,-0.07616513213159137,60.2841514948977
2499,-0.4340811401460745,0.16060721725761395,60.27347392288847
2500,-0.2059182926332949,-0.04269402589352389,60.248612318526824
2501,0.2789782729392782,-0.48879693061673746,60.20981865767746
2502,0.4209975237603546,-0.579449370153577,60.15845184639322
2503,0.1021220556605697,-0.19819393686665066,60.096071881206086
2504,-0.6878211618930533,0.6635824032450252,60.024238758648025
2505,0.6779917455224136,1.3474957792264703,59.944512475251116
2506,-0.5787524415196436,0.7202994139723585,59.85845302754729
2507,-0.091380386548997,0.32375997448043997,59.76762041206856
2508,-0.8479504717771019,1.1743758464301326,59.67357462534697
2509,0.2241828296535235,2.1979415064320165,59.577875663914455
2510,-0.299294650099452,3.3172111257963834,59.48208352430307
2511,-0.9003155046553297,4.012557301610542,59.3877582030448
2512,-1.7593939810939103,4.962934284422305,59.29645969667161
2513,-2.4273887670435523,5.71764076532803,59.209748001715525
2514,-2.827073967505245,6.197890852796657,59.129183114708596
2515,-2.0955783974491005,5.539253365266363,59.05632503218275
2516,0.0288595935240557,3.4784066558059514,58.99273375067
2517,1.189843081038373,-1.0598123477407593,58.93996926670239
2518,7.417647095437088,-7.247238672248954,58.89959157681187
2519,11.838463939398302,-11.641624616928773,58.87316067753048
2520,9.945234868806072,-9.737458904044892,58.862224035238825
2521,-0.1171757448923189,0.31900666614097517,58.86816907875135
2522,-15.461883045333916,15.640123103819727,58.891759941514195
2523,15.61895845338796,25.44807509609433,58.932966450517725
2524,-15.484155429639957,18.492568094261344,58.991587335378604
2525,-0.5315943619194681,3.4641730362060272,59.06742132571344
2526,11.321590916957796,-8.481858068096656,59.160267151138854
2527,13.891167995300346,-11.161091536571835,59.269923541271496
2528,7.522467129074396,-4.918656354802401,59.39618922572801
2529,-2.530374113163364,4.991511179038369,59.53886293412499
2530,-10.928748102152383,13.231004706073271,59.69774339607911
2531,-13.20893253994085,15.336303198733908,59.872629341206945
2532,-8.13817055113411,10.074851052008945,60.063319499125164
2533,1.5529170142800237,0.177470386269577,60.2696125994504
2534,11.190964746169827,-9.682272117969106,60.491307371799266
2535,15.229773194684295,-13.957975740472715,60.72820254578841
2536,9.932416660024233,-8.912513511058693,60.98009685103446
2537,-2.9142438446684715,3.667454827514425,61.24678901715404
2538,-16.588749325360638,17.060671551596844,61.52807777376379
2539,16.297219926784013,21.87901822273567,61.823761850480324
2540,-15.606278027050012,12.372638050129728,62.13363997692029
2541,-2.1511234875689027,-1.4063873951313992,62.457510882700305
2542,7.951855408619933,-11.847028706056943,62.795173297437
2543,11.237453554036389,-15.483879504783427,63.14642595074704
2544,7.950200483418533,-12.56122273316214,63.511022249743604
2545,1.711403217696159,-6.699794349707522,63.888391132011364
2546,-3.655221357155129,-1.7220812995051933,64.27730265666032
2547,-6.265015795480465,0.48879544383995466,64.6762203516405
2548,-3.123505103135528,-0.9500618038550837,65.08356690699061
2549,-2.109306681422011,-3.388458331327313,65.49776501274933
2550,0.0583226346004451,-5.97555999355583,65.91723735895539
2551,1.6518655754181584,-8.052272211065663,66.3404066356475
2552,2.355357850679117,-9.151053383543498,66.76569553286437
2553,2.0563980680538343,-9.24792480869857,67.19152674064475
2554,1.4081318347516372,-9.024454783778936,67.6163229490273
2555,0.7391624374621025,-8.77766928551286,68.03850684805076
2556,-1.816377542206277,-8.600123585547538,68.45650112775382
2557,-2.528982725479098,-8.29974575269609,68.86872847817519
2558,-3.065297904914757,-8.168313684438862,69.2736115893536
2559,-0.2952094272836985,-8.704363724044104,69.6695731513278
2560,1.5136687077659816,-11.068704561902443,70.05503585413646
2561,4.918147434827089,-14.84656982264534,70.42842238781824
2562,5.339010598788809,-15.627166041200775,70.78815544241195
2563,-6.185034636541286,-4.447623071414981,71.13265770795626
2564,7.181315912971241,21.358332212538897,71.46035187448987
2565,-8.616767924837847,36.84710729278636,71.76966063205148
2566,10.422504999111265,17.51848833020889,72.05900667067985
2567,-12.229336527989664,0.9025238475759849,72.3268126804137
2568,13.624487727104402,13.804010921603957,72.57150135129166
2569,-4.182317399410777,31.390822026058295,72.79149537335249
2570,-12.526409135875298,39.54119169924038,72.98521743663493
2571,-9.429315901065896,36.278225669888236,73.15109023117768
2572,-0.8213680757713613,27.533581777209598,73.28778629856177
2573,5.111723971855245,21.493148940893327,73.39512708725144
2574,2.80100349135135,23.72521460854165,73.47378190010701
2575,-5.224474839053577,31.69990529835117,73.52456954070242
2576,-10.68866154127507,37.14035272866356,73.54830881261152
2577,-5.283618557565255,31.737800038157154,73.5458185194081
2578,11.412434198702575,15.069648336631321,73.51791746466611
2579,-11.184957866970034,-5.560466584989369,73.46542445195941
2580,5.286439424471257,-19.125597709333096,73.38915828486185
2581,10.313378141036347,-24.053315907983595,73.28993776694725
2582,7.533611538662777,-22.642193240452347,73.16858170178958
2583,3.196868965386336,-18.342777858348924,73.0259088929626
2584,-1.182623175767775,-13.800114968272482,72.86273814404026
2585,-3.9930990439650222,-10.806789214631374,72.6798882585964
2586,-5.507222131777291,-9.090955908427594,72.47817804020488
2587,-5.767763592565303,-8.610662699874277,72.25842629243958
2588,-5.131529543535131,-9.0099222753392,72.02145181887434
2589,-3.971833415181352,-9.916240007901699,71.76807342308305
2590,-2.6033821914964044,-11.015727717143175,71.49910990863958
2591,-1.1543092725288515,-12.18107080658893,71.21538007911778
2592,-0.0813855524633005,-12.956317185628247,70.91770273809155
2593,0.6788886783643125,-13.405785367499039,70.60689668913473
2594,0.975252558448166,-13.379033294269348,70.28378073582118
2595,1.21219508444727,-13.281368766172065,69.9491736817248
2596,0.6459746214887868,-12.369868951908193,69.60389433041941
2597,-0.6302275250903995,-10.738533960388501,69.2487614854789
2598,-0.1249526807787485,-8.759641269698427,68.88459395047718
2599,0.462619261290799,-6.8548297902788695,68.51221052898808
2600,-0.3459562761807824,-5.666473748404647,68.13243002458543
2601,-0.4792833765486748,-5.146787864294481,67.74607124084315
2602,0.6742493626682957,-5.908202344003391,67.35395298133508
2603,-0.7386038400498093,-7.208272587263902,66.9568764273137
2604,0.7686555177954524,-8.154197292203321,66.55554177440787
2605,-0.7747934134853154,-9.165716077508423,66.15050949099373
2606,0.7725282286130498,-10.304837299403118,65.74230907079007
2607,-0.2813288889395129,-10.540165654850433,65.33149454378994
2608,-0.7702344299725914,-9.638484133431554,64.91871856340414
2609,0.7734099440412446,-8.038068382938924,64.50465843889768
2610,0.0073687858423671,-6.857360265378064,64.08999147953571
2611,-0.1097192786480703,-6.325675715935153,63.67539499458323
2612,-0.7771948940109263,-5.244351399294419,63.26154629330535
2613,0.7500708294030223,-3.499193514370168,62.84912268496714
2614,0.1072389827440845,-2.3260404615777825,62.4388014788337
2615,-0.1501174790257923,-1.6711425051442794,62.03125998417006
2616,-0.5536665483139469,-0.8635089619274234,61.62717551024137
2617,0.2624056599478573,-0.15963102626047343,61.22722536631261
2618,0.3491129739102592,0.1488001644408179,60.832086861648925
2619,0.3363775838447252,0.22118511063989718,60.442437305515384
2620,-0.4087975044389075,0.35984349726184317,60.058954007177064
2621,0.4743793782637667,0.8433063458372161,59.68231427589902
2622,-0.5886137206050456,1.2854182996587116,59.31319542094633
2623,0.5258469058383712,1.0418783425775544,58.952274751584085
2624,0.7978131338111677,1.1219572891115037,58.600229577077336
2625,0.287813600122854,2.20444919318592,58.25773720669123
2626,-1.111553991610873,3.9360790419201095,57.92547494969076
2627,1.1204497461030172,6.075430138555934,57.60412011534105
2628,0.9058174304887716,6.599832556604073,57.29435001290716
2629,-0.9242646500533538,5.897422698399168,56.99684195165419
2630,-0.0733506475094195,5.331077406662249,56.71227324084717
2631,-0.3491270669109103,5.8778058771597035,56.44132118975119
2632,0.4110142074500869,6.314408752682295,56.184577039867605
2633,0.2008558796676747,6.766856358689775,55.94228776164255
2634,-0.25835832592153,7.063744068163094,55.71461425775844
2635,0.096007331908987,7.402382619775651,55.50161004831536
2636,0.0372849425940404,7.65981593432214,55.30289912308382
2637,-0.1433769323285941,7.925378843076608,55.117998089251984
2638,-0.1717310745038826,8.125307520495824,54.94642355400805
2639,0.352178619158435,7.830129256301385,54.78769212454018
2640,-0.3881719562446157,7.7368515482080635,54.64132040803655
2641,0.3985189971383511,8.094655991176348,54.50682501168531
2642,-0.3615844835243296,8.617861940849718,54.38372254267461
2643,-0.2698937971024989,8.638364188909792,54.27152960819271
2644,0.1311605257519142,8.339076658820394,54.1697628154277
2645,0.2010094778913306,7.6910517505409,54.077938771567766
2646,0.2003476074316003,6.734078308767288,53.99557408380112
2647,-0.3198637192576447,5.697678359941786,53.92218535931586
2648,-0.0941721339220553,4.746882928621842,53.85728920530022
2649,0.5185338939490853,3.701063877108598,53.800402228942325
2650,-0.7012185957492156,2.0201775583188253,53.7510410374304
2651,0.9295581111856844,-0.29828034913825063,53.70872223795257
2652,-1.1824088510663815,-1.6405535866306464,53.672962437697024
2653,1.4325429416964552,-1.4858211855483698,53.64327824385192
2654,-0.3018603330616197,-1.3373259305438319,53.61918626360545
2655,-1.82814754194942,-1.902055562196337,53.600203104145756
2656,1.9334212306588396,-3.1592666033198737,53.58584537266104
2657,-1.0204310834649202,-4.285198592874524,53.575629676339446
2658,-1.8973786242270243,-4.401693998142145,53.56907262236918
2659,1.7518765336739843,-3.617567351612346,53.56569081793837
2660,-1.5398925775695245,-3.5351082926656825,53.56500087023521
2661,1.3026743309369548,-3.959193717384824,53.56651938644787
2662,-1.0886846186793109,-4.121078355085187,53.569762973764504
2663,-0.6279891261288715,-4.196259113244434,53.574248239373304
2664,0.308199385075072,-3.927691175537524,53.579491790462455
2665,0.1199405825004343,-3.7449508167205168,53.58501023422008
2666,0.9361795155322828,-4.566539614505972,53.59036009897369
2667,-1.0649446940696463,-5.830332811371912,53.59527750544156
2668,0.1307287945187909,-7.030346921334355,53.599618126815564
2669,0.819434044177176,-7.722691588298388,53.60325754412121
2670,1.4002912596463788,-8.30636259803037,53.606071338384
2671,-1.3982164458064965,-8.559718644822864,53.607935090629354
2672,-0.6460215954473228,-7.132702786435511,53.60872438188283
2673,1.1716293977816377,-4.379944190951501,53.60831479316985
2674,0.5736422552063689,-1.2602241607223204,53.60658190551595
2675,-0.7864278046358245,0.5630265046892498,53.603401299946576
2676,0.5993519866835598,0.3719994558292292,53.59864855748721
2677,-0.4446589241720515,-0.5275403349913299,53.59219925916338
2678,-0.019808632530976,-0.9441203534695367,53.583928986000515
2679,0.2623210694164173,-0.8360343884405401,53.57371331902412
2680,-0.0355411245009047,-0.5258867147587729,53.561427839259686
2681,-0.2379607123636795,-0.30898741536901647,53.5469481277327
2682,0.3321274132347757,0.1377228212966179,53.53014976546862
2683,-0.4490033592691911,0.9380950257762448,53.51090833349295
2684,0.6118127667485644,1.699087820420254,53.48909941283118
2685,0.1808709326938568,2.1545304827973686,53.46459858450878
2686,-0.8624578963422341,2.445176466791015,53.43728142955122
2687,-1.2123495443729169,2.7953260153888975,53.40702352898403
2688,-1.2221155607330416,3.2984150969004125,53.373700463832634
2689,-0.7967739925395411,3.9995861774169787,53.33718781512256
2690,1.596970074150799,4.325668761969931,53.29736116387927
2691,0.785744683522105,4.140159225349625,53.25409609112826
2692,-1.624649271394922,3.8073810934999064,53.20726817789502
2693,-1.6006339138241426,3.4438809086191644,53.156753005204976
2694,0.1529893698107423,3.4645500615344114,53.10246056865485
2695,1.425493348617753,3.4800568613555645,53.044449790026675
2696,-0.0805891488819365,3.3877335545056515,52.98285559437628
2697,-1.091148752860534,3.1533385098064173,52.91781024305412
2698,-0.5174400252731242,2.4879975107640258,52.84944251450909
2699,0.0120751870022559,1.7900436258075145,52.77788118719023
2700,0.5075092899741563,1.0592356704794397,52.703255039546406
2701,0.2089011434028839,0.525406006570527,52.62569285002658
2702,-0.2586065979599553,0.24328320088024347,52.54532339707971
2703,0.0896522432667433,0.238072297578531,52.462275459154725
2704,0.0121689522387309,0.4311532330607091,52.37667781470056
2705,-0.0018403687626391,0.6731811265964605,52.288659242166176
2706,-0.1111856460830744,0.6228371260825748,52.1983485200005
2707,0.2942512465510843,0.3098743267964298,52.10587442665248
2708,-0.3696195741834058,-0.14174616638767135,52.01136574057108
2709,0.3305568845664422,-0.49550812477167133,51.914951240205234
2710,0.4595602455396818,-0.9663199495435116,51.816759704003836
2711,-0.4389692946623836,-1.4579506157534996,51.71691991041588
2712,-0.4035309372180429,-1.3020297006722639,51.6155606378903
2713,0.3931449587885919,-0.5859556236646161,51.51281066487602
2714,-0.314508840581888,0.1657100707598811,51.408798769822006
2715,0.0180466401860076,0.4582996286367873,51.30365373117721
2716,0.2420005422825664,0.4304951303269007,51.197504327390526
2717,-0.2249270065189729,0.4844476696080431,51.09047933691094
2718,0.2268691164915074,0.34042334532112983,50.98270753818737
2719,-0.2119486415106118,0.13763093184185893,50.874317709668745
2720,-0.1333230376001396,0.03788440779606628,50.765438629804066
2721,0.2651606675391531,-0.04135974458138758,50.656199077042245
2722,-0.1495330102073554,-0.1771948196248414,50.5467278298322
2723,-0.1900135921863441,-0.7471327767914235,50.43714636897777
2724,0.2558563478791269,-1.9033916767021732,50.327535328823046
2725,0.1212851129605488,-3.689206861424022,50.21792174846347
2726,0.5232178930718087,-6.051540207841129,50.10832231476931
2727,-0.1431833820301903,-7.535585258775182,49.998768640805366
2728,-0.693165461346946,-7.156185279413091,49.88935074076004
2729,0.7446751550450972,-4.324848384147767,49.78017322910269
2730,-0.7704317191584351,-1.27090900114419,49.671340720302624
2731,0.7876929616821596,0.4093492094885627,49.56295782882927
2732,-0.8094562523155362,1.9043270831636294,49.4551291691519
2733,0.6103475142498479,2.741693130010245,49.347959355739924
2734,0.8350795472085099,2.623367449728847,49.24155300306265
2735,-0.8095701696983711,1.6735554441089309,49.13601472558945
2736,-0.0304110860937517,0.9789619483040994,49.03144913778964
2737,0.5386791314375566,0.9533600144298292,48.92796085413262
2738,0.2142464256509526,1.38009908526133,48.82565448908771
2739,0.368275423512711,1.3270899193630301,48.724634657124255
2740,-0.5197536127585136,0.9647476400469049,48.62500597271159
2741,-0.3592687589710741,0.9823957086519468,48.52687305031913
2742,0.2390156699125311,1.3306438256713202,48.43034050441614
2743,0.134424901500688,1.530062149027272,48.33551294947204
2744,0.4987386529504299,1.2587663470934447,48.242494999956136
2745,0.3454212234959941,1.0431875061662228,48.15139127033779
2746,0.4365182727023201,0.501175352211344,48.062306375086344
2747,-0.869302155812601,0.5039572271414645,47.97534492867114
2748,0.9769648021481336,1.1124236522903108,47.89061154556154
2749,0.6820485329769371,1.0097406267961497,47.80821084022692
2750,-1.118001814598824,0.4197563422617503,47.72824547233707
2751,0.4409195302175882,0.12828743154095834,47.65079303824147
2752,0.1391229710655356,0.5050168259339918,47.575860203000474
2753,1.0723758713905562,0.024187741057319023,47.50343638755213
2754,-0.9528354174655989,-1.0006650707840663,47.43350048824968
2755,-0.36064431070882,-0.5253549055308309,47.36599921623965
2756,-0.9088803334502322,1.77797192283652,47.300908410613715
2757,-0.5076913293533362,4.229477505757433,47.2382138235959
2758,0.8115630315588469,5.420535761030903,47.177901207410244
2759,-0.746851001471379,4.626894687190561,47.119956314280806
2760,0.0085424980914303,3.497092605476947,47.06436489643163
2761,0.612338354440966,2.9465489394722972,47.011112706086735
2762,-0.5608914261977866,3.5507059307275757,46.96018549547021
2763,0.1821167487947817,3.8963142343991723,46.911569016806055
2764,0.5095381303417211,3.965212847339931,46.86524902231835
2765,-0.4294380256109748,3.8382267613798313,46.82121126423114
2766,-0.4741368006901387,3.9246953059216825,46.77944149476845
2767,0.4985683840605417,3.661506149785107,46.739925466154354
2768,-0.4940644074505488,2.1514154768376823,46.702648930612874
2769,0.4957104099997019,-0.16330805036777152,46.667597640368065
2770,-0.5137977296159252,-2.7409596180280364,46.634757347643955
2771,0.2504075746015601,-4.724521379266198,46.604113804664635
2772,0.5714349401141218,-5.307087703768237,46.57565276365412
2773,-0.6453400296765482,-4.064019947159891,46.54935997683644
2774,0.6820215973687465,-2.2072427938044115,46.525221196435666
2775,-0.2426997307885341,-1.2605224438873237,46.503222174675855
2776,-0.6920002265332104,-0.7913484372478214,46.48334866378103
2777,0.6612718360427862,0.12314174798197919,46.46558641597524
2778,-0.2987081483506203,1.0987869648680721,46.44992118348255
2779,-0.5423497495424674,1.356011031015482,46.43633871852698
2780,0.4783004420995516,0.34687478456784193,46.42482477333262
2781,-0.2477125873687873,-1.277652512754655,46.415365100123445
2782,-0.3436712912027613,-2.604274159920794,46.40794545112356
2783,0.2159342509804261,-3.1584858295373945,46.40255157855697
2784,0.1332634065382062,-3.0724326411859613,46.39916923464776
2785,-0.1640451721728666,-2.773738999447096,46.39778417161997
2786,0.1124354370743237,-2.5108175787719302,46.39838214169761
2787,-0.0452708145283047,-2.3256780825764602,46.40094889710477
2788,-0.0509649797316824,-2.3245052103337676,46.40547019006545
2789,0.0959449129087616,-2.5078766857125148,46.411931772803754
2790,0.0419042868732365,-2.462223684416924,46.42031939754369
2791,-0.3129927309751563,-2.287626085534143,46.43061881650931
2792,0.3930215259013235,-2.1358373078259763,46.44281578192466
2793,0.3999100560167367,-1.8668001704657196,46.456890114448996
2794,-0.2981563687775173,-1.4446305407189648,46.472786909496484
2795,-0.7246013548593149,-1.0357972064365528,46.49039856129586
2796,0.6871231591655333,-0.5367184909750922,46.509595331809564
2797,0.7071222294587637,-0.5773667844885544,46.53024455502979
2798,-0.6987582196019618,-1.063455306773513,46.552213526375475
2799,-0.3512570434074527,-1.4341124978580777,46.57536954126553
2800,0.3682544500433304,-1.5378343451622087,46.59957989511888
2801,0.3262616531791572,-1.4909735365335852,46.62471188335443
2802,-0.3609418926473521,-1.389690908743733,46.65063280139108
2803,0.3301522773180442,-2.1073622219658055,46.67720994464776
2804,0.0471464604427758,-2.9814570689861544,46.70431060854338
2805,-0.3637233127584131,-3.5280787757384404,46.73180208849686
2806,0.4041453251603289,-3.5336970050874292,46.7595516799271
2807,-0.3922676426178486,-2.8251590356351812,46.78742667825303
2808,-0.3919166895919265,-1.6333776893016192,46.81529437889355
2809,0.5005402851780233,-0.3635623624456116,46.843022077267584
2810,-0.3183630012652879,0.42788593247125795,46.870477068794024
2811,-0.3628496435136815,0.4453229946218538,46.89752664889183
2812,-0.0628508520314303,0.11881273905157122,46.92403811297986
2813,0.3612068861694719,-0.33108564264652846,46.94987875647706
2814,0.2329767068109355,-0.22789258161327158,46.974915874802335
2815,-0.5775212374846427,0.558504474110036,46.9990167633746
2816,0.5460523616306483,1.7618989207565794,47.02204871761277
2817,-0.0837347706067629,2.369855737671007,47.043879032935756
2818,0.0335478472255942,2.2320771480119244,47.06437500476247
2819,-0.3066915654293227,2.0832876369174693,47.083403928511856
2820,-0.1021578937258028,1.8613247941230273,47.10083309960278
2821,0.044693594455588,1.6987765920902296,47.116529813454186
2822,-0.0748601982507259,1.8044988327657538,47.13036136548497
2823,-0.0118631984595076,1.7296681473454518,47.14219505111405
2824,0.0117393307735627,1.6963625034660768,47.15189816576036
2825,0.0016853800229477,1.6989766151342551,47.15933800484278
2826,0.0371387243835014,1.65847941183624,47.16438186378025
2827,-0.0265135568992534,1.7196015909872122,47.166911965912035
2828,-0.0020208963825679,1.6951419764507456,47.16687891993182
2829,0.019440906620872,1.6762761362332257,47.1642829571459
2830,-0.0109401777217589,1.711807195188202,47.15913298253357
2831,-0.0268184238707217,1.7353805227965768,47.151437901074154
2832,0.0676759745395943,1.651117407713463,47.141206617746946
2833,-0.0320063091785817,1.7635582716472702,47.128448037531314
2834,-0.0692832675878951,1.8161122021813645,47.11317106540653
2835,-0.0224532296441639,1.7870686232922361,47.09538460635193
2836,0.0890378154828155,1.6958646191703473,47.07509756534682
2837,0.2605072250853433,1.5471739275441085,47.05231884737055
2838,0.3446243951358784,1.4883182474617336,47.02705735740239
2839,-0.822825341420303,1.823503340998612,46.999322000421685
2840,-0.5280398127957531,1.5589181313879994,46.969121681407756
2841,1.0676347002451014,-0.004100005585013111,46.93646530533991
2842,-1.0936500659900832,-2.607711711207354,46.90136177719744
2843,0.5423259053834014,-4.2061459073431005,46.86382000195971
2844,0.6583854329975856,-4.2822343176035895,46.823848884606015
2845,0.1295998511975156,-3.711057181313164,46.78145733011564
2846,0.1210650208168791,-3.657719264284828,46.73665424346795
2847,0.6620467688507684,-4.15149529849302,46.68944852964225
2848,-0.1971820088410642,-4.442667084776793,46.63984909361786
2849,-0.6420347985057361,-3.9458300418683407,46.58786484037408
2850,0.5750299144165512,-3.008534589306788,46.53350467489024
2851,-0.2101339887442399,-2.1666435134013913,46.47677750214563
2852,-0.3163838924645012,-2.001318244696505,46.417702137161
2853,-0.0446878922355959,-2.21166376910734,46.35635166134293
2854,0.0840611584339705,-2.276933087824857,46.292871929390884
2855,0.0299229091290306,-2.15736376483591,46.227440855706874
2856,-0.1951963006122186,-1.8650444124512033,46.160240713063416
2857,0.1526285982676828,-1.2440823725007206,46.091453774233045
2858,-0.0355706672356451,-0.9856916447525566,46.0212623119882
2859,-0.0058474722490829,-0.9440011268523878,45.94984859910148
2860,0.1726175035179955,-1.0500124118633514,45.87739490834535
2861,0.1493046853901361,-0.953388197882495,45.80408351249236
2862,-0.2256733306168098,-0.4444233536981963,45.730096684315015
2863,-0.2038156040710294,0.5481989074852205,45.65561669658581
2864,0.2335687339802343,1.5156054439424622,45.5808258220773
2865,-0.021512077473289,2.00560574391132,45.505906333561974
2866,-0.1454628666116451,2.204422362799311,45.43104050381234
2867,-0.0068518924587043,2.1404412868577674,45.35641060560094
2868,-0.0849815420418353,2.292782630341547,45.28219891170029
2869,-0.0124400034446318,2.2938523085617337,45.20858769488291
2870,-0.0016547526231359,2.3558955247018614,45.135759227921284
2871,0.1839259240472152,2.2421782923648426,45.063895783587945
2872,0.2720580211849443,2.2247623441596334,44.993179634655434
2873,0.2940241407214505,2.272182805382326,44.92379305389623
2874,-0.5092156376249838,2.5932973235421115,44.85591831408287
2875,-1.0416060896984998,2.4218684017106327,44.789737687987866
2876,-0.1633454224939486,1.6079119741102088,44.72543344838374
2877,1.321572197595684,0.015239934361300111,44.66318786804301
2878,-1.3729901508888658,-1.730193068849315,44.603183219738185
2879,-0.8773996004819112,-2.16820217575986,44.54560177624177
2880,0.5400411704510193,-1.4506630503063116,44.4906218798553
2881,1.1345749192335928,0.18704308580649665,44.43838199495991
2882,0.9335072547088896,2.1775767749333625,44.38891597035776
2883,0.1837720849443113,3.7039982771342803,44.34222963792141
2884,-0.3285539464162854,4.26017964602809,44.29837430038819
2885,0.5321498673599572,3.440436489187862,44.25741364345218
2886,-0.7305048527494925,2.5110934999420875,44.21941135280741
2887,-0.5914183084552562,2.4069871943072965,44.184431114147955
2888,0.4692116823452091,2.8782517044868916,44.152536613167904
2889,0.0180446926177385,3.358163771820971,44.123791535561296
2890,0.650830705793025,2.750909727184781,44.09825956702219
2891,-0.5920760021286829,1.5160716088840085,44.07600439324467
2892,-0.1839958674056777,1.1369061674828844,44.057089699922784
2893,-0.6677936922572271,1.636214519506625,44.041579172750595
2894,0.7728362801707019,1.747627222407106,44.029536497422185
2895,-0.785300586155327,0.904275226523706,44.02102535963162
2896,-0.0939956069196036,0.21788616184667342,44.01610944507294
2897,0.725723726858535,0.1794238337012446,44.01485243944022
2898,0.390096815628308,0.6125851559441745,44.017318028427525
2899,-0.3326189597475031,1.3290490620185755,44.02356989772892
2900,-0.4997557478041015,1.48608401476562,44.03367173303848
2901,0.4609286809710141,0.5113840989787337,44.04768722005025
2902,-0.3772862277803677,-1.0483938166779498,44.06568004445832
2903,-0.3492191085644511,-2.6784947833922725,44.08771389195672
2904,0.1385343144309466,-3.5523867626704844,44.11385244823954
2905,0.3940105118734617,-3.528169910874294,44.144159399000834
2906,-0.4927494663814026,-2.675948963553266,44.17869842993467
2907,0.5837301957819727,-1.7412634225170787,44.21753322673511
2908,-0.6765213409569899,-0.5242061341392384,44.26072747509624
2909,0.7357514975282393,-0.12409635824030918,44.30834486071207
2910,-0.7321667017688277,-0.9582823675078775,44.36044906927671
2911,0.6593861885341923,-1.476489975018413,44.41710378648422
2912,0.0623773373669802,-1.3707238364315666,44.47834649906459
2913,-0.3918749339542713,-1.2522319545853011,44.544106888539574
2914,0.1819552518577595,-1.386231651916749,44.61427640005898
2915,-0.1447137919300241,-1.1339996242386636,44.688713416168696
2916,0.08281950384685,-1.0599727405797743,44.76715323673292
2917,-0.0384685568376335,-1.010821072830581,44.849289629668206
2918,-0.012536479457129,-0.9722770137600466,44.93481349321718
2919,0.0323736382503941,-1.0757893638727918,45.0234157256224
2920,-0.0495367066439197,-1.0852505184825476,45.11478722512646
2921,0.0834624998868004,-1.2920813898587662,45.20861888997196
2922,-0.10402196589432,-1.5505796525071907,45.304601618401506
2923,-0.0939205975508024,-1.878505711106906,45.40242630865771
2924,0.1075320180339129,-2.1093158770170466,45.501783858983146
2925,0.115151188024787,-2.2175163556451882,45.602365167620405
2926,0.7126882861750531,-2.5065494189871687,45.70386113281211
2927,0.580856901161638,-2.4768195539624753,45.80596265280083
2928,-0.1606642804947915,-1.837696345334398,45.908360625829175
2929,-1.2172245669483777,-0.4735213831913797,46.010745950139764
2930,-0.8762279617549182,1.3034184377797748,46.112809523975145
2931,1.3248212876718308,2.290936466750208,46.214242245577964
2932,-0.9175561139816684,1.562821100790901,46.314735013190784
2933,-1.2137896011235414,0.5098108760673303,46.41397872505622
2934,1.1145039476853384,0.37383177289780367,46.51166427941686
2935,-0.8123815285752672,0.47489895405997545,46.60748257451529
2936,0.5384991273234971,-0.1596236359176203,46.70112450859412
2937,0.7140880559387652,-0.1663690358347375,46.79228097989597
2938,-0.97439916187017,1.283756275206773,46.88064288666338
2939,-0.1252701005260561,3.1993689733870303,46.96590112713902
2940,1.022651915035397,3.6196014853991816,47.047746599565414
2941,-1.0173495415399223,1.6314846023834262,47.12586493915649
2942,0.2076096490429521,-0.4075343060632697,47.19992465702032
2943,0.9289393971309772,-0.9785441104035394,47.269604713272564
2944,-0.8668016238798403,0.18220750457490031,47.33459411930493
2945,-0.0754285666954849,0.6808131401934352,47.39461542650206
2946,0.7414846094397588,0.5190812041542168,47.44943418640603
2947,-0.6813138419538974,0.19248441652034032,47.49882942543355
2948,0.6328425556191329,0.7645699004316386,47.54258754394923
2949,-0.4671568734557338,0.8866602599486454,47.58049661350709
2950,-0.6346323985873744,0.3622876929262038,47.61234470566119
2951,0.8141037072502606,0.03797640078421825,47.637919891965524
2952,-1.0446067245966753,1.0375964806225102,47.657010243974156
2953,-0.0238189278767438,1.054415094635576,47.66940383324118
2954,1.5693057975809248,-0.3241945289014895,47.674888731320564
2955,-1.727259043110741,-2.1159939666556498,47.673253009766384
2956,1.7533888389249703,-1.6276735790576677,47.6642847401327
2957,0.2256829261543489,-0.11345492012785702,47.64777199397351
2958,-1.2499688825249375,0.7964660396820757,47.62350284284285
2959,-0.55402563730084,0.5127362408396023,47.59128939646124
2960,-0.4110651620083066,-0.059981593029423186,47.55104675503773
2961,-0.3184802033933505,-0.3742965112522384,47.50277671464559
2962,0.1398309319494029,-0.5964679759246503,47.446637043975244
2963,0.2662033493700351,-0.8190600504255914,47.38285670105556
2964,0.2493371514201123,-0.6410266895145864,47.31168953809447
2965,-0.2868344110077058,-0.35655924254454174,47.23339365355224
2966,0.2364371488973617,-0.3246642947864604,47.148227145889095
2967,-0.1941422968469437,-0.5023058167183723,47.05644811356532
2968,-0.0799954253070499,-0.3983192297340272,46.95831465504108
2969,0.1286327692019614,-0.36271763797860496,46.85408486877665
2970,0.0086518366573544,-0.19266868988961408,46.74401685323226
2971,-0.1022193995010262,0.0738506926328649,46.62836870686816
2972,0.0917441126575774,0.3908528682808736,46.507403019061556
2973,-0.0953369400323244,0.703934294631787,46.38140264540054
2974,-0.0758788463219053,0.8152147037589448,46.250664142562954
2975,0.1974114717818149,0.677103533396072,46.115484994822104
2976,-0.217760501214968,0.2516055596247183,45.97615494159025
2977,0.2328946176594984,-0.05584749166502209,45.83295287400553
2978,-0.2544007549193819,-0.4017523851829834,45.68615314010237
2979,0.1482450926176349,-0.6442732969375566,45.53602820431993
2980,0.3261866505893259,-0.6190366045394334,45.382849953950114
2981,-0.2490013804173819,-0.23788912142439408,45.22689050184178
2982,-0.4698168394321346,0.1413950864895523,45.068421752942584
2983,0.082959021215643,0.009325442870634387,44.90771553591371
2984,0.745679399125168,-0.4907230785415295,44.74504367941637
2985,-0.8423465550102499,-0.988331457101476,44.58067801211173
2986,0.9359041898638112,-0.46079455252481516,44.41489036266102
2987,-0.1237571085293849,0.8758045488039923,44.24795255972539
2988,-1.124236707926118,2.0441002759600395,44.08013643196608
2989,-0.1925223888468195,1.2808085808025325,43.91171380804429
2990,1.2393749256261206,-0.782331442247296,43.74295651662118
2991,-1.2125625429871834,-2.521573843370792,43.57413638635798
2992,1.1038856711152716,-2.679410917031147,43.40552524591587
2993,0.3027074188207289,-1.7101023427767932,43.23739492395606
2994,-0.7127462940599079,-0.5272709550798481,43.07001724913975
2995,0.5063420687866127,0.3599938810852596,42.90366405012813
2996,-0.2001175455093642,1.23151038992698,42.73860715558239
2997,-0.1407880835815105,1.335669689417784,42.575118394163724
2998,0.1256742289237622,1.2308561765428907,42.413469594533346
2999,-0.1394160656765438,0.885483480324085,42.25393258535246
3000,0.0800469547284967,0.8231738499892581,42.09677919528225
3001,-0.0164310529303253,1.0741497999464347,41.94228125298388
3002,-0.121874853257943,1.3311642661393248,41.790710587118625
3003,-0.2444542920317439,1.6021152656841278,41.64233902634761
3004,0.3965998929152458,1.105974898111768,41.497425208972984
3005,-0.40482476690946,0.04866333629328706,41.35616143061617
3006,0.3777025790193449,-0.5963684359637434,41.2186658569444
3007,-0.2929211042774287,-0.7920924944443246,41.085013598721744
3008,-0.104175844645426,-0.8510839189116904,40.95525976355711
3009,0.1264565708736228,-0.9559052092867193,40.829448638413105
3010,-0.0506097451017824,-0.6570034601164794,40.707613205218266
3011,-0.0527585514789698,-0.5370254001104334,40.58978395158941
3012,-0.0019083957371084,-0.4740829694061389,40.47599136514325
3013,-0.0841790635230676,-0.2820868699734921,40.36626593349656
3014,0.1989254455367909,-0.4495635898029123,40.260638144266125
3015,-0.2069942603059172,-0.9521442247627669,40.15913848506868
3016,0.0940683461786819,-1.1558657896996862,40.061797443521
3017,-0.0035119480451819,-0.9651335591946587,39.96864550723984
3018,-0.0190825944336282,-0.8606305694083317,39.87971316384197
3019,0.2362379018787467,-1.0312688028228618,39.79503090094411
3020,-0.2960664154823948,-1.4185627906806682,39.71462920616306
3021,0.2154962541207749,-1.854034821236366,39.63853856711559
3022,0.2631941403389592,-1.8299836117573827,39.56678947141843
3023,-0.390676068495328,-1.10873384849201,39.49940991698734
3024,0.3761746883002647,0.08740979851401241,39.43641551318572
3025,-0.1964404519284996,0.7186381058453543,39.37780234608314
3026,-0.1656825218834257,0.7421500554855505,39.323532466397864
3027,0.0599476405264895,0.5665011380517815,39.27355122142173
3028,0.0829440573804335,0.5892567922545273,39.22779915036503
3029,-0.0023631916048642,0.7161562426649767,39.18620694893988
3030,-0.0214895735078689,0.7727867215240994,39.14870285198377
3031,-0.0106755572123166,0.7954604628781196,39.11521509433419
3032,-0.0173564486899148,0.8316855325426878,39.08567091614723
3033,0.0096670272582749,0.8303424119290292,39.059990560812686
3034,0.0113359510391521,0.8505827256557226,39.03808132330511
3035,0.0054908878763294,0.8746633240872724,39.01984578803639
3036,-0.0071807927933594,0.9020018809710212,39.00517891182234
3037,0.0154207651464323,0.8906011904165179,38.99397804443704
3038,0.0330313077777723,0.880823751409217,38.98614494081301
3039,-0.0384275959857231,0.956843856655173,38.981583739330546
3040,-0.0807643241088184,1.0005579711847092,38.9802063529241
3041,-0.0202222668054842,0.9382916611854242,38.98193060562005
3042,0.1074377592909504,0.8058868644777986,38.98667537623126
3043,0.1927417967769704,0.7128986596524712,38.99435954357055
3044,-0.0251776362444918,0.9202756497936652,39.00490198645082
3045,-0.46233011534227,1.3441087089297992,39.018221406412465
3046,0.4428123229228838,2.42295234538791,39.0342353316892
3047,-0.3735761148275048,3.220716858452902,39.0528592563746
3048,0.7952804665252912,2.0307113231294003,39.07400821034531
3049,-0.8607496845228733,-0.23684753895512917,39.097597223478004
3050,0.5115590646232218,-1.6351003902725412,39.12354132564933
3051,0.7004273075153361,-1.8521828542512448,39.15175554673591
3052,0.4877482899351664,-1.6699032065495945,39.18215491661442
3053,0.2982611971337875,-1.5129086271708996,39.214647430037104
3054,0.1048748571785583,-1.3539846441561592,39.24910978697761
3055,-0.5706055987501696,-0.7147934364117492,39.285399035161916
3056,0.4826413354147855,0.09398959655000716,39.323369068035205
3057,0.0397413135300706,0.4973803715626662,39.36287831490726
3058,-0.2426833686060162,0.7388651636342021,39.40381820497179
3059,-0.0202550176694244,0.47408414878641075,39.446170868883
3060,0.0018662600176574,0.40808941079826894,39.49004432918407
3061,-0.030145523068342,0.394555871208242,39.53558965186008
3062,-0.011586510436802,0.3286245316537093,39.58296197878309
3063,0.01161696954138,0.25606657863353577,39.63231645182508
3064,-0.001091077374322,0.2172828645162389,39.683808212858075
3065,0.0110872113889234,0.15132038485696486,39.73759240375411
3066,-0.0270023429373399,0.13317817655215775,39.79382416638518
3067,0.0311903141611897,0.01615104321549715,39.85265864262332
3068,-0.0261132057456738,0.011862231405150608,39.91425097434052
3069,-0.0466819960703506,-0.032074307338470914,39.97875630340882
3070,-0.0299108909382414,-0.11641888076200357,40.04632977170024
3071,0.1928993638782104,-0.41002588496499287,40.11712652108678
3072,0.2738892562430277,-0.5651909496835092,40.19130169344047
3073,0.2030648520364022,-0.5720752826697368,40.26901043063333
3074,-0.4714968879540478,0.02108901341668623,40.35040787453735
3075,0.4835378681139289,1.0808129648614855,40.43564916702459
3076,-0.3394464795918341,1.8145570296248086,40.52488944996702
3077,-0.2499554263480075,1.6316715611113075,40.6182838652367
3078,0.0507316327268282,1.233280812567563,40.715987554705606
3079,0.0766443992126775,1.105198841263431,40.81815675952391
3080,0.0621960787874183,1.0128566911639338,40.92494723004866
3081,0.017950543726696,0.9455850931581595,41.036464363115144
3082,-0.0398639609960462,0.8871828980577485,41.1526810629383
3083,-0.0221657708361506,0.7486274382819391,41.27353833255421
3084,-0.034474164423131,0.6354969894240836,41.39897717499906
3085,0.0550536569299202,0.4160311487929059,41.52891519427719
3086,-0.017744517566881,0.35459298025901054,41.663151537307876
3087,-0.0093518237940881,0.20798931564821727,41.80136250814587
3088,-0.0078844036165137,0.0646848537288708,41.94319954988765
3089,0.002641421145436,-0.09095552677515911,42.08831410562973
3090,-0.0162665095024387,-0.22009110896617168,42.23635761846862
3091,0.04025432711509,-0.4272358586159349,42.386981531500844
3092,-0.0962835663072431,-0.443553721515644,42.53983728782289
3093,-0.1328083182473103,-0.5617680122839882,42.694576330531305
3094,-0.091084649318923,-0.7597654534036166,42.85085010272254
3095,-0.1566862531491772,-0.8516258259898355,43.00831207913902
3096,0.0330048060896821,-1.1996364586404977,43.16663165255082
3097,0.5823629476745618,-1.907874360825394,43.325511413150835
3098,-0.5978431833124782,-2.886818559263746,43.48466174257622
3099,-0.5999423733189958,-3.043848559399226,43.64379093271822
3100,0.6851478325648539,-2.4877204709309795,43.80257263836613
3101,-0.6830340828675247,-1.6775363542766448,43.96057043714416
3102,0.6859186930414809,-1.1232288218169444,44.11731012877547
3103,-0.1082324941693929,-0.4840821438680698,44.272314638037464
3104,-0.4349403745344246,-0.3101665151731996,44.425106889707635
3105,-0.6109552012470132,-0.2842546073163946,44.57520980856343
3106,-0.65283416951887,-0.3893121498633991,44.72214631938227
3107,0.8900548074029718,-0.7554941543446603,44.865439346941685
3108,-0.7808816998344341,-1.4737301161846448,45.00461181601907
3109,-0.8731108661681896,-1.5160757852237494,45.13918665139194
3110,0.2616171012363871,-0.6403038790740774,45.2686867778377
3111,0.6999861569164737,0.6573787229496912,45.39263512013384
3112,0.6319431356297517,1.847502261312469,45.510554603057784
3113,-0.0680312767615505,2.4360631253745204,45.62196815138704
3114,-0.110315644245368,2.383916954346351,45.726398689899014
3115,0.0368965534973867,2.139734303131397,45.82336914337122
3116,-0.2080306853834957,1.7956282488024478,45.912402436581054
3117,-0.0719126858718988,1.678891191565896,45.99302149430602
3118,0.1025044223513104,1.4327463363251525,46.06474924132354
3119,-0.0582993004166553,1.5311906980055512,46.1271086024111
3120,-0.1296393151933322,1.5500168128471743,46.17962250234616
3121,0.2044401260613952,1.173746008032459,46.22181386590615
3122,-0.2161948209550315,0.9229892030864848,46.25320561786855
3123,-0.2108931680756537,0.8974527873814317,46.273440380694225
