,imf0,imf1,imf2,imf3,imf4,imf5,imf6,imf7,imf8
0,0.15200541300295492,-0.5706825379674135,-2.1894911982850007,1.051599590655102,-8.091570304432597,16.14023853584571,10.350081494180715,1.9222278194898292,41.4055911875107
1,0.4733435401241149,-0.8385775343267692,-2.435206265284902,1.1782669973585653,-8.20295629148572,16.155280432881906,10.370271439602805,1.8953243057190186,41.40425337541098
2,-0.4474656407473302,-0.6631260527166825,-1.7793623167387005,1.351091804768447,-8.283704848198367,16.162851887268,10.388840568143936,1.8679440129958194,41.40293058522488
3,0.31263045943301776,0.22557648381537218,-0.5581583198741392,1.5421053751198597,-8.332505064548036,16.162850507977467,10.405791600951037,1.840086149692709,41.40162280743271
4,0.2963909890742922,0.7893871936408576,0.7587328785600588,1.7151538493852547,-8.34804603051216,16.155163679514068,10.421137483640674,1.8117499241822494,41.4003300325147
5,-0.4742197284196504,0.4772496912540836,1.7353467606974244,1.8340833685372948,-8.329028158326683,16.139688115394915,10.434893155074539,1.7829345448368976,41.399052250951186
6,0.7416130091529547,-0.1290448115955291,2.084020832618669,1.862740073548391,-8.274221618350062,16.11639028725967,10.44707355411433,1.7536392200291906,41.39778945322238
7,-0.28141070632072895,0.2981674401971038,1.7289277627969424,1.7738603091492156,-8.182989078746463,16.08534586536198,10.457693619621727,1.7238631581316155,41.39654162980861
8,-1.623031096957795,0.409580168094418,1.0920229490868418,1.575741235102708,-8.056650873535897,16.046654989044438,10.466768290458445,1.6936055675167143,41.39530877119012
9,2.0183081287513067,-0.5344671080705695,0.5959125727794143,1.285570214929908,-7.897010635930049,16.000417797649607,10.474312389237241,1.6628657728059444,41.394090867847204
10,-2.199052623635302,-0.7242043167584932,0.25698814941074555,0.9205346121518447,-7.705871999140568,15.946734430520065,10.480340236565334,1.6316436006262467,41.39288791026013
11,2.0691020111614433,0.660897148417638,-0.10499230005163689,0.4978217902895582,-7.485038596379157,15.885705026998417,10.484865794810947,1.5999392358436193,41.39169988890918
12,-1.6742051736150472,0.18407384284361575,-0.5717861316033443,0.034619112864107765,-7.236314060857529,15.817429726427196,10.487902613524533,1.5677532761418613,41.39052679427461
13,1.200331165126021,-0.5751880475798168,-0.8676828816022986,-0.45188605660351727,-6.961502025787344,15.74200866814904,10.489464065033053,1.5350864964281414,41.38936861683673
14,-0.8543317585515676,0.1551262338144108,-0.7361648730100165,-0.9414940097280254,-6.662406124380286,15.659541991506464,10.4895630696378,1.501940123635449,41.38822534707577
15,0.7311894200380579,0.4427568428202182,-0.3469453929943404,-1.3999256236667386,-6.340829989848055,15.57012983584206,10.488211920780744,1.4683160115559923,41.387096975472055
16,-0.19486746118541862,-0.04566620726717301,0.04057006687041657,-1.7809539019056198,-5.998577255402306,15.473872340498398,10.485422521658826,1.4342164042270302,41.385983492505844
17,-0.9601300521086783,-0.2823341481500114,0.2792653469415994,-2.035954447058471,-5.637451554254737,15.37086964481807,10.481206707642844,1.3996436135119894,41.384884888657396
18,0.1279484979512875,0.24693649290688,0.3310165019417476,-2.1317657198106947,-5.259335080917756,15.261221888143671,10.475576314103625,1.3645999512742268,41.38380115440701
19,1.3089867455749487,0.33895429563920754,0.25324248119558385,-2.0602561850516024,-4.866319733199969,15.14502920981773,10.46854317641196,1.3290877293771892,41.38273228023495
20,-1.4447129635803477,-0.5158106942841976,0.09496085248277457,-1.8315777874610073,-4.460157802584449,15.022391749182828,10.460119129938652,1.293109259684258,41.38167825662149
21,1.6276431577344903,-0.12751541508599662,-0.1776549088080759,-1.4610073789344402,-4.04249703864785,14.893409645581604,10.450316010054504,1.2566668540588402,41.38063907404692
22,-1.9310536715124789,1.03599441760407,-0.31684932453881753,-0.9698124684288658,-3.614985190966656,14.75818303835654,10.43914565213036,1.2197628243643373,41.379614722991505
23,2.2632936349126727,-0.40763168277725226,-0.0887766388102165,-0.392051938994676,-3.1792700091174724,14.616812066850324,10.426619891536927,1.1823994824641861,41.378605193935506
24,-2.413908170036377,-1.807758373697551,0.3230662433262811,0.23126249145296005,-2.7369992426768017,14.469396870405408,10.412750563645112,1.1445791402217336,41.37761047735924
25,0.7288623534207533,-0.15016489650303785,0.6565332981721674,0.8580681206978981,-2.2898206412212794,14.31603758836446,10.39754950382566,1.1063041095004313,41.37663056374294
26,1.9799005906812206,2.2771004778196997,0.7549735860526384,1.4463022465238733,-1.8393819543274195,14.156834360070006,10.381028547449402,1.0675767021636708,41.37566544356691
27,0.12005168032335925,2.947065954097087,0.4826531034580518,1.959359001555246,-1.387330931571776,13.991887324864669,10.36319952988711,1.028399230074829,41.374715107311424
28,-0.9886834727437753,1.4394531921935434,-0.22545420807480246,2.3820753520012867,-0.9353153225309331,13.821296622090964,10.344074286509622,0.9887740050973629,41.37377954545674
29,1.0405729316763614,-1.6794961578388725,-1.0696901042146147,2.7032070758015383,-0.4849828767814253,13.645162391091517,10.323664652687716,0.9487033390946438,41.37285874848314
30,-1.390056535603948,-3.770935995194985,-1.6578610562214127,2.9111254451181217,-0.037981343899866994,13.463584771208875,10.30198246379223,0.9081895439300635,41.37195270687093
31,1.1255683272429347,-3.5348500904009277,-1.6649309458163901,2.9961713828902212,0.4040415265372278,13.276663901785634,10.279039555193927,0.8672349314670488,41.37106141110033
32,1.5093551040389819,-1.9722607807802306,-1.071581747747598,2.959675416397373,0.8394376584427977,13.084499922164374,10.254847762263632,0.8258418135690014,41.37018485165166
33,0.10441245024844527,0.115707390227493,-0.07400665195017003,2.817335580868456,1.2666038174414738,12.887192971687655,10.229418920372146,0.7840125020992981,41.36932301900521
34,-1.1965600553910292,2.0323167323695572,1.0945127004594346,2.5876004357094433,1.6842969197016764,12.68484318969806,10.202764864890275,0.7417493089213755,41.36847590364121
35,-0.2915897636720791,3.591556484923734,2.200694668364576,2.28816884841168,2.0920235733065353,12.477550715538126,10.174897431188846,0.6990545458986304,41.367643496039946
36,0.8695739471237486,4.259137914656673,3.011257610648674,1.9365638004261838,2.489466272379424,12.265415688550506,10.145828454638606,0.6559305248944696,41.366825786681716
37,-0.9080858374955859,3.7136952495452724,3.325108084103843,1.5504646502955066,2.8763075110437963,12.048538248077708,10.115569770610385,0.6123795577722898,41.36602276604679
38,0.09346644999780439,1.5761046316934584,3.087437483488293,1.1459715224491411,3.2522297834230263,11.827018533462356,10.084133214475006,0.5684039563954926,41.36523442461543
39,1.4188394477887127,-1.632984657861388,2.3457535867946544,0.7305219484918111,3.6169155836405276,11.600956684047006,10.051530621603263,0.5240060326274949,41.364460752867906
40,-1.7475155679639238,-3.9080932799084107,1.1650962183470945,0.3093487175490818,3.970047405819774,11.370452839174211,10.017773827365966,0.4791880983316732,41.36370174128454
41,2.041048922876367,-3.6065819999320343,-0.36885093681255854,-0.11231538125336069,4.311307744084079,11.135607138186609,9.982874667133867,0.43395246537146953,41.36295738034556
42,-2.28855387240569,-1.16321977893222,-2.073261685275112,-0.529237558789981,4.6403790925569375,10.896519720426692,9.946844976277859,0.3883014456102654,41.362227660531246
43,-0.22793467294367373,1.12683622580709,-3.6863977109292008,-0.9361850259351132,4.956936674213822,10.65329799638502,9.909696590168672,0.34223735091146257,41.36151257232192
44,2.73640643506533,2.6734931568180826,-4.946695630415961,-1.3279249935631516,5.260626627438483,10.40607846114377,9.871441344177152,0.29576249313847786,41.36081210619781
45,-2.983398024280863,3.2155713322954753,-5.6801378463339764,-1.6992246725485407,5.551087819466818,10.155004880933113,9.832091073674066,0.24887918415470794,41.360126252639205
46,0.038353009215735256,3.2801143271140325,-5.854029951444912,-2.0453198763828158,5.827959117534647,9.900221021983107,9.79165761403026,0.20158973582355952,41.35945500212639
47,1.3138358811187358,3.0709903189591574,-5.516075756415497,-2.364348088828756,6.090879388877868,9.641870650523936,9.7501528006165,0.15389646000841928,41.35879834513964
48,2.9405507268405646,2.7274969554066817,-4.7402651017933515,-2.658914023507477,6.3394875007323215,9.380097532785706,9.70758846880362,0.10580166857273414,41.3581562721592
49,4.161255791305657,2.439352385146801,-3.6156808268232847,-2.9322080059692603,6.573422320333877,9.11504543499855,9.663976453962418,0.05730767337986059,41.35752877366538
50,-0.08172921541505924,2.1954884435406274,-2.230291334535741,-3.1873099497961825,6.792322714918361,8.846858123392627,9.61932859146367,0.008416786293230517,41.35691584013847
51,-4.047886433655876,1.9514129800186044,-0.656839191625315,-3.4272997685702413,6.995827551721694,8.575679364197995,9.573656716678192,-0.040868680823759405,41.356317462058705
52,-4.987637596630864,1.5644593692008482,1.0210471029034986,-3.6552573758735036,7.1835756979796965,8.30165292364484,9.52697266497681,-0.09054641610770746,41.35573362990638
53,-2.87415985776855,0.9665657937264102,2.7078896622417945,-3.8742626852880266,7.355206020928225,8.024922567963245,9.479288271730319,-0.14061410769520186,41.355164334161785
54,-2.591104726357044,0.03770719916434393,4.30064819251013,-4.087395610395838,7.51035738780318,7.745632063383375,9.43061537230952,-0.191069443722856,41.35460956530518
55,-0.9010612909581807,-0.7531450609258313,5.696223571112446,-4.297736064778965,7.64866866584038,7.463925176135347,9.380965802085207,-0.24191011232723797,41.35406931381684
56,1.472017171962981,-1.5954187102404902,6.811279940611728,-4.5083639620194536,7.769778722275684,7.179945672449263,9.330351396428208,-0.2931338016449662,41.353543570177045
57,2.8966599016087535,-2.1830198814788124,7.614477336906424,-4.722359215699402,7.873326978219991,6.893836764680315,9.27878399070929,-0.34473819981261883,41.353032324866064
58,5.750008730237743,-2.6486844341432825,8.095466031785005,-4.94357484154382,7.958955070284134,6.605739449683565,9.226275420299277,-0.3967209949668143,41.352535568364196
59,3.3592309250195242,-2.8610739224216695,8.262888965382354,-5.178956263849886,8.026305188954037,6.315794170439109,9.172837520568967,-0.4490798752441257,41.35205329115169
60,-1.5392848445021776,-2.8290907177216704,8.143463188845269,-5.432503603080912,8.075020141700707,6.024140752941933,9.118482126889198,-0.5018125287811764,41.35158548370883
61,-5.5625420091630975,-2.1824296235910627,7.743216661932143,-5.693343355792232,8.104745667339984,5.730916091842192,9.063221074630707,-0.5549166437145348,41.35113213651589
62,-3.8821940291238777,-0.9882326491657536,7.05655617333746,-5.946883612562239,8.11513040121171,5.436254185265964,9.00706619916437,-0.608389908180809,41.35069324005318
63,-1.6717011868291538,0.441766813403193,6.104286717054861,-6.178532463969401,8.10582547913744,5.140286530857774,8.950029335860947,-0.6622300103165871,41.350268784800924
64,5.116165417654879,1.58597822431643,4.9063812523478365,-6.373698000592073,8.07648379641681,4.843142866783945,8.892122320091236,-0.7164346382584827,41.349858761239425
65,-0.20680569429695567,2.1940118171392524,3.4570523436741687,-6.517788313008699,8.02675858173845,4.544952597821806,8.83335698722608,-0.771001480143074,41.349463159848966
66,-1.2643516922497222,2.499223615299026,1.7422924565694955,-6.5962114917976455,7.9563030637909735,4.245845128748791,8.773745172636247,-0.8259282241069742,41.34908197110981
67,-1.45397074691305,2.2572357438499187,-0.2004110439127486,-6.594359589797475,7.864754433523109,3.945949864342221,8.713298711692538,-0.8812125582867516,41.348715185502236
68,-3.22678357011536,2.0880510339223832,-2.2243289576766667,-6.4975877105412545,7.751712932578161,3.6453962093794607,8.652029439765794,-0.9368521708190294,41.34836279350652
69,-4.515020146364283,1.553087204369354,-4.153037699669689,-6.291343726437613,7.616871571474983,3.3443135686379084,8.58994919222679,-0.992844749840386,41.34802478560293
70,-2.3339969111645065,0.79605165091143,-5.809316910709704,-5.961102711549254,7.459950562386446,3.042831346894911,8.527069804446334,-1.0491879834874245,41.34770115227177
71,4.421937976233632,-0.1395147479004591,-7.016747990699442,-5.49233973993872,7.280670117485361,2.7410789489278464,8.463403111795255,-1.1058795598967535,41.347391883993275
72,1.1122813580481856,-0.7441788984810276,-7.598649556044279,-4.870627361218409,7.078847924494318,2.439185779514081,8.398960949644298,-1.1629171672049257,41.34709697124776
73,0.06997773896675259,-1.056857639281354,-7.386353969419509,-4.089114998030386,6.854794560002303,2.1372812434309925,8.333755153364324,-1.2202984935486,41.34681640451548
74,-1.6625616147672677,-1.3185273116599192,-6.280264915495711,-3.169797431889153,6.609330022817614,1.8354947454559285,8.267797558326125,-1.2780212270643294,41.346550174276715
75,-4.2406713743964835,-1.2066804867667342,-4.359439927502691,-2.1418564151397548,6.343377298415889,1.5339556903662759,8.201099999900467,-1.336083055888702,41.34629827101173
76,-3.2645168266173794,-0.601982792215015,-1.9249328667530643,-1.0344737001273694,6.057859372272772,1.2327934829393816,8.133674313458197,-1.3944816681583412,41.34606068520082
77,-2.3509052548493172,0.31806022296052006,0.675684323584803,0.12316896080291713,5.753699229863891,0.9321375279526438,8.065532334370111,-1.4532147520098404,41.34583740732427
78,-0.27414050895574127,0.7330575517100685,3.095221724801872,1.3018898153059781,5.43181985666489,0.6321172301833989,7.996685898007005,-1.512279995579783,41.345628427862316
79,3.5539246421118835,0.4952927006919234,4.981363823568791,2.472507111036737,5.093144238151438,0.3328619944090448,7.9271468397396765,-1.5716750870047667,41.34543373729527
80,-3.25838146245167,-0.4581058505662363,5.936769025540837,3.605839095650037,4.738595359799159,0.03450122540692842,7.856926994938955,-1.6313977144214002,41.34525332610339
81,2.935659406796962,-0.6528271150726912,5.489059628230617,4.672167727230667,4.369096207083699,-0.26283567204555275,7.786038198975602,-1.691445565966262,41.34508718476696
82,-2.6267348116210094,0.6287792416960457,3.464164030821533,5.639629805583021,3.985569765480727,-0.5590192931710818,7.714492287220467,-1.7518163297759548,41.344935303766256
83,2.3453253762742907,0.7038197406390894,0.5654191802328375,6.475822048537617,3.5889428128696172,-0.853920233192241,7.642301095044322,-1.812507693987077,41.344797673581546
84,0.3776686117888438,-0.3210573309399748,-2.278318890346852,7.148284585073241,3.1801987159815606,-1.1474090873316833,7.569476457817971,-1.8735173467362223,41.34467428469311
85,-1.7642561615595487,-0.8877231594894567,-4.209294976188791,7.624388074818244,2.7604903108981005,-1.4393564508120316,7.496030210912241,-1.9348429761599886,41.34456512758124
86,1.415555728217198,0.0743482494943799,-4.612706781986613,7.871461758164296,2.3310118529375323,-1.7296329188559483,7.421974189697925,-1.9964822703949692,41.34447019272619
87,-0.6595902114802029,0.9225157126378724,-3.78430609847575,7.863196798146273,1.893016103281533,-2.0181090866860214,7.347320229545812,-2.0584329175777722,41.344389470608256
88,-0.7764934995812863,0.7122721573291829,-2.2176339678796793,7.602780872149502,1.4480194758177287,-2.3046555495249033,7.272080165826726,-2.1206926058449667,41.344322951707696
89,0.5799468253443211,-0.6550227950977572,-0.1567328473533872,7.115958875313779,0.9977154073051808,-2.589142902595232,7.196265833911461,-2.183259023333165,41.344270626504795
90,-0.5832555975296375,-0.7442978004400095,1.7946519523060875,6.432524526556583,0.54382696375492,-2.87144174111961,7.11988906917083,-2.2461298581789806,41.34423248547982
91,0.26447687458085756,0.01807457774716445,3.1893078148927563,5.5836187543521625,0.08807721117805202,-3.1514226603207156,7.042961706975632,-2.3093027985189822,41.34420851911307
92,0.9535818576833015,0.5397371227897484,3.7707579658690706,4.605771325401756,-0.3678107844144227,-3.4289562554211406,6.965495582696661,-2.3727755324897677,41.344198717884794
93,-0.047062346302567046,0.2364202482880153,3.5066625941727616,3.534846726744714,-0.8221139570114535,-3.703913121643539,6.887502531704732,-2.4365457482279353,41.34420307227527
94,-1.3186929156466487,-0.3751123792705596,2.5418140729182834,2.3986594885460533,-1.2731092406019444,-3.976163854210527,6.808994389370641,-2.5006111338700934,41.344221572764795
95,1.3551908440899754,-0.20529173555766161,1.0824740338890348,1.2230116517522718,-1.7190735691748702,-4.245579048344768,6.729982991065212,-2.5649693775528304,41.344254209833636
96,0.3744112632066778,0.13491828393093971,-0.5378846071679108,0.033705257309763516,-2.1582838767191497,-4.512029299268836,6.650480172159193,-2.6296181674127297,41.344300973962056
97,-0.11875135870590833,0.23592975882863307,-1.9996228789259822,-1.143457653834948,-2.5890170972237927,-4.775385202205401,6.570497768023466,-2.694555191586419,41.34436185563035
98,-0.6152272845512854,0.2764064730493843,-3.0581429518449936,-2.282675040735424,-3.0095501646776732,-5.035517352377113,6.490047614028784,-2.7597781382104722,41.344436845318796
99,-0.7082278393799758,-0.08258216963006297,-3.548971554100522,-3.358144862445217,-3.418160013069796,-5.2922963450065685,6.409141545545962,-2.825284695421467,41.34452593350765
100,-0.6379311918375162,-0.4503306246819837,-3.489512315446415,-4.34485747359556,-3.81312357638908,-5.545592775316412,6.327791397945812,-2.891072551356042,41.3446291106772
101,0.6911705968833747,-0.49125641428837946,-2.973100516480197,-5.222434618717129,-4.19271778862449,-5.7952772385292635,6.246009006599131,-2.9571393941507607,41.344746367307714
102,-0.7113887967996076,0.10630992472232596,-2.10654453483178,-5.977137668272194,-4.55521958376494,-6.041220329867768,6.163806206876718,-3.023482911942241,41.34487769387948
103,0.7662471200144134,0.6326760356131867,-1.0561519371172177,-6.596689800311515,-4.898905895799409,-6.283292644554567,6.081194834149386,-3.090100792867056,41.34502308087278
104,0.29702172216706857,0.4401386149680225,-0.011306225214105872,-7.068814192885862,-5.222053658716821,-6.521364777812284,5.998186723787932,-3.156990725061805,41.34518251876786
105,-0.19879872734730314,-0.2711951667014677,0.985873498060815,-7.383631785187446,-5.522939806506153,-6.755307324863542,5.914793711163177,-3.224150396663105,41.34535599804502
106,-0.9200582714951798,-0.7482641235089338,1.909949118113485,-7.541788214044967,-5.799841273156341,-6.984990880930962,5.83102763164589,-3.2915774958075295,41.34554350918454
107,0.9168926060441731,-0.5670460150450831,2.728160279963943,-7.549882413685976,-6.051214068681751,-7.210286041237198,5.746900320606897,-3.3592697106316924,41.345745042666685
108,0.2436396555049841,-0.0917905399064795,3.3890159867952834,-7.414652274349995,-6.276308900155478,-7.431063401004877,5.662423613417004,-3.4272247292721816,41.345960588971735
109,-0.55047785657867,0.5557691372806862,3.8307551915204354,-7.1423430384238324,-6.474869122503378,-7.647193555456638,5.577609345447006,-3.495440239865565,41.346190138579956
110,-0.7494938154101002,0.7287007307058166,3.9912222201840577,-6.740154655547373,-6.646716483608184,-7.8585470998150875,5.492469352067719,-3.563913930548487,41.34643368197164
111,-0.3017706558126498,0.4364059576900629,3.8209485327438095,-6.219765266247354,-6.791887127890458,-8.064994629302884,5.407015468649948,-3.6326434894575246,41.34669120962705
112,0.6754849981169392,-0.17423120782845175,3.3056071056678626,-5.595775008753198,-6.911274785922194,-8.266406739142635,5.3212595305644745,-3.7016266047292667,41.34696271202647
113,-0.6146092879924222,-0.6821805149382457,2.4389835845325956,-4.88515276056369,-7.005987584813232,-8.462654024556988,5.235213373182112,-3.7708609645003066,41.34724817965018
114,0.5083307337122567,-0.4155926092672428,1.2472835665354016,-4.1053731364832835,-7.077133651673428,-8.653607080768582,5.148888831873683,-3.8403442569072577,41.34754760297845
115,0.4574299979375779,0.2904508109179375,-0.10909698534125764,-3.27391075131645,-7.125821113612614,-8.839136503000027,5.062297742009973,-3.910074170086698,41.34786097249155
116,-0.5029046333005344,0.7668692262348616,-1.4270452143084067,-2.4082402198676243,-7.153158097740644,-9.019112886473962,4.975451938961776,-3.9800483921752305,41.34818827866977
117,0.5183130326440188,0.5163348418798501,-2.5417803187860377,-1.5258361569412693,-7.160236060598536,-9.193423496981872,4.888363258099924,-4.050264611309439,41.34852951199336
118,-0.5438743257241936,0.035752252101517806,-3.3668103721048768,-0.6441731773418418,-7.148071457460898,-9.362030601581594,4.801043534795207,-4.120720515625961,41.348884662942645
119,0.5494853815598157,-0.6138330303720694,-3.8350751182266936,0.22065544481736626,-7.117630797069314,-9.524946413864038,4.7135046044184294,-4.191413793261341,41.34925372199785
120,-0.525590442955101,-1.0486913888911062,-3.895513375424276,1.058806093228485,-7.069872269174341,-9.682191466411115,4.625758302340369,-4.262342132352191,41.349636679639275
121,0.40314819904166593,-0.8243826837179803,-3.5567951169618737,1.8632231877255274,-7.005754063526474,-9.83378629180481,4.537816463931879,-4.33350322103513,41.3500335263472
122,-0.06053895057222439,0.04355470913204257,-2.9038839001096868,2.621613504334286,-6.926234369876279,-9.979751422627025,4.449690924563738,-4.4048947474467415,41.35044425260189
123,-0.2941872267352863,0.7488229432869686,-2.0381982502527416,3.3201933343683248,-6.832271377974298,-10.120107391459747,4.361393519606753,-4.476514399723588,41.350868848883614
124,-0.5039031512184565,1.323695359207254,-1.0611566927761167,3.9451789691411623,-6.724823277571035,-10.25487473088488,4.272936084431707,-4.548359866002309,41.35130730567267
125,0.007861285692663915,1.4548164465049387,-0.07220343370178345,4.482786699966342,-6.604848258417055,-10.384073973484368,4.1843304544094275,-4.620428834419491,41.351759613449325
126,1.2943945213733188,0.764926487451766,0.8473811006276993,4.919232818157412,-6.473304510262868,-10.507725651840186,4.095588464910724,-4.692718993111719,41.352225762693855
127,-1.6249170440179215,-0.40615891726059894,1.6531432026665547,5.2407336150279225,-6.331150222859021,-10.625850298534253,4.006721951306379,-4.765228030215595,41.35270574388654
128,-1.6111985900242562,-1.423524651564735,2.286041229194997,5.433505381891421,-6.179343585956054,-10.738468446148518,3.917742748967211,-4.837953633867703,41.353199547507636
129,0.573043423126027,-1.667566602012867,2.6937258202980088,5.483873676662742,-6.018952055905807,-10.845600627264908,3.828662693264032,-4.910893492204671,41.35370716403744
130,1.979665492718525,-0.9460587735387994,2.8744223862189022,5.380853724049898,-5.851292365143923,-10.947267374465389,3.73949361956761,-4.984045293363042,41.354228583956214
131,-1.94055196927534,0.11582866246975236,2.831815875290865,5.1258315677550845,-5.677039351422051,-11.043489220331878,3.650247363248779,-5.057406725479475,41.35476379774426
132,0.6508873794260679,1.1138180145677994,2.555356573360042,4.735631713393227,-5.49668006217044,-11.134286697446338,3.560935759678326,-5.130975476690518,41.35531279588184
133,1.6287002140100202,1.5770116320326208,2.040918209158478,4.23105485006549,-5.3107015448193975,-11.21968033839072,3.4715706442270853,-5.204749235132783,41.35587556884921
134,0.002511114161540996,1.3490753216380005,1.3347218912626817,3.633082925034262,-5.119590846799167,-11.299690675746938,3.3821638522658235,-5.278725688942866,41.35645210712666
135,-0.4957074410107957,0.4452068342932275,0.5291088846900641,2.962697885562015,-4.923835015540046,-11.374338242096956,3.29272721916538,-5.352902526257372,41.357042401194484
136,-0.567281923074913,-0.5650272609330952,-0.27464941302476886,2.240881678911207,-4.723921098472305,-11.44364357002271,3.203272580296521,-5.427277435212868,41.35764644153293
137,-0.8101149889797273,-1.1854842095913756,-0.9752816043471713,1.4886162523442354,-4.520336143026204,-11.507627192106137,3.1138117710300763,-5.501848103945993,41.358264218622296
138,-0.3888762379531026,-1.1916979436809643,-1.4730726630146616,0.7268835531235779,-4.313567196632044,-11.566309640929179,3.024356626736838,-5.576612220593319,41.358895722942854
139,0.23720828828826301,-0.7807799549075725,-1.6921735605695454,-0.023334471488317857,-4.104101306720087,-11.619711449073797,2.9349189827876145,-5.651567473291417,41.35954094497486
140,0.2718393979183446,-0.1582867472967327,-1.6317358968530447,-0.7405370835009436,-3.89242131121966,-11.667857358622868,2.845510674553219,-5.7267115501769315,41.36019987519862
141,0.3055863863893891,0.17681578298461548,-1.3250206985431392,-1.4025732132238744,-3.6789835468225642,-11.710798612896832,2.756143537404444,-5.802042139386435,41.360872504094395
142,0.10426305502684063,0.47268298006820414,-0.832395303344081,-1.9925512261123277,-3.4642014877846083,-11.748629317652039,2.6668294067120772,-5.877556929056506,41.36155882214244
143,-0.004589071313804301,0.5802922347723636,-0.23674027780143664,-2.495616028996803,-3.2484789451279585,-11.781453241878637,2.5775801178469626,-5.953253607323768,41.36225881982308
144,-0.024843129963893405,0.36547620874361647,0.37688652819276786,-2.898175854002739,-3.032219729874675,-11.809374154566694,2.488407506179878,-6.029129862324814,41.36297248761655
145,-0.03149162377051435,0.08023804712667389,0.9286722528318402,-3.186935039323312,-2.815827653046935,-11.832495824706292,2.399323407081611,-6.105183382196218,41.36369981600315
146,0.05277562584249833,-0.2797877963110025,1.3328700442631012,-3.3485979231517513,-2.599706525666803,-11.850922021287582,2.3103396559230047,-6.181411855074602,41.36444079546314
147,7.522811116109384e-05,-0.3132842641900938,1.4832440163621397,-3.369854157067599,-2.3842748453700455,-11.864756513300662,2.2214680880748423,-6.25781296909654,41.365195416476794
148,-0.009992529596620107,-0.30943422525319925,1.3206104219693802,-3.2415421864079064,-2.1698382070097346,-11.8741030697356,2.1327205389079165,-6.33438441239865,41.36596366952441
149,0.05493784381513428,-0.104140641519994,0.8389578049925761,-2.974389768363354,-1.9560302951036124,-11.87906545958254,2.044108843793056,-6.411123873117506,41.36674554508624
150,-0.007350809456209541,0.23546845446221487,0.13441367021688633,-2.595627550813013,-1.742313144932218,-11.879747451831577,1.9556448381010534,-6.48802903938971,41.367541033642574
151,0.01625834909715881,0.5077329361473675,-0.6546225422650875,-2.1355600192550863,-1.5281487917760852,-11.876252815472775,1.8673403572026965,-6.565097599351887,41.3683501256737
152,-0.05248910282718158,0.6375165035095863,-1.3949039580707179,-1.6244916591877647,-1.3129992709157028,-11.868684856861655,1.7792067738341615,-6.6423272411405785,41.36917281165986
153,0.09350243807578595,0.5678521985693441,-1.9768326600086534,-1.0925973665717428,-1.0963266176316342,-11.857144983422577,1.691253561800555,-6.71971565289243,41.37000908208135
154,-0.07180460475931653,0.21581417317327883,-2.332638979373742,-0.5691317188372924,-0.8775928672043787,-11.841733510343058,1.6034891026700626,-6.797260522744007,41.37085892741845
155,0.2630191782838223,-0.6828662161377065,-2.425542279471356,-0.07848445228009883,-0.6562600549144799,-11.822548960287445,1.515919985487745,-6.8749595388319085,41.37172233815143
156,-0.2875713808452557,-1.250097512239929,-2.247940310439997,0.3687475607212608,-0.4317902160424566,-11.799689419887429,1.4285523632659873,-6.952810389292759,41.37259930476058
157,-0.028788439659689403,-1.3171397779100462,-1.8398647760804352,0.7686199108134785,-0.20364538586881253,-11.773252975774685,1.341392389017164,-7.030810762263122,41.373489817726146
158,0.24912951754759416,-0.6185935441896272,-1.243861848386406,1.118069451880949,0.028712400325898342,-11.743337714580901,1.254446215753665,-7.108958345879604,41.37439386752843
159,-0.122081648114599,-0.07763615570129409,-0.5058752311723148,1.4140330378080377,0.2658211072611623,-11.710041722937747,1.1677199964878555,-7.1872508282788,41.3753114446477
160,-0.34720094827320336,0.54059512367034,0.32662616374517484,1.6534475224790937,0.5082186996564405,-11.67346296384472,1.0812197605999498,-7.265685897597306,41.376242539564224
161,0.5347503200039426,1.0952053154815715,1.206173424549367,1.8332497597785018,0.7564431422312442,-11.633698617237961,0.9949507544067585,-7.344261241971723,41.3771871427583
162,-0.7585927003736347,2.018643001311319,2.0852976394236005,1.9503766035906223,1.0110323997050046,-11.590844585282733,0.9089169464542778,-7.422974549538643,41.37814524471018
163,1.0312280897886925,2.1615723543676495,2.917491348636971,2.0017649077998145,1.2725244367972328,-11.5449964816097,0.8231220167538292,-7.501823508434639,41.37911683590015
164,-1.1150263364678796,0.7774004102935341,3.6612013561770747,1.9847110356550115,1.5410977088628321,-11.496249919849445,0.7375696453167344,-7.580805806796359,41.38010190680849
165,-1.5745058538159298,-1.1879502211421553,4.280269739619414,1.8980588007820816,1.815383220879765,-11.444700513632613,0.6522635121543199,-7.659919132760363,41.38110044791548
166,1.7654506986424177,-2.1794764211165583,4.7396470319149975,1.741449177846627,2.0932148167862903,-11.390443876589805,0.567207297277897,-7.739161174463242,41.382112449701374
167,-1.8501513278557573,-1.553340849412757,4.992587648618084,1.5152420048670445,2.3722251828313907,-11.333575622351676,0.4824046806988023,-7.8185296200416206,41.38313790264649
168,-0.5536301730165627,0.13633107206238637,4.9432049712633575,1.2245914860302842,2.6496800261820264,-11.274191364548825,0.39785934242835747,-7.8980221576320675,41.38417679723105
169,1.6931484070353602,1.6261398495537653,4.474426030394003,0.8847515095520649,2.9227533092346443,-11.212386716811892,0.31357496247787386,-7.977636475371179,41.38522912393536
170,-0.641365485409392,1.7516842754123165,3.477251244136967,0.5135884315430765,3.188618994385695,-11.14825729277147,0.22955522085867808,-8.057370261395581,41.386294873239706
171,-1.1256860453190998,0.9277655942863046,1.9403788997149947,0.12903258397974743,3.4444510440316676,-11.081898706058217,0.1458037975820916,-8.137221203841825,41.38737403562434
172,-0.6173935065384512,-0.25250845796516586,0.08326683201643642,-0.25098570116151425,3.687423420568973,-11.013406570302724,0.062324372659446,-8.21718699084655,41.388466601569554
173,-0.12631947578718614,-1.108797195654615,-1.81960870102367,-0.6085360919043304,3.9147100863940945,-10.942876499135647,-0.020879373897942234,-8.297265310546324,41.38957256155562
174,-0.7525713828638649,-0.832610457222744,-3.511645094263324,-0.9256882562722779,4.123485003903487,-10.87040410618757,-0.10380376207877674,-8.377453851077734,41.390691906062806
175,-1.1400472186851245,-0.056329280811250035,-4.821577981741417,-1.1845118622889586,4.310922135493605,-10.796085005089157,-0.1864451118716857,-8.457750300577416,41.3918246255714
176,1.1877816490562148,0.46048683704264787,-5.651391162325159,-1.3670765779779592,4.474195443560888,-10.720014809471005,-0.26879974326537276,-8.53815234718194,41.392970710561684
177,0.9435732619709931,0.2699625052252106,-5.9408819496088805,-1.4554520713628967,4.610478890501816,-10.642289132963741,-0.35086397624850635,-8.618657679027908,41.39413015151391
178,-1.001688939775733,-0.06090997119772467,-5.7276144472523205,-1.4375313044421012,4.71734342801918,-10.563003589197978,-0.4326341308098001,-8.699263984251912,41.395302938908394
179,-0.09133331254724482,-0.08010037554977854,-5.098173655323847,-1.3245045576114567,4.793957829543012,-10.482259513807628,-0.5141065269378672,-8.779968950990547,41.39648906322536
180,0.6554869052427854,0.08422774736635137,-4.187699625693929,-1.1334019752361875,4.8399297031533814,-10.40018351777566,-0.5952774846214515,-8.860770267380406,41.397688514945116
181,-0.6041177321414275,-0.05829145799277433,-3.1253938921702256,-0.8812578441800839,4.854886070776655,-10.316917483432803,-0.6761433238491913,-8.941665621558084,41.39890128454793
182,0.6924585688609696,-0.243707129547525,-2.27026994548009,-0.5851064513069163,4.8384492457736705,-10.232598584544233,-0.756700364609775,-9.022652701660196,41.40012736251409
183,-0.8682425838659288,0.4836106616709298,-1.8069561575632775,-0.2619820834805455,4.790208924513315,-10.147331377883173,-0.8369449268918661,-9.10372919582332,41.40136673932386
184,1.036959193372738,0.3513483428032664,-1.3887761743422078,0.07108097243525814,4.709728113912883,-10.061193730771246,-0.9168733306841581,-9.184892792184044,41.40261940545751
185,-1.1439432020800153,-0.8112752626229535,-0.7453985517743252,0.39704842957669423,4.596554947475242,-9.974248637115643,-0.9964818959753446,-9.266141178878986,41.40388535139534
186,0.3997199791963161,-1.1011374765696222,0.2669274475949011,0.698886001079927,4.450234898696043,-9.886556430816373,-1.075766942754064,-9.347472044044734,41.405164567617604
187,0.7315400998108595,-0.2966214116998196,1.70053673873256,0.9595243211241532,4.27034852002797,-9.798177445773419,-1.1547247910090097,-9.428883075817872,41.40645704460458
188,-0.4786390785249237,1.1354520467671343,3.1499496100596636,1.1614059399100976,4.056964447902108,-9.709172015886738,-1.2333517607288753,-9.510371962335029,41.40776277283656
189,1.3655666094504277,1.5392248511271076,4.09218310893199,1.2855472560800496,3.8115774703080554,-9.619600475056352,-1.3116441719023293,-9.59193639173275,41.409081742793795
190,-0.809823821942144,0.6784302402625454,4.143997592074506,1.3135322519013195,3.536145346595144,-9.529523157182258,-1.38959834451803,-9.673574052147673,41.41041394495659
191,-1.2488170673813301,-0.6462682953601698,3.475255107595934,1.2362095550524097,3.2333549567334257,-9.439000396164417,-1.467210598564681,-9.755282631716378,41.4117593698052
192,-1.350698319591583,-1.4797026315828103,2.3720748286037727,1.0677560982246719,2.9070816150352634,-9.348092525902826,-1.544477254030951,-9.83705981857546,41.41311800781992
193,-1.0135242704448955,-1.502870567195422,1.1096418042086955,0.8279520524188999,2.561468943596237,-9.256859880297467,-1.6213946309055232,-9.91890330086153,41.41448984948101
194,1.5822410614212694,-1.2750575056836144,-0.07616398501761303,0.5365775886358671,2.2006605645119217,-9.165362793248361,-1.6979590491770609,-10.000810766711147,41.41587488526874
195,0.26610132952008075,-0.579461304359083,-1.0455177768279682,0.21341287787635477,1.82880009987788,-9.073661598655471,-1.774166828834253,-10.082779904260942,41.417273105663405
196,-1.3153157230224128,0.3617452976997905,-1.7367440168214048,-0.12176190885888145,1.450031171789697,-8.981816630418784,-1.8500142898657679,-10.164808401647502,41.418684501145265
197,1.0887123731981359,1.0070684478673215,-2.103051939128534,-0.4490554247684677,1.0684974023429508,-8.889888222438307,-1.9254977522602938,-10.246893947007417,41.42010906219461
198,0.09513098590415665,0.8768666761567284,-2.1073058246154157,-0.7469965572725924,0.6883424136332162,-8.797936708614005,-2.0006135360064943,-10.3290342284773,41.42154677929171
199,-0.43374478441207287,-0.019359386500666074,-1.8025486662734689,-0.9884473153540221,0.31370982775606604,-8.706022422845892,-2.075357961093058,-10.41122693419372,41.42299764291683
200,0.20208771896292144,-0.7128785449980081,-1.4659510745460564,-1.1390602109403145,-0.05125673319292216,-8.614205699033942,-2.1497273475086636,-10.493469752293288,41.42446164355027
201,-0.5443568938152711,-0.10195913732413892,-1.3298062048459058,-1.1653776313360675,-0.4024136471181808,-8.522546871078138,-2.223718015241999,-10.575760370912587,41.425938771672286
202,0.5675647591674043,0.6227085687195546,-1.201660713541344,-1.0733951598362,-0.7361174369241456,-8.43110627287848,-2.2973262842817133,-10.658096478188245,41.427429017763174
203,-0.5781791322515951,-0.12389856075631087,-0.8380170842253387,-0.8871439143462567,-1.0507252055153864,-8.339944238334962,-2.3705484746165095,-10.740475762256825,41.42893237230319
204,0.5626565357497566,-0.5929421510775508,-0.24317304999513442,-0.6364980408156357,-1.3450942007964997,-8.249121101347562,-2.443380906235041,-10.822895911254935,41.4304488257726
205,-0.5340353961393447,0.18464251170260682,0.460856540467363,-0.3454886457488243,-1.6180816706720607,-8.158697195816272,-2.515819899126012,-10.90535461331918,41.43197836865172
206,0.5026253020468218,0.5490056741328656,0.8641457380742208,-0.03628263546471785,-1.8685708847046814,-8.068732855641088,-2.58786177327808,-10.98784955658614,41.4335209914208
207,-0.46462808238291425,-0.06775757734895373,0.6336605521630292,0.2683822628537489,-2.095564147250687,-7.979288414721993,-2.659502848679934,-11.070378429192417,41.43507668456012
208,0.3209211894872874,-0.5550394437092657,0.036630250499757745,0.5430947136973125,-2.2981495769712192,-7.890424206958975,-2.730739445320243,-11.152938919274606,41.43664543854995
209,-0.33193605133448717,-0.04062068075144002,-0.5227115807472,0.7620890728029245,-2.47575083943136,-7.802200566252017,-2.8015678831876896,-11.235528714969307,41.43822724387058
210,0.3159709422471799,0.44809420830956914,-0.7007485844655532,0.9007431512569735,-2.6290739951652418,-7.7146778265011235,-2.871984482270968,-11.3181455044131,41.43982209100226
211,-0.29678153467766133,0.1851883258306225,-0.3193283431785134,0.9393261449571363,-2.7591457034492843,-7.627916321606272,-2.9419855625587212,-11.400786975742614,41.441429970425304
212,0.32060899774301,-0.31375752239386395,0.2956104338215566,0.8785607566817819,-2.8670788918709347,-7.5419763854674535,-3.0115674440396423,-11.48345081709442,41.44305087261996
213,-0.3959611251390158,0.0688256802149253,0.6859204264107613,0.7246513476863028,-2.954341601947299,-7.456918351984666,-3.080726446702411,-11.566134716605113,41.44468478806651
214,0.5124063976753023,0.2506295590733717,0.6649505704187515,0.4893078798409135,-3.022528306248685,-7.3728025550578815,-3.1494588905357244,-11.648836362411286,41.446331707245236
215,-0.29718327754158935,0.04425532130143775,0.2614792336135141,0.20570448678604936,-3.073243518030939,-7.289689328587106,-3.217761095528222,-11.731553442649563,41.44799162063642
216,-0.75488679382953,-0.21098628384789672,-0.2602919399711186,-0.08785571692441704,-3.108091750549927,-7.207639006472314,-3.2856293816686017,-11.814283645456518,41.449664518720326
217,-0.05482781423510016,-0.022218146267201016,-0.6056980999869431,-0.3531321638987223,-3.128677517061465,-7.126711922613504,-3.3530600689455525,-11.897024658968737,41.45135039197723
218,0.8210912162247994,-0.02827144410390882,-0.6178075943121839,-0.5546640182934554,-3.136605330821428,-7.046968410910668,-3.4200494773477326,-11.979774171322827,41.4530492308874
219,-0.7473680556508046,-0.022225013287411912,-0.3606466634118303,-0.6734489857124359,-3.1334790871910445,-6.968469423158398,-3.4865939268638155,-12.062529870655405,41.45476102593115
220,0.27685810907367614,-0.05001446398268506,0.021451326911603775,-0.7146229643229229,-3.120909991117531,-6.891268601565315,-3.5526897374825044,-12.145289445103023,41.456485767588696
221,0.4675856301145747,0.17285689741012347,0.35230814156378604,-0.6890587562506477,-3.1001557442892795,-6.815375802894164,-3.618333229192448,-12.228050582802316,41.45822344634037
222,-0.1780663912284299,0.13680665894765615,0.49652146941023745,-0.6090422967767198,-3.0710942678703073,-6.740767531276652,-3.683520721982345,-12.310810971889879,41.45997405266644
223,-0.10528995025124148,-0.050898357750304754,0.4638537818410967,-0.48625564272537825,-3.0339253865979847,-6.6674051852201925,-3.748248535840869,-12.393568300502269,41.461737577047145
224,0.0791311208292989,-0.15047019395008965,0.3133613305760885,-0.3324279097799584,-2.989027403608499,-6.5952477064968225,-3.8125129907566926,-12.476320256776104,41.46351400996278
225,-0.30476329195238283,0.027408994812569493,0.11333006070412135,-0.1648715109748396,-2.9367786220380205,-6.524254036878593,-3.87631040671849,-12.559064528848,41.46530334189363
226,0.40900477993223083,0.10485482019286022,-0.0645469761282489,-0.003041815587069854,-2.877557345022755,-6.454383118137524,-3.9396371037149494,-12.641798804854517,41.467105563319976
227,-0.4607583620697699,-0.049804145533356534,-0.17039464338465737,0.13638242867725403,-2.8117418756988632,-6.3855938920456605,-4.00248940173475,-12.724520772932264,41.46892066472206
228,0.4681655534863186,-0.02452177986370316,-0.24102887377237592,0.24628402313154424,-2.739711132054593,-6.317844685522989,-4.064863620766544,-12.807228121217872,41.47074863658022
229,-0.40590894120439447,0.009259242213935152,-0.28082796606238397,0.3245006718927726,-2.661850411079393,-6.251087446488276,-4.126756080799036,-12.889918537847896,41.47258946937467
230,-0.1977891021957369,0.0857638938981329,-0.28802286454686915,0.37019188471811876,-2.578578328013647,-6.185255824665885,-4.188163101820894,-12.972589710958935,41.47444315358572
231,0.1746687593239123,0.13836941727414953,-0.24687740037956346,0.38250604024708923,-2.4903846333448674,-6.120271530305956,-4.2490810038207965,-13.055239328687598,41.476309679693635
232,0.22902679116401767,-0.014900259518847334,-0.14603474159326227,0.3648623851700379,-2.3977177587543825,-6.056054268688349,-4.309506106787432,-13.137865079170464,41.47818903817868
233,-0.19423503254972888,-0.18652099608931325,-0.008790727484470571,0.32268535398644965,-2.30079669103757,-5.992523745092919,-4.369434730709444,-13.220464650544164,41.48008121952117
234,0.19834035324782837,-0.3725990428346811,0.1319275704147052,0.2615917618546995,-2.1997482655635485,-5.929599664799533,-4.428863195575551,-13.303035730945249,41.48198621420133
235,-0.3006496804418417,-0.20523962334066098,0.23004026298135738,0.18720057242444302,-2.0946899813499837,-5.867201733088032,-4.487787821374407,-13.38557600851035,41.483904012699476
236,0.10375883125593513,0.2733886393656235,0.2565935676177231,0.10570144838840057,-1.9857393374145185,-5.80524965523829,-4.546204928094698,-13.468083171376037,41.48583460549587
237,0.005825408993145551,0.5161549191945419,0.18647542216570495,0.025108979284835804,-1.8730138327748302,-5.743663136530158,-4.604110835725087,-13.550554907678931,41.48777798307078
238,0.4046466403076491,0.31969465215576953,0.01658806255013914,-0.04717987241610625,-1.756630966448572,-5.682361882243486,-4.661501864254284,-13.632988905555603,41.48973413590449
239,-0.4007040912691742,-0.3149202057938437,-0.17029399455984726,-0.10406639206172145,-1.6366955863209585,-5.62126559765813,-4.7183743336709325,-13.71538285314267,41.49170305447728
240,0.259779869265459,-0.5589476411836569,-0.269999561480312,-0.13861049003314901,-1.5131539152433637,-5.560293988053961,-4.774724563963722,-13.797734438576718,41.493684729269425
241,-0.2677343322944538,-0.07542352767388392,-0.21032454985844615,-0.14676553637136913,-1.3854742207365371,-5.499366758710824,-4.830548875121346,-13.880041349994324,41.495679150761184
242,0.209081708481892,0.31398541707997196,-0.04693326866607113,-0.13434182087552696,-1.2529298678799674,-5.43840361490858,-4.885843587132461,-13.96230127553212,41.497686309432865
243,-0.04988165312400559,0.46443312823207966,0.1325428737938559,-0.10926305388115756,-1.11509630554597,-5.37732426192708,-4.940605019985752,-14.044511903326688,41.499706195764716
244,-0.0739647940003814,0.3080312475296686,0.2527454947950331,-0.0787756969068017,-0.9722262314238417,-5.316048405046198,-4.994829493669886,-14.126670921514629,41.501738800237035
245,0.06434185682358848,0.007221528038745973,0.2910311480433494,-0.04976316789452689,-0.8248303823893838,-5.254495749545767,-5.048513328173565,-14.208776018232518,41.50378411333008
246,-0.15054854265312015,-0.1396422438413895,0.2506374180988786,-0.0277703962517185,-0.6734546350687113,-5.192586000705663,-5.101652843485448,-14.290824881616956,41.50584212552413
247,0.2553596591586128,-0.20655716481482772,0.13383225530024226,-0.014602034409352874,-0.5186471193296338,-5.130238863805734,-5.154244359594217,-14.37281519980456,41.50791282729947
248,0.2162090571396366,-0.07666182983100304,-0.04937366710063741,-0.010754245125926735,-0.36101262267213574,-5.0673740441258355,-5.206284196488556,-14.454744660931906,41.50999620913637
249,0.21035186610520853,0.03198981618437389,-0.2382425323649225,-0.016486801477960437,-0.20141373572323926,-5.0039112469458376,-5.257768674157121,-14.536610953135602,41.51209226151511
250,-0.5820528295996387,0.08955520784904264,-0.36202092836287186,-0.031845959399844144,-0.04096041071620547,-4.939770177545583,-5.308694112588613,-14.618411764552235,41.51420097491595
251,-0.9279756313513171,0.15699773001289677,-0.36389691431899096,-0.05631754106117258,0.11894217319443125,-4.874870541204925,-5.3590568317717056,-14.70014478331841,41.51632233981919
252,-0.14547105473034122,0.051113836027503225,-0.20390115251417648,-0.08710950033356954,0.27670441731500267,-4.8091320432037366,-5.408853151695064,-14.781807697570713,41.51845634670509
253,0.8760786069727243,-0.2236177268962326,0.05738526573692038,-0.11679395950991096,0.43029680425754674,-4.742474388821865,-5.45807939234738,-14.863398195445733,41.52060298605392
254,1.4329730339083602,-0.29932555865634836,0.2993275137684137,-0.1370024260710996,0.5777283108412578,-4.67481728333917,-5.506731873717323,-14.94491396508009,41.52276224834599
255,-0.4960409380227975,-0.2667825217498063,0.447487871763184,-0.1395144242103995,0.7171559305977114,-4.606080432035507,-5.5548069157935736,-15.02635269461037,41.52493412406156
256,-1.5017272655286298,0.10132191584360196,0.46981068288666955,-0.11724288703155296,0.8469154010777232,-4.536183540190732,-5.602300838564811,-15.10771207217315,41.52711860368088
257,-0.3348860710309008,0.5353250581932664,0.3663061833916698,-0.0683940075937413,0.9655792203649165,-4.465046313084706,-5.6492099620196985,-15.188989785905065,41.52931567768426
258,1.2722196690140934,0.7283800246641831,0.15196246975775432,0.002442507707987836,1.0717725783909173,-4.3925884559972825,-5.6955306061469395,-15.270183523942677,41.53152533655196
259,0.43064006943254374,0.32517843786843953,-0.13014692754268026,0.08773992395619501,1.1641206650873441,-4.318729674208317,-5.741259090935195,-15.351290974422579,41.53374757076425
260,-0.4192543260709889,-0.48970360331994633,-0.3857285860113232,0.17954670906722112,1.2412486703858228,-4.2433896729976714,-5.78639173637314,-15.432309825481394,41.53598237080141
261,-0.6518709331083742,-0.908780838975082,-0.508903007426257,0.27019405349835757,1.3017817842179797,-4.166488157645202,-5.830924862449461,-15.513237765255706,41.538229727143744
262,0.4638086134901449,-0.77713625295049,-0.42738040781344766,0.352745324952568,1.3443465133002757,-4.087946150215604,-5.8748547891528355,-15.594072481882094,41.54048963027148
263,-0.3867908605583672,-0.2128291416382107,-0.19898902207663116,0.4189517620017913,1.367578792470412,-4.007694100894815,-5.918177836471928,-15.674811663497186,41.54276207066493
264,0.4168791300488816,0.2938150759862075,0.08598409079620625,0.46010868981127784,1.3702021866017116,-3.925692889415661,-5.960890324395436,-15.755452998237558,41.54504703880437
265,-0.5233154493011319,0.7611535008630095,0.3372518718171086,0.46710405464236,1.3514060439418574,-3.8419617999814295,-6.002988572912024,-15.8359941742398,41.54734452517005
266,0.6431195158746937,0.9489150848363399,0.4643395712841253,0.4299301049370007,1.3114930427031333,-3.7565500582266713,-6.044468902010369,-15.916432879640517,41.549654520242264
267,-0.13077021756961704,0.33001312695016793,0.40636356936767526,0.3418258717501604,1.252196327190834,-3.669511257935042,-6.085327631679158,-15.99676680257631,41.55197701450129
268,-0.7532683877503689,-0.4283656204981249,0.223402360165037,0.2118124336780999,1.1755609219589922,-3.5808989928902055,-6.125561081907053,-16.07699363118378,41.554311998427394
269,-0.7028526955772735,-0.6831044528470128,0.005005265412939806,0.053704052106908796,1.0836318515616308,-3.4907668568758132,-6.165165572682745,-16.157111053599497,41.55665946250086
270,-0.014158891769805362,-0.47169122484660697,-0.1727335502027075,-0.1184672453051044,0.978454140552777,-3.399168443675528,-6.204137423994918,-16.237116757960067,41.55901939720195
271,0.6493344896125443,-0.12971608990509872,-0.2867748399979145,-0.29066943089962105,0.8620728134864436,-3.3061573470730017,-6.242472955832221,-16.317008432402112,41.56139179301098
272,0.20908790404596217,0.1354413042409872,-0.32727031473617146,-0.4488290147781911,0.7365328949166785,-3.211787160851895,-6.280168488183366,-16.396783765062185,41.56377664040818
273,-0.1222729772939851,0.22819460263867086,-0.2872948725945577,-0.578907828111693,0.6038794093975016,-3.116111478795857,-6.317220341037013,-16.476440444076907,41.56617392987384
274,0.04612713343096091,-0.011640658937576466,-0.2025202294264382,-0.6679223917848555,0.4661573814829381,-3.0191838946885605,-6.353624834381831,-16.555976157582894,41.568583651888254
275,-0.16130127241174283,0.07722179683473748,-0.160884331675317,-0.705628941169503,0.32541183572701826,-2.9210580023136603,-6.389378288206513,-16.635388593716705,41.571005796931686
276,0.030609670242975867,-0.041638459545930775,-0.09723193169406716,-0.6878466617765437,0.18360688585864213,-2.8217873954547965,-6.424477022499737,-16.71467544061494,41.573440355484394
277,0.05500268920650315,-0.09920261185692246,0.014094686666697338,-0.6140562501869284,0.04245157970399205,-2.721425667895646,-6.458917357250166,-16.79383438641422,41.57588731802668
278,-0.16454168223044288,0.015166670125654164,0.141446189736043,-0.48868614862532883,-0.09614655892728009,-2.620026413419854,-6.492695612446494,-16.872863119251104,41.57834667503881
279,0.20596407859739013,0.07142439375564202,0.18454545459106014,-0.3173538441707346,-0.23018783862372044,-2.517643225811088,-6.5258081080773875,-16.95175932726222,41.580818417001055
280,-0.24401559225994598,0.03243963671790647,0.0977877712523623,-0.10875842311225921,-0.3576543654230881,-2.414329698852998,-6.558251164131527,-17.030520698584148,41.583302534393695
281,-0.08708429858039818,-0.09688029825495253,-0.0421481688418731,0.11614416029038362,-0.4765249640298549,-2.310139426329238,-6.590021100597593,-17.1091449213535,41.58579901769703
282,-0.24966314712195722,0.038812725548547984,-0.13269276471547156,0.3338837112406411,-0.5847784591484648,-2.205126002023479,-6.621114237464252,-17.18762968370686,41.58830785739129
283,0.5149567553399496,-0.1008252011981723,-0.0822139695622569,0.5244896351674669,-0.6803936754833922,-2.0993431423205684,-6.651526772119002,-17.265972673780812,41.59082904395679
284,-0.59803610874639,0.006560060806440639,0.0639815665075616,0.6737523965643631,-0.7613494377391216,-1.9928454287731343,-6.681254036781527,-17.344171579711983,41.59336256787379
285,0.6358153446797219,0.11646516952179896,0.18687309737797758,0.7687654356603233,-0.8256245706200867,-1.8856891929177004,-6.710289613687665,-17.42222408963693,41.59590841962256
286,-0.3215544177659363,0.07225813912243155,0.17943633520697133,0.7995951625600225,-0.8715160657506044,-1.7779316543769292,-6.738626196987063,-17.500127891692287,41.59846658968339
287,-0.5755032974463737,0.07965772381775603,0.03860831957769474,0.7687592202442356,-0.8987918471123457,-1.669630161104311,-6.766256352498577,-17.577880674014626,41.60103706853654
288,-0.24768922890739675,0.029841659720559403,-0.1519320163845033,0.683985635062958,-0.9083176785624603,-1.5608554468098375,-6.793172646041093,-17.65548012474054,41.60361984666231
289,0.3939511469176994,-0.07608704540416934,-0.28251339351435617,0.5535617867396248,-0.9011031199127085,-1.4517327139269696,-6.819367643433435,-17.732923932006646,41.60621491454096
290,0.07436614597732716,-0.017725658943984004,-0.2666219716295351,0.38674781225142596,-0.8781408370799314,-1.3424040587840713,-6.844833910494474,-17.810209783949528,41.608822262652765
291,-0.19858901946796179,0.03427069471996682,-0.12326593380739526,0.19647683251670547,-0.8404233488873131,-1.2330117248031571,-6.869564013043085,-17.887335368705774,41.611441881478015
292,-0.026245700890423655,0.04849341412611284,0.088480719336224,-0.004312173194492513,-0.7889433688089426,-1.1236977607553578,-6.893550516898094,-17.964298374411978,41.61407376149695
293,0.0038488130030901635,-0.03552153729753955,0.305412279028865,-0.2032771451104739,-0.7246936103189239,-1.0146042154117656,-6.916785987878376,-18.04109648920477,41.61671789318989
294,0.12269284302167292,0.0962707361078853,0.4613632133573596,-0.38817074206565794,-0.6486667868913638,-0.905873137543491,-6.939262991802794,-18.117727401220705,41.619374267037095
295,-0.0912847101419724,-0.04896521669295094,0.5796177572191508,-0.546745622894469,-0.5618556120003463,-0.7976465759216391,-6.960974094490203,-18.1941887985964,41.62204287351883
296,-0.03860839226867364,-0.1552216819687086,0.6437125344536347,-0.6668839881251771,-0.4652653646612246,-0.690066579317333,-6.981911861759458,-18.27047836946845,41.62472370311539
297,-0.03993176269092398,-0.17041118357321405,0.6135193957867271,-0.7386558332925597,-0.3599995046325333,-0.5832751965016698,-7.002068859429415,-18.34659380197344,41.62741674630703
298,0.13261531069034524,0.008042674207306862,0.4580737403706051,-0.7600221903370296,-0.24744661469259285,-0.4774144762457602,-7.0214376533189435,-18.422532784247977,41.63012199357404
299,-0.26642420688206486,0.24730865898526508,0.1615187689386258,-0.7348803748882052,-0.12943200055407003,-0.37262646732071175,-7.040010809246891,-18.498293004428657,41.63283943539671
300,0.3889641352683157,-0.0020997669483340535,-0.24565463293450696,-0.6679495975929247,-0.008122937866010727,-0.2690532184976347,-7.057780893032118,-18.57387215065207,41.63556906225528
301,-0.4110507791783283,-0.260515657495808,-0.6262634964845126,-0.5638837974053631,0.11424802602989353,-0.1668367785476418,-7.074740470493485,-18.649267911054803,41.63831086463005
302,0.3816338903238924,-0.000950932084898401,-0.8483519652526924,-0.4273648923144131,0.2354483437919738,-0.06611919624183826,-7.090882107449851,-18.724477973773467,41.641064833001295
303,-0.12192336858023299,0.26362648634100905,-0.9026635848684508,-0.2633750418040921,0.35324546807854107,0.032957479648665695,-7.106198369720074,-18.799500026944653,41.64383095784928
304,-0.12242395939042953,0.21383827454807203,-0.8095404422492988,-0.07912757263535697,0.4654068515479163,0.13025120035276738,-7.120681823123007,-18.87433175870496,41.6466092296543
305,0.021626987879420342,-0.14135442449338648,-0.5938724913813838,0.11217631580945976,0.5696999468584154,0.22561991709935655,-7.134325033477505,-18.948970857190993,41.649399638896625
306,-0.07316585653202237,-0.20181792350857874,-0.2853821439916083,0.29588553733178646,0.663892206668362,0.31892158111731544,-7.1471205666024495,-19.023415010539313,41.65220217605651
307,0.08602199909802942,-0.3216968195285954,0.124266651014881,0.45734900573303894,0.7457510836360797,0.41001414363554384,-7.159060988316676,-19.09766190688655,41.65501683161425
308,-0.29601044193915804,-0.041015798087774766,0.5273155216676867,0.5819156348146557,0.8130440304198717,0.4987555558829265,-7.170138864439046,-19.17170923436929,41.65784359605013
309,0.37409037842358717,0.3489844170709168,0.7886675794291561,0.6549343383780499,0.8635384996780743,0.5850037690883634,-7.180346760788422,-19.24555468112413,41.6606824598444
310,-0.42334670228370014,0.3658797948030256,0.8052445764713632,0.663948125814558,0.8949972357079726,0.6686167344807339,-7.189677243183653,-19.31919593528766,41.66353341347736
311,0.4278532544224654,0.08035808568496922,0.6031756408174626,0.6077541357720904,0.9057635950248901,0.7494526093108578,-7.198123083465533,-19.392630684996483,41.66639644742928
312,-0.3995584647450004,-0.29092136412040104,0.27154379920935123,0.49725459007663214,0.8965737844733083,0.8273716145497342,-7.205678893236868,-19.465856618387186,41.669271552180426
313,0.24083905502429553,-0.389383666316149,-0.08923028440177874,0.3458294574511886,0.8687491968959292,0.9022533028324556,-7.212344356100658,-19.538871423596373,41.672158718211094
314,0.052133650946970346,-0.2178321065375301,-0.37401469453873615,0.16685870661875477,0.8235575458521757,0.974035134874191,-7.218123384456727,-19.61167278876063,41.67505793600154
315,0.36008749655481537,-0.1705166645207155,-0.5189051579386088,-0.02627769369764668,0.7622531810701799,1.042668738502026,-7.223020693985519,-19.684258402016567,41.67796919603204
316,-0.38450679460695913,-0.15092687854488232,-0.5261583946554357,-0.2198296629284662,0.6860904522780921,1.1081057415430209,-7.227041000367473,-19.756625951500773,41.68089248878288
317,-0.6631327636852242,0.12212305125300298,-0.4421984128071294,-0.3982790158904167,0.596323709204057,1.1702977718242564,-7.23018901928304,-19.828773125349837,41.683827804734335
318,0.7698982479667851,0.3209360276395648,-0.3232889389623574,-0.5445571516466757,0.4942073015762221,1.2291964571727956,-7.232469466412646,-19.900697611700366,41.68677513436668
319,0.6432496441851345,0.45667386745556293,-0.22777735352642112,-0.6413454746872128,0.38099557912272003,1.284753425415729,-7.2338870574367515,-19.972397098688962,41.689734468160204
320,-0.9779319360159648,0.6046500917363139,-0.21211361179971766,-0.673857753979631,0.2579428915717156,1.3369203043801117,-7.234446508035784,-20.043869274452188,41.69270579659514
321,-0.6450349658979244,0.4635612162992196,-0.28892031546907687,-0.6381225059883253,0.12644310002813067,1.3856487218930245,-7.234152533890184,-20.115111827126682,41.69568911015182
322,0.9421497285454263,0.28476055706761716,-0.4220365947789314,-0.5438056143702903,-0.01151048602642302,1.430890305781533,-7.2330098209093014,-20.186122474620117,41.69868439931049
323,-0.10944935630149234,-0.11842846016636652,-0.5409452731406268,-0.4039238247173278,-0.15361943425566568,1.47259668387272,-7.231022910348055,-20.25689907949461,41.701691654551425
324,-0.7162366602509245,-0.5544068512298931,-0.5588003855387755,-0.23287283583747911,-0.297477769717841,1.5107194839936513,-7.228196179577486,-20.327439668196156,41.7047108663549
325,0.18823493403698247,-0.4965856221995588,-0.406102556529183,-0.04581584756241602,-0.4404069937790379,1.545210333971392,-7.224533847758676,-20.397742425380727,41.70774202520123
326,0.42412454931676125,-0.2844719112450622,-0.10511217856577097,0.14612983612423286,-0.5796306090768526,1.5760208616330253,-7.220040053495542,-20.46780561626141,41.710785121570616
327,-0.2916433302400769,-0.08604488092743237,0.2724941943022736,0.3329617710603313,-0.7123641535007588,1.603102694805622,-7.214718803561163,-20.537627637882192,41.713840145943394
328,0.1811142465140343,-0.04367835090252263,0.6461761981445259,0.5046977611015977,-0.8358434129580721,1.6264074613162545,-7.20857400803605,-20.6072069839796,41.716907088799836
329,-0.03952100209254894,-0.06575758580174455,0.9235061468253233,0.6515362875704479,-0.9474848508228054,1.6458867889919937,-7.20160954564621,-20.676542179644652,41.7199859406202
330,-0.13598620871131434,0.16750815836924143,1.004399196563114,0.7641701748466805,-1.0451992735263598,1.6614923056599076,-7.193829246824598,-20.745631798261424,41.723076691884756
331,0.16466107250949538,0.28456415311748634,0.84302959346891,0.8354001506307327,-1.1272985867293088,1.6731756391470765,-7.185236793815862,-20.81447456140232,41.72617933307379
332,0.2205131763979833,0.10850531238238284,0.4569448358792061,0.8650414560806464,-1.192281993183987,1.6808884172805612,-7.175835784032743,-20.88306927547163,41.72929385466758
333,-0.3599781731407911,-0.26011279757587397,-0.06583442335875922,0.855323851991388,-1.2393564111881843,1.6845822678874518,-7.165629771506566,-20.95141479025508,41.732420247146415
334,0.4790808465643895,-0.3351955259470289,-0.6202687147139265,0.8096215089796484,-1.2688731688614208,1.6842088187948068,-7.154622278166047,-21.01950998764098,41.73555850099055
335,-0.6238428560828281,0.060855701845414986,-1.0853955781539295,0.7315393472311331,-1.2814143438922234,1.6797200879457796,-7.142817209639132,-21.08735375593449,41.73870860668028
336,0.01138836529288731,0.36525075261136614,-1.3015345838514887,0.624674989070691,-1.2775656593475457,1.6710815090383744,-7.130220944069327,-21.154944983440824,41.741870554695865
337,0.9210625844927056,0.16256783324780602,-1.1524988582718263,0.492600845602785,-1.2579704684623418,1.6583205207888045,-7.116844204355432,-21.222282588560077,41.745044335517576
338,0.18926948785026565,-0.10070503451579474,-0.7220265529182311,0.3391029256049715,-1.2233406329394183,1.6415353285487793,-7.1026998410762765,-21.28936562018,41.7482299396257
339,-1.0965233674149713,-0.43049873389798887,-0.1360473442304509,0.1691997968534601,-1.1744104172328018,1.620846876950327,-7.087800964593776,-21.35619320393432,41.75142735750052
340,-0.5300581117658228,-0.20071335656676006,0.48837354492872415,-0.011775530320763516,-1.111916222181571,1.5963782470105226,-7.072160644009274,-21.42276450671736,41.75463657962231
341,-0.016461986015548404,0.19700142874191912,1.0233055791149277,-0.19849004558672875,-1.0366019118363645,1.5682599829580002,-7.055791917116614,-21.489078726730913,41.75785759647132
342,1.0371564751098323,0.45637901250839985,1.3374164575802243,-0.3856107386134524,-0.9492463205535371,1.5366575993271114,-7.038707815437789,-21.55513506844866,41.76109039852787
343,-0.3768029442228805,0.41743352483995494,1.3335589485890196,-0.567778726602029,-0.8506562157395416,1.5017645437023053,-7.020921355259189,-21.620932751579844,41.7643349762722
344,-0.39473789203716464,0.19759783319757937,1.0556096583938372,-0.7392802699051224,-0.7416434822604826,1.4637793811276871,-7.002445445997303,-21.686471102703635,41.7675913201846
345,-0.2677989694589545,-0.17329289899766118,0.5987645100148958,-0.8933702885007034,-0.6230200049824567,1.42290067664735,-6.983292798123787,-21.751749647344038,41.770859420745346
346,-0.7896132739470934,-0.25173641245649375,0.06677745996043599,-1.0230523353900574,-0.4955976687715682,1.3793269953053895,-6.963476076182951,-21.816767956952383,41.77413926843472
347,-0.3976579152206853,-0.4100844593455646,-0.4268935115451421,-1.1213325257845796,-0.36018579628379616,1.333256902145911,-6.943007944719153,-21.88152560297998,41.777430853732994
348,0.6801220800924358,-0.39855717314326905,-0.8004541260569483,-1.1812464972604904,-0.21756418781030462,1.2848889622130102,-6.921901068276705,-21.94602215687816,41.78073416712043
349,0.6996053151193278,-0.44635223709765554,-1.0069561851153288,-1.1958206865730863,-0.06852184446316664,1.2344217405507725,-6.900168111399961,-22.01025719009822,41.784049199077316
350,0.11354385574037122,-0.36583051403241035,-1.0213439705808847,-1.159494567914532,0.08574746722495402,1.1820538022033131,-6.877821738633235,-22.074230274091512,41.78737594008393
351,-0.8712814280790202,-0.36651197078187403,-0.8573162125360848,-1.0744595684762077,0.2436866818681184,1.127983712214713,-6.854874598061883,-22.137940996768315,41.79071438062055
352,-0.757180670934285,-0.08097651581126271,-0.5612267303231334,-0.9480324695668043,0.4036701236491576,1.0724100356290849,-6.831339189315777,-22.20138909449443,41.794064511167456
353,-0.31926887628314954,-0.053065507381529514,-0.18451898420344148,-0.7883740929177924,0.5640721167509102,1.0155313374905144,-6.807227665087801,-22.2645746505726,41.79742632220489
354,0.10969671236614995,0.1514589177628796,0.20092658409558908,-0.6036452602606472,0.7232669853562147,0.9575461828431044,-6.782552095451368,-22.327497830925104,41.800799804213185
355,0.6334470354371066,0.33211165441656393,0.5014643173757746,-0.4020067933268369,0.8796290536479023,0.898653136730958,-6.75732455047989,-22.39015880147415,41.80418494767257
356,0.8249646258997501,0.27822379575338524,0.6343807675131362,-0.19161951384781936,1.031532645808814,0.8390507641981582,-6.731557100246764,-22.452557728142004,41.807581743063345
357,0.9042694080031357,0.13618697613403002,0.5926190114800352,0.019601298882738614,1.1773520860217837,0.7789376302888129,-6.705261814825408,-22.51469477685089,41.810990180865765
358,-0.5518914708669999,-0.13017405647085054,0.4437763088980738,0.22492584617529127,1.3154616984696443,0.7185123000470253,-6.678450764289218,-22.5765701135231,41.81441025156013
359,-0.8048333714106596,-0.1927968831865058,0.2682403576504246,0.41865872826035866,1.4442358073352426,0.657973338516878,-6.651136018711609,-22.638183904080837,41.817841945626704
360,0.3542810184078941,-0.12387783190088628,0.11639916651063409,0.595210308505058,1.5620487368013993,0.5975193107424794,-6.623329648165986,-22.699536314446352,41.82128525354576
361,0.6364469704120671,-0.054548756613298575,0.005309056861148155,0.7491002039912743,1.667274811050968,0.5373487817679198,-6.595043722725748,-22.760627510541923,41.824740165797586
362,-0.5305154418729434,0.04588278737945036,-0.06749920745078111,0.8757244889318216,1.7582894033878866,0.4776592675161856,-6.566290312464321,-22.821457658289756,41.828206672862464
363,0.17816142181906572,-0.04094492848005541,-0.12388947492403138,0.971980456405223,1.8334736504528737,0.41864252057350726,-6.537081487455098,-22.882026923612123,41.831684765220636
364,0.024064699134764674,0.18612473324290785,-0.23180644532316277,1.0345083873830987,1.8912160054168634,0.3604829769958644,-6.507429317771487,-22.942335472431257,41.83517443335241
365,0.40367564209823964,-0.09355259383812677,-0.30989230231933707,1.0573490040538238,1.9301104204366957,0.30336350598696254,-6.477345873486891,-23.002383470669415,41.83867566773805
366,-0.5032510628313711,-0.27725247306369133,-0.28374264750363204,1.0339139598274767,1.9497063792094182,0.24745169442752754,-6.446843224674731,-23.062171084248824,41.84218845885783
367,0.2990463106730778,-0.09108692085180384,-0.12185178185329935,0.9625595048921913,1.950403365387692,0.19284864506026794,-6.4159334414084,-23.12169847909176,41.845712797192036
368,0.7384672334161556,0.15327003339351353,0.10130809743852585,0.8505935296668954,1.9330858997687386,0.13962094797699925,-6.384628593761315,-23.18096582112045,41.849248673220934
369,0.5240968213001662,0.43379783650438697,0.2871689001056426,0.7084991953569894,1.8987166027238593,0.08783859464816135,-6.3529407518068695,-23.23997327625714,41.852796077424806
370,-0.9411569546531376,0.48988024583504225,0.35925105941743185,0.5494439739907506,1.84825590556818,0.03757376560037419,-6.320881985618489,-23.298721010424067,41.85635500028391
371,-0.5063688281950466,0.43556833694087066,0.2788781306546671,0.3861076021569367,1.7826642396168237,-0.011101358639744725,-6.288464365269564,-23.35720918954351,41.859925432278565
372,0.2687474712770933,0.25667690045780445,0.0724734910883671,0.22494527501957548,1.7029020361849216,-0.0581145975455754,-6.255699960833514,-23.41543797953768,41.863507363889006
373,0.9911362134655779,0.11629519708959264,-0.19588491743411143,0.07082515399889544,1.609929726587597,-0.10339377059049784,-6.222600842383738,-23.473407546328847,41.867100785595525
374,0.4579329726157033,-0.2536571897058401,-0.4511407803626084,-0.07138459948484994,1.504707742139978,-0.14686669724790463,-6.189179079993637,-23.53111805583925,41.87070568787841
375,-0.026767138113215714,-0.6117614734990022,-0.624696525032527,-0.19681582401142722,1.3881965141571833,-0.1884611969911632,-6.155446743736635,-23.588569673991124,41.87432206121791
376,-0.786892334806329,-0.6625640458532709,-0.6536557197925925,-0.30091070990994984,1.2613564739543461,-0.2281050892936636,-6.121415903686129,-23.645762566706722,41.877949896094314
377,-0.07183082677811962,-0.4505039647698287,-0.5079896054314693,-0.3808911154024611,1.1251480528465923,-0.26572619362879085,-6.087098629915526,-23.702696899908304,41.88158918298791
378,0.052351962781084976,-0.06363983515441084,-0.23443401370964417,-0.43691754695877827,0.9805316821490478,-0.30125232946992,-6.052506992498233,-23.759372839518104,41.885239912378964
379,0.4748357559324974,0.32366896727207356,0.103784473905713,-0.4716031877915506,0.828466845189992,-0.33461131629044355,-6.017653061507655,-23.815790551458363,41.88890207474774
380,0.34818205700476135,0.3506892540484001,0.44696396801240434,-0.48808981480407554,0.6699089573962517,-0.3657309735637264,-5.9825489070172075,-23.871950201651334,41.89257566057452
381,0.04709822683379286,0.42036732222724105,0.7495915893560096,-0.48955682520975846,0.505836702335831,-0.39453912076316877,-5.94720659910029,-23.92785195601926,41.89626066033961
382,-0.0675941400526008,0.35044055051205797,0.97538807787872,-0.47943413230357823,0.3373403451190092,-0.42096357736214307,-5.911638207830306,-23.9834959804844,41.89995706452324
383,-0.2502879922676215,0.28853675998256284,1.0842219646010764,-0.46204632387145295,0.16558113503340716,-0.4449321628340368,-5.875855803280676,-24.038882440968973,41.90366486360571
384,0.24747290942031874,0.3208736541295577,1.0546464787025074,-0.44187005364782367,-0.008251381099597293,-0.4663726966522174,-5.839871455524799,-24.094011503395254,41.907384048067314
385,-0.2199755241642076,0.19673473057686938,0.892157393286118,-0.4192925280758712,-0.18294511339955813,-0.4852129982900901,-5.803697234636076,-24.14888333368547,41.91111460838828
386,0.06924274107606367,0.07865399923471184,0.6302446971233066,-0.3934886324729074,-0.3572851443392871,-0.5013808872210224,-5.7673452106879175,-24.203498097761884,41.91485653504893
387,0.15430510991149257,0.01775370792316113,0.3064767268969337,-0.3635675571856545,-0.5300902078566002,-0.5148041829183965,-5.730827453753734,-24.257855961546724,41.918609818529525
388,0.10166924310821401,-0.058348284715701415,-0.04535404752792342,-0.32862038590434695,-0.7001971445457947,-0.5254107048555977,-5.6941560339069355,-24.31195709096225,41.92237444931034
389,-0.2581449031345189,-0.23719227672068433,-0.4003592950384208,-0.2876915591975499,-0.8664894381228339,-0.5331282725060085,-5.6573430212209175,-24.365801651930703,41.92615041787164
390,0.2788999534238605,-0.1933501480911375,-0.7401364286024797,-0.23987587370685087,-1.0278002162306692,-0.5378847053430114,-5.620400485769099,-24.41938981037433,41.929937714693715
391,-0.28987385981629726,-0.040427597187193264,-1.0405340879870209,-0.18432597178671373,-1.1829047607993741,-0.5396079780139222,-5.583340342450948,-24.47272173221536,41.93373633025683
392,0.24590842363712884,0.2511539571496089,-1.2736376315693299,-0.12024705967633935,-1.330525789874283,-0.538229716220377,-5.546170855111618,-24.52579758337607,41.937546255041276
393,0.12782307260807002,0.2200150638330642,-1.3917758878138455,-0.046901028604707316,-1.4693293365109548,-0.5336950901355441,-5.508886743124718,-24.578617529778686,41.94136747952732
394,-0.22719283351795402,-0.04711868559445317,-1.380171289286455,0.03582231749856881,-1.5979257701530065,-0.5259573717449518,-5.471474624051525,-24.631181737345454,41.94519999419523
395,0.1641155765203121,-0.3570033066820356,-1.2442289557347845,0.1253499166009425,-1.7148956997436806,-0.5149707288231572,-5.433920219664259,-24.68349037199864,41.949043789525305
396,-0.20823733778053913,-0.22538741301964832,-0.9950906430215277,0.21707984313192039,-1.8188211247676587,-0.5006869740621853,-5.396211606817694,-24.73554359966046,41.952898855997795
397,-0.10114437547301078,0.12653635721107623,-0.6611824226209349,0.30610483686104867,-1.9083432112973324,-0.48305408093973473,-5.3583407015809215,-24.787341586253188,41.956765184092994
398,-0.11854861565401222,0.4389072224199697,-0.2752119425543261,0.387690831528168,-1.9822763193753974,-0.46201915614849925,-5.320300286808026,-24.838884497699052,41.96064276429117
399,0.28682125997199104,0.5806151695796851,0.13014798320172621,0.45726080364139776,-2.0395918518128213,-0.4375293063811952,-5.282083145353087,-24.89017249992031,41.96453158707262
400,-0.3037116765335576,0.07934669091254998,0.5193762816550562,0.5102701313891242,-2.079290620669157,-0.4095346307622071,-5.243682060070189,-24.94120575883921,41.96843164291759
401,0.2993574858546485,-0.4840136707216207,0.8455719902121576,0.5421665894407504,-2.100329752308347,-0.3780213105925543,-5.205089813813423,-24.99198444037798,41.97234292230637
402,-0.2562426439181726,-0.6800940861725483,1.0651231620691388,0.5484755354994003,-2.101615832326571,-0.3431036509747347,-5.166299189436861,-25.042508710458875,41.976265415719226
403,-0.12195702284220943,-0.43640561341699546,1.1604743034845608,0.5250039078521711,-2.082190210097695,-0.3050427738175409,-5.127302969794593,-25.092778735004153,41.98019911363646
404,0.13307648809404474,0.12433070157876536,1.1261671012236587,0.46913663112624465,-2.0418059159817252,-0.2641603949025567,-5.088093937740699,-25.142794679936042,41.98414400653831
405,0.008389061026589912,0.609020228967309,0.954898436917198,0.3823851450069731,-1.9807851614300707,-0.22078620808701604,-5.048664876129269,-25.192556711176795,41.988100084905085
406,0.1646939494147085,0.7608820851933917,0.6397576132331676,0.26880531872871277,-1.8998828360958158,-0.17524990722816547,-5.009008567814378,-25.242064994648665,41.992067339217044
407,-0.22059015651848984,0.488907744832219,0.20102962797871643,0.13342739775897913,-1.8005016958986464,-0.12788118618324398,-4.969117795650114,-25.291319696273895,41.99604575995448
408,0.24428903162662752,0.015228849627726311,-0.2684742863842374,-0.018511186723769783,-1.6842516824692215,-0.07900973880948307,-4.928985342490559,-25.340320981974713,42.00003533759763
409,0.11415631412564584,-0.418600986119605,-0.6584373818262956,-0.18155041055578566,-1.5529653304234514,-0.028965258964131768,-4.8886039911897985,-25.3890690176734,42.004036062626824
410,-0.289919256862724,-0.6472723999924558,-0.8585429103180082,-0.35017693622744067,-1.4085284877231625,0.021922559495578458,-4.847966524601904,-25.43756396929218,42.0080479255223
411,-0.001884552607621081,-0.4262479423489122,-0.7931114518900756,-0.5184528656833907,-1.2528263986124704,0.07332402271240106,-4.807065725580977,-25.4858060027533,42.012070916764344
412,0.13333807365916284,-0.0031660263975026217,-0.5252593630135612,-0.6784888429991482,-1.087748643951197,0.12490943682910204,-4.765894376981084,-25.53379528397901,42.01610502683324
413,0.2511384047078668,0.3982349624479347,-0.1537261850191729,-0.8209958039801374,-0.9151734918063118,0.17634910798844242,-4.724445261656324,-25.58153197889155,42.020150246209255
414,-0.34082104594529683,0.5027485335106839,0.22169745107941227,-0.9364415629834747,-0.736975867493222,0.22731334233317815,-4.682711162460769,-25.629016253413173,42.02420656537266
415,0.24295007424330733,0.24278127940055214,0.4957799919545668,-1.0152983315173882,-0.5550262991762297,0.2774724460060753,-4.6406848622485075,-25.676248273466122,42.028273974803746
416,0.33420754464570135,-0.10853932638849983,0.5563416204405816,-1.0481063170013958,-0.37116536298279856,0.3264967251498973,-4.598359143873619,-25.723228204972653,42.03235246498279
417,-0.43349728669221216,0.016407632450574576,0.3463876001846815,-1.026940638480025,-0.1871728157152749,0.37405648590739765,-4.555726782701254,-25.769956221343936,42.03644202639005
418,-0.04370843237875712,0.20519530387405616,0.002217868458531138,-0.9500648311907981,-0.004791542602474105,0.41982203442134236,-4.512780516558356,-25.816432533529365,42.04054264950582
419,0.44909071516264587,0.19005400337320488,-0.28963575086439486,-0.8196856105898981,0.17422907702377557,0.4634636768344849,-4.4695130416214415,-25.862657394128732,42.04465432481035
420,-0.4303308256234369,-0.1545227035510652,-0.4147034605216323,-0.6374599607632455,0.34813629819472924,0.5046517192895938,-4.425917031157794,-25.908631078651105,42.048777042783954
421,0.17017816296201183,-0.3017729230579047,-0.3425367575866462,-0.4106740990552121,0.5151773759416646,0.5430564679294275,-4.38198515460301,-25.954353866437213,42.05291079390688
422,0.3825775689864798,-0.23730462697472013,-0.11485831288713483,-0.15188187375617151,0.6735995652958493,0.5783482288967471,-4.337710081392661,-25.999826036827816,42.05705556865943
423,-0.40630773105752827,0.07209457483215807,0.15390823328966668,0.12537848591697442,0.8216501212885536,0.6101973083343135,-4.293084480962341,-26.045047869163636,42.061211357521834
424,-0.0010761095620682572,0.2366762883958009,0.3337232736416681,0.4075687507473137,0.9575762989510476,0.6382740123848877,-4.248101022747621,-26.090019642785453,42.065378150974425
425,0.4881951910931732,0.23355591464998432,0.32360894178955757,0.6807040256820923,1.0796253533146014,0.6622486471912258,-4.202752376184094,-26.134741637033972,42.069555939497434
426,-0.2178384567456172,-0.008591639711646637,0.1519491041301005,0.9291455624067495,1.186044539410478,0.681791518896091,-4.157031210707345,-26.179214131249964,42.07374471357115
427,-0.5220445443517849,-0.208868561737265,-0.0725719262007232,1.1382541232288337,1.2750811122699497,0.6965729336422547,-4.110930195752952,-26.22343740477418,42.07794446367587
428,0.2928332861336998,0.014078631050790736,-0.24564190933308877,1.2971830250638487,1.3449823269242966,0.7062632381305776,-4.064442041314625,-26.26741173694734,42.08215518029185
429,0.4017341032092113,0.15890330510540454,-0.31949308807025256,1.3966474728858316,1.3939954384047668,0.7105338302784902,-4.017560508602593,-26.311137407110227,42.08637685389937
430,0.38442624506586637,0.13633079453477692,-0.26781635479256627,1.4318778145247424,1.4204099711157276,0.709060286885,-3.9702835377087,-26.35461469460355,42.0906094749787
431,-0.4917467136222463,-0.17337005142326006,-0.11049903361243325,1.4065771242823555,1.4230813840609342,0.7015604672566759,-3.9226123321840785,-26.397843878768064,42.094853034010114
432,0.35761344919814136,-0.11850755438958942,0.04991522988805169,1.3265533407779515,1.4027188467680098,0.687973656189342,-3.8745492509612913,-26.440825238944523,42.09910752147391
433,0.053107518068491275,0.2324124859614705,0.18379945470801196,1.1971039509106807,1.3613244367611992,0.6685365512673676,-3.826098271053895,-26.48355905447368,42.10337292785036
434,0.5353338919165138,-0.12345997279086783,0.30365684010726457,1.0254546830420006,1.3011242442871407,0.6435504372786022,-3.7772637627641066,-26.526045604696247,42.107649243619704
435,-0.6042349340645978,-0.31903306951095917,0.3902471147517935,0.8197587363052818,1.224344359592494,0.6133165990108731,-3.728050096394133,-26.56828516895301,42.11193645926225
436,-0.32857924074609507,0.008120020399600046,0.4135586693904937,0.5880584603526872,1.1332108729238881,0.5781363212520276,-3.678461642246195,-26.61027802658469,42.11623456525829
437,0.6010110478785825,0.35392164276191784,0.3381835933393739,0.338606628168733,1.029949874527977,0.538310888789903,-3.628502770622504,-26.65202445693204,42.12054355208806
438,-0.08031701579973054,0.12970615619946818,0.14542595661847132,0.08109504284727484,0.9167874546513894,0.49414158641235145,-3.578177851825278,-26.693524739335803,42.12486341023185
439,-0.13106350801179126,-0.16166987086931386,-0.10165168450121438,-0.17441805994217482,0.7959497035407851,0.44592969890720274,-3.527491256156724,-26.734779153136724,42.12919413016996
440,-0.48641147877803736,-0.401275536612098,-0.3193781333728859,-0.4178744445300985,0.6696627114428052,0.39397651106229914,-3.476447353919065,-26.775787977675556,42.13353570238264
441,0.3967881960146221,-0.04580096677031673,-0.44679333990952663,-0.639215875246971,0.540152568604084,0.33858330766548295,-3.4250505154145103,-26.81655149229303,42.137888117350165
442,-0.2558058737584488,0.4149372019525125,-0.512320228824304,-0.8283841164232799,0.4096453652712756,0.28005137350459636,-3.37330511094527,-26.857069976329914,42.14225136555282
443,0.32368132211863676,0.22786121400813944,-0.5528911414382748,-0.9757667972773992,0.280367191691014,0.21868199336748415,-3.3212155108135666,-26.897343709126936,42.1466254374709
444,-0.17524285970131617,-0.12635600563578775,-0.5686191860258575,-1.0739538070271686,0.15454413810994827,0.15477645204197607,-3.2687860853216044,-26.937372970024832,42.151010323584636
445,-0.2888064030778896,-0.3352863483074728,-0.5421923242440351,-1.1189800246996178,0.034402294774720045,0.0886360343159269,-3.2160212047716086,-26.97715803836437,42.15540601437435
446,0.39188107765661057,-0.07072674685497728,-0.45079863599201164,-1.1131941692773868,-0.07791161787761762,0.020562024977166346,-3.1629252394657867,-27.016699193486286,42.159812500320285
447,-0.4447549552648631,0.3256348388379744,-0.2769955698215989,-1.0627381725372982,-0.18073234749281528,-0.04914429118646332,-3.109502559706346,-27.055996714731325,42.16422977190273
448,0.4797008191587364,0.18672956359169599,-0.01629536001763355,-0.9745872000986828,-0.2732155956132243,-0.12018162938711228,-3.0557575357955167,-27.09505088144023,42.16865781960197
449,-0.4903828189134464,-0.2525238866334834,0.27821229426569377,-0.8555649122319864,-0.3550320945588422,-0.19224870483694836,-3.001694538035503,-27.133861972953746,42.173096633898254
450,0.1251449235883145,-0.29326276639018445,0.513743530194817,-0.7124167992934282,-0.4259626552821409,-0.2650442327481243,-2.9473179367285254,-27.172430268612633,42.1775462052719
451,-0.05913527151635177,0.023137670781033196,0.6333225951741904,-0.5519184583814658,-0.48575798199334624,-0.33826692833280775,-2.892632102176778,-27.210756047757624,42.18200652420315
452,0.4097654628320983,0.36309204812263873,0.6237863957939467,-0.380865866262645,-0.5341591204432153,-0.41161550680315157,-2.837641404682499,-27.248839589729467,42.186477581172305
453,0.21419240761014122,0.1375453841507745,0.4882820933861754,-0.20625206363608087,-0.5709071163825029,-0.4847886833713109,-2.7823502145478956,-27.28668117386891,42.19095936665961
454,-0.4426355614073202,-0.24315019512617017,0.2603004135611204,-0.035694357769704435,-0.5957430155619673,-0.5574851732494537,-2.7267629020751745,-27.32428107951669,42.19545187114536
455,-0.09449285417587011,-0.4790791023966444,-0.019096598674553496,0.12304844909945374,-0.6084078637323644,-0.6294036916497349,-2.6708838375665613,-27.361639586013556,42.19995508510983
456,0.14341063698234535,-0.33003386948495644,-0.3077064678440218,0.2622207257666152,-0.6086448493977044,-0.7002408110310595,-2.614717391324256,-27.398756972700255,42.204468999033296
457,0.18183062532095853,0.013340693058572353,-0.5584400453202188,0.3740668410270091,-0.5962122991588766,-0.7696779657554528,-2.558267933650488,-27.435633518917538,42.20899360339603
458,-0.43101461682088077,0.5705445455335133,-0.7218155124114897,0.45083116367585196,-0.570901964199927,-0.8373631656017853,-2.5015398348474593,-27.472269504006135,42.21352888867831
459,0.5010937093836839,0.6369860549119006,-0.7523449149224959,0.48484881773902566,-0.5325424110453622,-0.9029134289029692,-2.444537465217391,-27.508665207306816,42.21807484536042
460,-0.16228376096665406,0.007893203480075833,-0.6304680080095888,0.4713713341069294,-0.48114188095926996,-0.9659162483513285,-2.387265195062494,-27.544820908160293,42.222631463922625
461,-0.4890177572674725,-0.6247468601473178,-0.3758806780584377,0.41643133909614877,-0.4175938740506728,-1.0259266238251288,-2.329727394684977,-27.580736885907353,42.22719873484521
462,0.2760570302352029,-0.7731818117498702,-0.020055632132405535,0.33056748175240513,-0.34432933784270064,-1.0824925245953037,-2.2719284343870636,-27.616413419888715,42.23177664860845
463,0.2669955539456096,-0.3486691191659794,0.3855173037383619,0.22497701185342645,-0.26430666620583076,-1.1351558059421099,-2.2138726844709673,-27.65185078944512,42.236365195692606
464,-0.2572681615175561,0.42430561433699965,0.7476973667382077,0.11090263025300051,-0.18055552627726706,-1.1834325009551359,-2.1555645152389027,-27.687049273917324,42.24096436657798
465,0.42494570976735696,0.7082925772921433,0.9635622009480854,-0.00041296219508755484,-0.09611716409685235,-1.2268270638213261,-2.097008296993069,-27.722009152646073,42.24557415174482
466,0.0014390326827795775,0.40041316394258414,0.9607660093874604,-0.09899686824639144,-0.01403419193240557,-1.2648425824996419,-2.038208400035702,-27.75673070497211,42.25019454167342
467,-0.4084725633136097,-0.2509520173604263,0.7894802599618658,-0.18018499304216462,0.06266933676450415,-1.2969821449490513,-1.9791691946689984,-27.791214210236188,42.254825526844066
468,0.2220361717117985,-0.5042387340707567,0.531297096043672,-0.24152125454319662,0.13106346122420323,-1.3227493673789217,-1.9198945229447706,-27.825459947779038,42.25946709773701
469,-0.40153872690248277,-0.07363977444211393,0.2551059255322491,-0.2809184342824016,0.18837605511707864,-1.341649979000307,-1.860386113913148,-27.85946819694141,42.264119244832536
470,0.3767567055477992,0.38784920232623576,-0.021858902093194972,-0.29678874468210953,0.2323344230029067,-1.3531902372746445,-1.800645168373868,-27.89323923706405,42.26878195861093
471,-0.34511262578834195,0.21059777478167332,-0.297739215544873,-0.28875769802954915,0.26187916930638516,-1.3568750940867054,-1.7406741927033247,-27.92677334748772,42.27345522955246
472,-0.1600120254369346,-0.07623914923963646,-0.5786319631487375,-0.25754403713196417,0.27707175637351333,-1.3522295115627327,-1.6804833104377612,-27.960070807553144,42.2781390481374
473,0.2540020843150039,-0.19451242070472322,-0.8644372166665524,-0.20438823848304305,0.27866506101538446,-1.3389372476186245,-1.6200935301023967,-27.99313189660107,42.28283340484602
474,-0.1680598628579353,-0.08978196672574042,-1.1344128276765788,-0.1306130381679822,0.26781632189435794,-1.3170017675769436,-1.5595282550755412,-28.02595689397226,42.28753829015862
475,-0.004894961617973728,-0.06933409101619409,-1.3223995377386462,-0.037524377352245494,0.24598862743430355,-1.2867323865217541,-1.4988108887355096,-28.058546079007446,42.29225369455546
476,0.061761314172322807,0.13704576723516596,-1.3861354880983452,0.0730067171600513,0.21476492794311175,-1.2485582814211402,-1.4379648344606175,-28.090899731047365,42.296979608516814
477,-0.016851677838601295,0.1734761863918204,-1.2468521570733386,0.19572370657362922,0.17574369165854162,-1.2029241471730752,-1.3770134956291598,-28.123018129432776,42.30171602252297
478,0.09561989267451411,-0.1474299416057904,-0.8752645613558125,0.32124480421395096,0.1305233868183372,-1.150274678675487,-1.3159802756194614,-28.154901553504438,42.306462927054184
479,-0.3010650408950638,-0.3272950736160963,-0.3403842262667089,0.4393149777661004,0.08070308719932456,-1.091055176365408,-1.254888577809835,-28.186550282603058,42.31122031259075
480,-0.0104846593948919,-0.252632265280834,0.2670050358971736,0.5396791949151513,0.027884288734557824,-1.025713362836094,-1.193761805578581,-28.217964596069415,42.31598816961293
481,0.4160377285517355,-0.14813230108533157,0.8320422694583478,0.6120824233461901,-0.02632580725607537,-0.9547026660676239,-1.1326233623040194,-28.249144773244232,42.32076648860101
482,-0.44462236193909466,0.2839044778278445,1.2292772516572144,0.646289232908862,-0.08031631558592808,-0.878499800071438,-1.0714966513644577,-28.28009109346828,42.32555526003528
483,0.4522329887946035,0.5069843508077052,1.3296307346966632,0.6321712937632173,-0.132566804970077,-0.7975981252676122,-1.0104050761382035,-28.310803836082282,42.33035447439598
484,-0.04335906173530617,0.2711152902574738,1.0589233068379256,0.5630471005380802,-0.18174154891454275,-0.7124938887164873,-0.9493720400035721,-28.341283280427003,42.335164122163434
485,-0.4533286383237875,-0.17527724694426702,0.5534884220233381,0.44556663682275244,-0.22679937773549183,-0.6236833374783738,-0.8884209463388734,-28.37152970584316,42.33998419381786
486,0.47088374057382987,-0.4899332306444555,0.0020761215435050745,0.2899042400006111,-0.26696424250553025,-0.5316627186136024,-0.8275751985224177,-28.401543391671524,42.34481467983958
487,-0.19358812859888702,-0.32759243296231244,-0.43813806593753907,0.10628722197951641,-0.3015148210890503,-0.43692652691523315,-0.7668581999325124,-28.431324617252837,42.349655570708855
488,-0.5321740068209554,0.09640384608837287,-0.7368135264386398,-0.09505710533264873,-0.3297378923281377,-0.3399611561986429,-0.7062933539474828,-28.46087366192783,42.354506856905964
489,0.5486460218900746,0.3205717720362393,-0.896416788482531,-0.30390143002799647,-0.3509304805099019,-0.24124275483417734,-0.645904063945619,-28.490190805037262,42.359368528911176
490,-0.36021225037048654,0.23916328023841837,-0.922546026533288,-0.5100184401986515,-0.3644135159150278,-0.1412235651986114,-0.585713733305246,-28.519276325921883,42.364240577204775
491,-0.5319760977039166,0.07912723538767158,-0.848537625155737,-0.7039964769750393,-0.3695464080236818,-0.04031735046923132,-0.5257457654046716,-28.54813050392242,42.36912299226703
492,0.0745033364826365,-0.18060446507772485,-0.7307079480486135,-0.8798030657933136,-0.36573771030736,0.06111127016799152,-0.46602356362220826,-28.57675361837962,42.37401576457821
493,0.37761004534353326,-0.08105862466312053,-0.6214026781789868,-1.0326525471327106,-0.35243382594063943,0.16273522592371928,-0.40657053133615867,-28.60514594863425,42.37891888461861
494,0.3384183429609815,0.04101862920611956,-0.5099760050681517,-1.157715744871799,-0.32910481382080775,0.2642450946770419,-0.3474100719248454,-28.633307774027042,42.38383234286851
495,0.1796586110291377,-0.007851145662539694,-0.37085533807403387,-1.249994507277339,-0.2952430516172107,0.3653342644591356,-0.2885655887665711,-28.661239373898745,42.388756129808165
496,0.21260065577061155,0.019907979621693123,-0.1784053298315508,-1.3041424331224654,-0.25034571882759304,0.46569612330119436,-0.2300604852396484,-28.6889410275901,42.39369023591786
497,-0.21760509439250014,-0.11482267641651618,0.07534148166782541,-1.3140805619481957,-0.19416068065864756,0.5650240592344097,-0.1719181647223949,-28.71641301444185,42.398634651677874
498,-0.5846992541734791,-0.02239192135663964,0.28836713921001456,-1.2724789692643566,-0.12758017788610748,0.6630114602899553,-0.1141620305931132,-28.743655613794747,42.40358936756847
499,0.09140683714747073,0.15026900605473306,0.3814068413149507,-1.1711822523206175,-0.05232192954587124,0.7593517144990378,-0.056815486230115925,-28.770669104989537,42.40855437406995
500,0.5969542888715504,0.22386823917226864,0.29473502532118345,-1.0051913886615365,0.029721666119813386,0.853738209892831,9.806498828178939e-05,-28.797453767366946,42.41352966166256
501,-0.5365094416698136,-0.08641579902103985,0.03312276735723382,-0.7837723706619366,0.11664994925040985,0.9458643345025313,0.05655521968377485,-28.82400988026776,42.4185152208266
502,-0.1526560056666265,-0.2440078866582715,-0.22770933353556116,-0.5233184039719406,0.20656225998538916,1.03542347635932,0.11253257447804814,-28.850337723032684,42.42351104204232
503,-0.1828605300776484,-0.13430695373763063,-0.31112673110971006,-0.24145901381395873,0.29755793846421724,1.122109023494389,0.1680067259927915,-28.876437575002484,42.42851711579003
504,0.06568799281098446,0.03569364678355027,-0.22375277994678536,0.044842463705169616,0.38773632482637016,1.205614363938929,0.22295427084969488,-28.902309715517905,42.43353343254999
505,-0.002949733752500419,0.0913081341166448,-0.03274207572574592,0.32559666587294034,0.47519675921131643,1.2856328857241142,0.27735180567044815,-28.927954423919697,42.43855998280248
506,0.02931249130251862,0.03813488730923759,0.18862581458506605,0.5926295436076032,0.5580385817585068,1.3618579768811536,0.33117592707673865,-28.953371979548596,42.44359675702777
507,-0.076911437260248,0.03124341880372505,0.3650724969294111,0.8377670478274107,0.6343611326074325,1.4339830254412211,0.3844032316902613,-28.978562661745332,42.44864374570612
508,0.086718854027506,0.038015297559356176,0.46128104202960146,1.0528351294506253,0.7022637518975596,1.501701419435508,0.4370103161326909,-29.00352674985069,42.45370093931785
509,-0.17475671263558618,-0.01124431470149076,0.4617432934555473,1.230227825054446,0.7598457797683539,1.5647065468951935,0.48897377702573,-29.02826452320538,42.45876832834318
510,0.2861453406437747,-0.08542620478508729,0.3145916501010091,1.3654510087262084,0.8052065563592763,1.6226917958514862,0.5402702109910609,-29.052776261150154,42.463845903262424
511,-0.421718818640496,0.10986024977604575,0.009140147579679818,1.458174818958944,0.8364454218098079,1.67535055433555,0.5908762146503784,-29.07706224302577,42.46893365455586
512,0.3442537978443752,0.19970998465444606,-0.35154060441009405,1.5098616861171335,0.8516617162594047,1.7223762103785938,0.6407683846253625,-29.101122748172976,42.47403157270375
513,0.6050752726607124,-0.03519064992316296,-0.648618704202964,1.522212239814491,0.8489053607652839,1.763511571094053,0.689923317537713,-29.124958055932506,42.47913964818638
514,-0.601880577646662,-0.3045538375566049,-0.7692254502895272,1.4964571310311883,0.8264961998430167,1.798699498770569,0.7383176100091123,-29.148568445645108,42.48425787148402
515,0.5135408841713976,0.051989499416261645,-0.6341840929742006,1.4325402761041701,0.7847900293861101,1.8279635088095998,0.7859278586612504,-29.171954196651534,42.48938623307694
516,-0.38979096595694324,0.45431465839990237,-0.2958583203728503,1.3323083323007119,0.7254539866223897,1.8514325137380623,0.8327306601158145,-29.195115588292506,42.494524723445416
517,0.17548373301430983,0.1520027442911872,0.15436201694089424,1.1982011367790362,0.6503056053083969,1.869321719510734,0.8787026109944996,-29.218052899908805,42.499673333069744
518,-0.016702207313694258,-0.35508892915500545,0.5982379089802332,1.0326585266973871,0.5611462755051967,1.8818624757778588,0.9238203079189906,-29.240766410841143,42.50483205243018
519,-0.015474748160579066,-0.6487634327842711,0.9022495031796209,0.8381203392139946,0.4597773872738591,1.8892861321896859,0.9680603475109774,-29.263256400430294,42.510000872007005
520,-0.03656961090139907,-0.25459460340609946,0.9628211769511021,0.6174627076288337,0.34800033067543906,1.8918240383964637,1.011399326392147,-29.285523148016992,42.515179782280505
521,-0.19291531480815713,0.3983746260156605,0.8041271968573487,0.37647377014254824,0.2276164957710092,1.8897072401507728,1.053814145081849,-29.307566932941977,42.520368773730944
522,0.3354362873011813,0.7830344012125279,0.4804285068352491,0.12604524243217088,0.100427272621632,1.883163222673837,1.0952852646307925,-29.32938803454599,42.5255678368386
523,-0.30320320594614325,0.5102915735024894,0.05843907345633095,-0.12176433949159562,-0.03176594871162502,1.8724092224405375,1.135803394836048,-29.350986732169805,42.530776962083756
524,0.1761384797339514,-0.1722153332592004,-0.3785194849019745,-0.35489643961803585,-0.1671617781676943,1.8576578706422726,1.1753638507781305,-29.37236330515414,42.53599613994669
525,-0.09418606368113121,-0.6677488305276579,-0.7436048322452016,-0.5612925219364444,-0.3039588256855134,1.8391212333847975,1.2139625126232296,-29.393518032839733,42.54122536090765
526,-0.37181876146289367,-0.8395769125090758,-0.9499746325788846,-0.7288940504361261,-0.4403557012040097,1.8170104055054022,1.2515962318059932,-29.414451194567373,42.546464615446965
527,0.25305813194444515,-0.7555800213038756,-0.9328258251155971,-0.8464504368323867,-0.5745510146621208,1.791531645033268,1.288266696569164,-29.43516306967775,42.55171389404485
528,0.11548015890787387,-0.32874347462266773,-0.7224394920557098,-0.9077398710537657,-0.704743375998789,1.762886431791897,1.3239803733611815,-29.45565393751165,42.55697318718163
529,-0.28531931412504147,0.2714929265513771,-0.39821511933332204,-0.9151552871972968,-0.8291415880587424,1.7312752938704579,1.358744680364816,-29.475924077409807,42.56224248533756
530,0.37462456955677953,0.5796819204403595,-0.043963074594842284,-0.875270768296958,-0.946086452506233,1.6968987593581362,1.3925670357628077,-29.49597376871296,42.56752177899291
531,0.017867484355738865,0.6310329507133599,0.25788779148683977,-0.7948743172688006,-1.0543338912352775,1.6599573563440955,1.4254548577379373,-29.51580329076186,42.57281105862796
532,-0.11923021504371052,0.34787002065381634,0.4439893883424304,-0.6805042525482422,-1.1528895106205157,1.6206516129175166,1.4574155644729554,-29.535412922897258,42.57811031472301
533,-0.09429660574841438,0.17146967784668704,0.5162683703190686,-0.5389122165299918,-1.2407844505039594,1.5791820571675728,1.488456574150617,-29.554802944459887,42.58341953775831
534,0.15253028984400563,-0.16045243748929255,0.4941931862090906,-0.37835448060783666,-1.317016163516734,1.5357492171834501,1.5185853049536802,-29.573973634790505,42.58873871821414
535,-0.25473198020447296,-0.3248353482748335,0.40038824373324233,-0.20975220000893555,-1.3805740847051557,1.4905536210543044,1.5478091750649206,-29.59292527322986,42.59406784657079
536,0.21164298571320594,-0.20349727067411105,0.27084375462524135,-0.046221994275034615,-1.4304476491155445,1.4437957968693267,1.576135602667081,-29.611658139118674,42.59940691330851
537,0.03798764094756221,-0.12107837938729536,0.17676746492030274,0.09811788954316322,-1.4656262917942315,1.3956762727176877,1.6035720059429244,-29.630172511797706,42.6047559089076
538,0.004120548632270133,-0.1385383489019586,0.1696035226163911,0.2117461924364484,-1.485099447787531,1.3463955766885607,1.630125803075211,-29.64846867060771,42.61011482384832
539,-0.1525800665897498,-0.15201213690120277,0.2317224960659192,0.28983085672743786,-1.4878555776993914,1.2961532624287462,1.6558044122467093,-29.666546894889414,42.61548364861095
540,-0.0483256386853854,0.006606343442272963,0.3196718935495464,0.3327114989099326,-1.4728599201240289,1.2451256615753092,1.6806152516401616,-29.684407463983586,42.62086237367578
541,0.14750609188797886,0.03496800225802594,0.3925275399371474,0.3418868359191846,-1.4390583419932703,1.193403800260478,1.7045657394383436,-29.702050657230963,42.62625098952307
542,-0.0709226281112314,0.0008056194176922453,0.4250148933091979,0.3201832819550806,-1.3859514794490282,1.1410342863934562,1.7276632938240009,-29.719476753972273,42.63164948663311
543,-0.0932205138331774,0.0010814291129365723,0.4153678690240155,0.2730805380374756,-1.3146653407321534,1.088068863473123,1.749915332979906,-29.736686033548285,42.637057855486155
544,0.07434292985502333,-0.042347619530013904,0.3830906769566625,0.20777547030575091,-1.2275503613601595,1.0345623174211602,1.7713292750888023,-29.75367877529973,42.64247608656251
545,-0.03627428010747506,0.024530587755539457,0.3479458298770192,0.13118027001513713,-1.1273132918079587,0.9805694341592126,1.7919125383334649,-29.770455258567356,42.647904170342414
546,0.17701647117165753,-0.0594946616803,0.31398388363826635,0.05104726943693836,-1.0166968376864323,0.9261449996089619,1.811672540896647,-29.78701576269192,42.65334209730619
547,-0.2926718876684681,0.126314381395923,0.18177771488727493,-0.024365245524049763,-0.8984447546637491,0.8713437996920577,1.8306167009611038,-29.80336056701416,42.658789857934075
548,0.15169489727869392,0.09165079000775087,-0.050416149608067715,-0.08735567011521314,-0.7753044164344746,0.8162206203301717,1.8487524367096009,-29.819489950874807,42.66424744270635
549,0.4845039241008617,-0.05229185652836732,-0.28302729750778616,-0.13043717249034012,-0.649975659832906,0.7608302474449612,1.8660871663248988,-29.835404193614632,42.66971484210331
550,-0.5125337227539152,-0.23006973147508725,-0.378059550253121,-0.14640374410816884,-0.5248774983884111,0.705227466958098,1.8826283079897477,-29.851103574574367,42.67519204660522
551,0.4217196455370527,-0.02863114394266258,-0.24218594836460197,-0.1310862947821212,-0.4017572767234305,0.6494670647912416,1.8983832798869156,-29.866588373094753,42.68067904669236
552,0.3318796502429154,0.22252659328084207,0.016452536659702772,-0.09085459687177658,-0.28128447470536055,0.5936038268660639,1.9133595001991555,-29.881858868516534,42.686175832844995
553,-0.25336554473290246,0.2091560029278954,0.24275780461468047,-0.03470565516478441,-0.16386658922128414,0.537692539104222,1.927564387109233,-29.89691534018048,42.691682395543424
554,0.11784065459398772,-0.09982331838345772,0.33529625132868907,0.028359173828280366,-0.049906765435361086,0.48178798742737516,1.9410053587999057,-29.911758067427314,42.697198725267896
555,-0.1004060354571246,-0.19595161433927222,0.3004777660138304,0.08971575818229013,0.06019185148823111,0.4259449577571955,1.9536898334539317,-29.926387329597777,42.702724812498694
556,0.09465928284467215,-0.00983101583627969,0.19351767687996527,0.1423272327734097,0.16602611638533507,0.37021823601534987,1.9656252292540688,-29.940803406032632,42.708260647716116
557,-0.09056562715930926,0.03831978641187075,0.10458848060701627,0.1801832582142619,0.2671928840917985,0.31466260812348784,1.9768189643830827,-29.95500657607262,42.71380622140041
558,0.03209780721066382,-0.031033090158657732,0.0684948837145951,0.2001718674020744,0.36329280983092155,0.25933286000328626,1.9872784570237236,-29.96899711905848,42.71936152403187
559,0.020706759757164572,0.0667952519930378,0.030046751116496396,0.20500907983574337,0.4539960226025789,0.20428377757641475,1.9970111253587572,-29.98277531433096,42.72492654609077
560,-0.06862684185879217,0.015823828676146373,-0.03345029074909912,0.19731552377325304,0.5391834089964661,0.1495701467645201,2.006024387570941,-29.996341441230804,42.73050127805737
561,0.13916671972857128,0.013798630167639806,-0.10729000620938942,0.17959991308483994,0.6187623965828185,0.09524675348927686,2.0143256618430363,-30.00969577909876,42.73608571041196
562,-0.04617294387168866,-0.0354751616390861,-0.17745126141459622,0.15424591526955206,0.6927214752664272,0.04136838367234446,2.0219223884638504,-30.022838629381635,42.741679833634834
563,-0.016345755271010804,-0.027294517893327343,-0.2293411746172222,0.12341126066119311,0.7612450114827474,-0.012010176764607604,2.0288221475716477,-30.035770433375653,42.747283638206234
564,0.0027135299741693855,-0.024510476780973282,-0.24630114039852838,0.08884470836997026,0.82464951920122,-0.06483414189991488,2.0350327471118344,-30.04849186018422,42.75289711460645
565,0.060244961662628355,0.09026159647491744,-0.23566669566457604,0.05085564756772449,0.8832745463363955,-0.11704872581192043,2.0405620464550687,-30.061003630335986,42.75852025331575
566,-0.008481059180705554,0.05716274694975811,-0.21208304590577695,0.00827637448605579,0.9374625759805735,-0.16860207775675423,2.0454179049720413,-30.07330646435963,42.764153044814435
567,-0.10125113011876463,-0.07467519531457377,-0.16574612419862222,-0.04044387343598332,0.9875687709107814,-0.219455026675224,2.049608182033396,-30.08540108278376,42.76979547958275
568,-0.20271274658299152,-0.1074375336985229,-0.07810476310705791,-0.097424927981037,1.0339558842777283,-0.26957599188186643,2.053140737009828,-30.097288206137073,42.77544754810099
569,0.34205619358890044,-0.17813825392830404,0.05374320031837162,-0.1638785316931132,1.0769912054142476,-0.31893792887331035,2.0560234292719883,-30.108968554948223,42.781109240849446
570,-0.11536444492091959,-0.11825781526664701,0.17973978328913923,-0.2402475703616257,1.1170429229553414,-0.3675146924483604,2.0582641181905568,-30.12044284974585,42.786780548308364
571,-0.44983128337983513,0.07162035805794423,0.24393404602686913,-0.3255425218707707,1.1544792255359888,-0.41528013740581093,2.0598706631362007,-30.131711811058594,42.79246146095801
572,0.45265231117903504,0.274412978961847,0.20639186178640373,-0.41714406851715313,1.1896683017911889,-0.4622081185444617,2.0608509234795944,-30.142776159415163,42.79815196927871
573,-0.4113122340008717,0.02115812666466482,0.05652904049837689,-0.5125089898529239,1.2229783403559364,-0.5082724906631146,2.0612127578245594,-30.153636614577337,42.80385206375071
574,0.06215948932919348,-0.30019696058490447,-0.13055587943653976,-0.6089689339346823,1.2547775298652153,-0.5534471085605593,2.0609640202191386,-30.164293891751136,42.80956173485427
575,-0.2824073241072512,-0.014173173181512665,-0.268000651617726,-0.7037919146504101,1.2854340589540323,-0.5977058270356028,2.060112553745652,-30.17474869517688,42.8152809730697
576,0.3419492210041779,0.31012013538903155,-0.3069360500467992,-0.7941011629855333,1.315316116257367,-0.641022500887042,2.0586661817104055,-30.185001709318865,42.82100976887726
577,-0.05547213929472236,0.2644397782312578,-0.22300260729484025,-0.8757131586737934,1.344791890410221,-0.6833709849136766,2.056632714829799,-30.19505360605146,42.82674811275721
578,-0.295673550960748,-0.05620638381064934,-0.04704263289928263,-0.9421927702236294,1.374229570047581,-0.7247251339143013,2.0540199494226394,-30.20490504285148,42.83249599518987
579,-0.17376887276616063,-0.3054813053440956,0.16537107319984376,-0.9895918474738191,1.4039973438044415,-0.7650588026877202,2.050835677298985,-30.214556672686935,42.83825340665546
580,0.0904222733966619,-0.16970053201716176,0.3568277154662346,-1.0147658905060941,1.4344634003157917,-0.8043458460327156,2.0470876950009322,-30.22400915325795,42.844020337634305
581,-0.21184796036081335,0.2392933870002839,0.47437172788153653,-1.0144489428097512,1.4658744716242036,-0.8425601187481071,2.0427838042353565,-30.23326314742936,42.849796778606645
582,0.3548974273152663,0.2549662890212043,0.46661477065300216,-0.9859541154274984,1.4979558953748173,-0.8796754756326791,2.0379318077297106,-30.2423193190866,42.85558272005277
583,-0.3256388391493133,-0.10236254349157148,0.31121626480778397,-0.9304577197404484,1.5301692805094962,-0.9156657714852362,2.032539519577069,-30.25117834348076,42.86137815245298
584,-0.062472225341330026,-0.3290446117459048,0.09522539196066637,-0.8491012860063906,1.5619406679423797,-0.9505048611045755,2.0266148065084875,-30.259840948500848,42.86718306628752
585,-0.07728189304594651,-0.017507781717692513,-0.08618644737145893,-0.7424085024187694,1.5926960985876024,-0.9841665992894939,2.0201655753224403,-30.268307902103352,42.87299745203667
586,0.16778980469151594,0.1219378951451796,-0.22136457484802446,-0.6090409582625808,1.6218616133592967,-1.0166248408387961,2.0131997463493287,-30.27657998577663,42.87882130018071
587,0.03627168684065819,0.24662001646517498,-0.34393687436776454,-0.44568650166880325,1.6488632531716296,-1.0478534405512716,2.005725265345364,-30.284658006434906,42.88465460119993
588,0.08588588279876938,0.24660247448311148,-0.49331711014024215,-0.25017670550359083,1.6731270589387133,-1.0778262532257248,1.9977500907582293,-30.292542783683846,42.89049734557458
589,-0.4306472525748597,0.3940519331306629,-0.6929437072827567,-0.02341947887825671,1.6940790715747047,-1.1065171336609554,1.9892822329551447,-30.300235189048635,42.89634952378495
590,0.501709785905016,0.4052841165189762,-0.8163162550670724,0.22727222274494843,1.7111453319937364,-1.133899936655758,1.980329825932739,-30.30773621768391,42.90221112631132
591,-0.526089309801773,-0.06985771309406935,-0.7631025963955823,0.4913099726130701,1.7237533165213197,-1.1599499524202939,1.9709010813943875,-30.315046942451026,42.90808214363397
592,-0.31053184535251893,-0.6338182137264882,-0.5173319395548008,0.752195627250307,1.7313389741292198,-1.184650943811001,1.9610042529205487,-30.32216847808842,42.91396256623316
593,0.09120759233687119,-0.6700954378386886,-0.09940913770838174,0.9915473637589901,1.733352550825553,-1.208000970720645,1.9506476093534573,-30.32910195459634,42.919852384589184
594,-0.3578833983015823,-0.02019357001393407,0.38821900823951344,1.1908692537568855,1.7292537524095235,-1.2300075528330852,1.9398394215451202,-30.335848503984728,42.92575158918229
595,-0.2800381014266216,0.557622536530465,0.7950872486095311,1.3316653688617845,1.7184993315592263,-1.250675256711089,1.928587960347532,-30.342409258263608,42.931660170492776
596,0.8284996409056739,0.776429741537307,0.9633991786595498,1.3954397806914405,1.7005436505706906,-1.2700062585353258,1.916901496612687,-30.34878534944296,42.93757811900093
597,-0.4066881864235838,0.3810751048017449,0.7862420822927708,1.3690208491548905,1.6750437033052235,-1.2880093699778996,1.9047883011925841,-30.35497790953273,42.943505425187006
598,-0.9325516660093227,-0.19667813844679932,0.360237997993667,1.2605340873261202,1.642442518568122,-1.304695453359343,1.8922566514733492,-30.360988077077074,42.94944207953128
599,-0.5583308500233801,-0.5891807564124578,-0.16710734710795896,1.0834292965703685,1.6033791721149064,-1.3200754218765434,1.8793148509776714,-30.366817016756652,42.955388072514054
600,-0.2090647844835524,-0.6936940730953686,-0.6475786762403357,0.8511562782528866,1.5584927397010853,-1.3341601887263872,1.8659712162191193,-30.372465906243004,42.961343394615554
601,-0.18210913134079146,-0.3941457335400021,-0.943977775654213,0.5771648337389264,1.5084222970821815,-1.3469606671057648,1.85223408953821,-30.377935949034658,42.96730803631611
602,0.4510015210238203,-0.31606284575427157,-0.993242104481035,0.27481882666800134,1.4538069200137105,-1.3584877702115596,1.8381118197322235,-30.383228355086864,42.97328198809597
603,0.5950150319774944,-0.09615829824596081,-0.8276749091547531,-0.042248759266275665,1.3952856842511832,-1.368752411240657,1.82361275559844,-30.388344334354887,42.97926524043542
604,-0.0028437231816200665,0.2372900518492114,-0.5129042189488037,-0.3579922048338294,1.33349766555013,-1.377765503389948,1.8087452459341224,-30.393285096793978,42.98525778381472
605,-0.40764376742396324,0.40555546323761504,-0.11275103515080445,-0.6554300363638937,1.269081939666059,-1.3855379598563107,1.7935176395365457,-30.39805185235942,42.991259608714174
606,0.3301256356886602,0.3593976590004616,0.3142541782793875,-0.9169375412969262,1.2026775823544833,-1.392080693836646,1.777938285202998,-30.402645811006444,42.99727070561403
607,-0.25578893206207043,-0.03562402706083876,0.7101731896850411,-1.1245176954402205,1.1349236693709364,-1.3974046185278215,1.762015531730729,-30.407068182690328,43.00329106499457
608,0.09157472882010616,-0.31187622572361584,0.9717185678017095,-1.2601139281291858,1.0664592764709258,-1.401520647126736,1.745757727917029,-30.411320177366328,43.00932067733609
609,0.07483260006359015,-0.024938250464567636,1.0061871281304395,-1.3086950149974665,0.9979234794099624,-1.4044396928302778,1.729173233684849,-30.415403016115384,43.015359533118854
610,-0.0992977548254834,0.19538487914571656,0.8156362362016482,-1.2697451697039186,0.9298343662555273,-1.4061726688353295,1.7122704868506262,-30.419317997911914,43.021407622823126
611,0.2018764295726342,0.21818264261055484,0.4504190649373231,-1.1554300726973974,0.8622259834860109,-1.4067304883387697,1.6950580811203617,-30.423066577619906,43.02746493692919
612,0.17152332264848738,-0.02596211488260924,0.0014550581247313433,-0.9803290939115378,0.7950110265443942,-1.4061240645374966,1.6775446995098042,-30.42665029941311,43.03353146591734
613,-0.34585160549563215,-0.22721768677340318,-0.4409225025335295,-0.7590215124431374,0.7281021000368081,-1.4043643185128714,1.6597391108689343,-30.430070785414994,43.039607200267824
614,0.3369574124517577,0.035613346936556226,-0.7904463459820746,-0.5060866073889735,0.6614118085693835,-1.401462211161262,1.6416502241160895,-30.433329758002408,43.045692130460935
615,0.15452949542374195,0.2444136835800697,-0.9686947233681054,-0.23631676459927153,0.5948527567482592,-1.3974287470480646,1.6232870141229485,-30.436428961836526,43.05178624697695
616,0.3338173019416716,0.27381710724598485,-0.911826639691732,0.03495175758435216,0.5283375491795432,-1.392274945268958,1.6046584702914666,-30.43937014157847,43.05788954029614
617,0.0602155106994468,-0.1578011500103435,-0.6092056794277663,0.29340381215591393,0.4617787904693868,-1.386011808719216,1.5857735658231833,-30.44215504188938,43.064002000898775
618,-0.38928613441973486,-0.4145480287516305,-0.16961687414449705,0.5250328066317015,0.3950890852239083,-1.3786502350781005,1.5666411687036441,-30.444785407430416,43.070123619265125
619,0.18410887671427784,-0.33055741083958146,0.29637491964179913,0.715832148527995,0.3281810380492361,-1.370200686900106,1.5472697117936194,-30.447262982862743,43.0762543858755
620,0.2066425646652156,-0.04459529406741811,0.685391450912798,0.8517952453610896,0.26096725355150635,-1.360673319561441,1.5276673207755933,-30.449589512847496,43.08239429121015
621,-0.4079714588042524,0.48708784151664647,0.894067359706233,0.9189160503686641,0.19335979061543634,-1.350078167416651,1.507842028121215,-30.451766769856647,43.088543325749356
622,0.5043495344415736,0.5192069615127533,0.842690347798682,0.9081718712160741,0.12529972993784755,-1.3384252465941278,1.4878019847732153,-30.453796663059414,43.094701479973395
623,-0.36322439684541896,0.2496542015185745,0.5592341113940266,0.8304489139287405,0.0568687588144826,-1.3257245732222613,1.467555484066929,-30.455681244017608,43.100868744362536
624,-0.5669771376618598,-0.2051847869860695,0.1476203983227606,0.701549221956633,-0.011754896643726621,-1.3119861634294265,1.4471109233613437,-30.45742266831672,43.10704510939706
625,0.5563709021077734,-0.531561575105443,-0.2751552961126851,0.537258505220364,-0.08037667679647283,-1.29722005015426,1.4264768776142087,-30.459023252330738,43.11323056555726
626,0.0831918683735869,-0.5965959276620767,-0.5943218386862061,0.35336247364054046,-0.14880202200345122,-1.281436383235182,1.4056622181982537,-30.46048549194885,43.11942510332339
627,-0.43602518412098934,-0.4600326002860731,-0.7266000141974457,0.16564683713777695,-0.21683637262437466,-1.26464557521193,1.3846761171900905,-30.46181192106277,43.125628713175715
628,0.32395833321258766,0.08998119548731803,-0.6838228081125445,-0.01133757164078409,-0.28428516901892575,-1.2468583230506178,1.3635280310926798,-30.46300507356426,43.13184138559455
629,-0.17458749217940647,0.4158405669115761,-0.5100181941641022,-0.16841874942801288,-0.3509538515468048,-1.228085553950971,1.3422276466426326,-30.464067483345037,43.13806311106013
630,0.09044253689948566,0.46448203726488435,-0.2507401191463655,-0.299275245669997,-0.4166478605677146,-1.2083382408571848,1.3207846963209908,-30.46500168429686,43.14429388005276
631,0.0678026517386942,0.21296423281904428,0.04155923052637381,-0.39745850727939164,-0.4811726364413477,-1.1876273567134517,1.2992089126088298,-30.465810210311464,43.15053368305271
632,-0.024381037608867433,-0.03341688247206943,0.2966768462893434,-0.4563783754639107,-0.5443336195274071,-1.1659638744639618,1.277510027987199,-30.466495595280573,43.15678251054025
633,-0.3377379254754108,-0.17596253885137503,0.44076241815970274,-0.4694535645923119,-0.6059273770245666,-1.1433587670529228,1.2556977749371607,-30.46706037309594,43.163040352995665
634,-0.06263605185016291,-0.04473920529675255,0.4295966367402325,-0.43237213597616375,-0.6656082453823421,-1.1198230074245097,1.2337818859397751,-30.467507077649294,43.16930720089922
635,0.5220996667581277,0.0056395215677762164,0.312098960793671,-0.3513785292288691,-0.7226089467426893,-1.0953675685229325,1.2117720934761016,-30.467838242832386,43.1755830447312
636,0.11730543701381259,0.0841128559074756,0.11260722819276937,-0.24139939004558406,-0.7761123102382356,-1.070003423292376,1.1896781300272026,-30.468056402536945,43.18186787497188
637,-0.6678218264781857,-0.05091139110909769,-0.10074372891388467,-0.11897345206722797,-0.825315376275529,-1.0437415446770406,1.1675097280741353,-30.468164090654696,43.18816168210152
638,-0.5879123907555285,-0.1046466342343881,-0.23237067081412213,-0.0006394489347100883,-0.8694151852611202,-1.016592905621119,1.145276620097955,-30.4681638410774,43.194464456600436
639,0.36273689047138463,-0.10016561632454017,-0.22112900558356402,0.0990284482752808,-0.9076087776015727,-0.9885684790687983,1.1229885385797282,-30.468058187696766,43.20077618894885
640,0.809481318773624,-0.10977223249521167,-0.0943700664239356,0.17353099059021948,-0.939093193703437,-0.9596792379642789,1.1006552160005154,-30.467849664404582,43.20709686962709
641,0.22595527340726043,0.06504877361306792,0.06862533434982322,0.21920017899064811,-0.963065473973264,-0.9299361552517607,1.0782863848413735,-30.467540805092547,43.21342648911539
642,-0.8175145230269797,0.11635998611340437,0.17812004147725685,0.23261091161621147,-0.9787445972478691,-0.899354490757043,1.0558917775833627,-30.467134143652395,43.21976503789406
643,-0.46966629903586676,0.07094008464346335,0.1567660401470696,0.2126656626510124,-0.9856922336237184,-0.8679746739569612,1.0334811267075423,-30.466632213975892,43.22611250644335
644,0.7556814335650903,0.07577132980475684,0.024228622032330508,0.16721393433258155,-0.9845191724789044,-0.8358716472396205,1.0110641646949725,-30.46603754995475,43.23246888524354
645,0.29897900172220965,-0.025560165317089052,-0.12275746887523642,0.10644831790992723,-0.9761252417829355,-0.8031165469777892,0.988650624026713,-30.46535268548072,43.23883416477492
646,-0.6501452745244033,-0.1618433761690533,-0.1942849284705089,0.04059150818570092,-0.9614352132639092,-0.7697611340138678,0.9662502371838235,-30.464580154445553,43.24520833551777
647,0.27650444229066135,-0.013591375742501797,-0.13635256599046447,-0.021071106576267828,-0.9413782369153462,-0.7358527909248265,0.9438727366473615,-30.46372249074096,43.251591387952345
648,0.5162833011312635,-0.034349182318744544,0.0028477535337684953,-0.07318844852650533,-0.9168834627307794,-0.7014389002876301,0.9215278548983941,-30.462782228258696,43.257983312558935
649,-0.2131733530796245,0.022899966535288207,0.14595983197291648,-0.11208198524865505,-0.8888851388459532,-0.6665668446792513,0.8992253244179711,-30.461761900890494,43.2643840998178
650,-0.310614256136462,0.10804404735354527,0.22932542207339765,-0.1342378939310164,-0.8583378880511172,-0.6312840066766502,0.8769748776871574,-30.460664042528094,43.270793740209236
651,0.290108871693936,-0.02477688267638113,0.2204098119571106,-0.13646358632717226,-0.8261477301279873,-0.5956377688568041,0.8547862471870153,-30.459491187063236,43.27721222421352
652,-0.2019473206217366,0.0037345467095425324,0.13085019469561482,-0.11807386966912492,-0.7929508766394794,-0.5596755137966731,0.8326691653985997,-30.45824586838766,43.283639542310915
653,-0.0067672149440868344,-0.05972674035070967,0.008896014127839212,-0.08362704382100837,-0.7591088203303867,-0.5234446240732323,0.8106333648029828,-30.45693062039309,43.290075684981694
654,0.08556436051446811,0.02190795733851497,-0.12589218087884413,-0.03932111671247438,-0.7249277816142914,-0.4869924822634392,0.7886885778812018,-30.45554797697129,43.29652064270615
655,0.01873582979851775,0.008419746168294792,-0.23040272413348342,0.008609128950809624,-0.6907139809047776,-0.45036647094427384,0.7668445371143342,-30.454100472013977,43.302974405964555
656,-0.10848507246344662,0.0496838188110423,-0.24739082425783046,0.054622388410649474,-0.6567736386154375,-0.4136139726926862,0.7451109749834297,-30.452590639412886,43.30943696523717
657,0.011743633395925011,-0.06782825050351289,-0.12657283104773986,0.09446787148677645,-0.6234129751598452,-0.3767823700856663,0.7234976239695581,-30.45102101305977,43.31590831100427
658,0.06518663519361849,0.07583376983076862,0.07098226505824472,0.12384606311556495,-0.5909382109516028,-0.3399190457001642,0.7020142165537717,-30.449394126846368,43.32238843374616
659,0.01764975520403729,-0.05138661647909398,0.19626381119581304,0.13836174283477548,-0.5596526051381995,-0.3030713821131548,0.6806704852171329,-30.447712514664406,43.32887732394309
660,-0.09199364147195878,-0.01354536285608181,0.21890651205351538,0.13376331860048496,-0.5297164885347821,-0.2662867619016059,0.6594761624407038,-30.44597871040563,43.33537497207536
661,0.0908099656977017,0.01295861925358322,0.16232522320142495,0.10812885944802776,-0.5007372013252297,-0.22961256764248475,0.6384409807055345,-30.444195247961776,43.34188136862322
662,-0.03125565170858402,0.0539770785239468,0.05218836521308108,0.06666808980263647,-0.47208821525338973,-0.19309618191275651,0.6175746724926945,-30.442364661224584,43.348396504066955
663,0.0004718475556328217,-0.054801607979788204,-0.06392033709667079,0.016835031802533738,-0.4431178020766116,-0.1567849872893912,0.5968869581878558,-30.4404894719904,43.354920368886845
664,0.011918737652666747,0.014687479499092089,-0.1581909027682913,-0.03378103894011688,-0.41317621877826116,-0.1207263663493563,0.5763874462210742,-30.438572090099967,43.36145295356316
665,0.006821575789103492,-0.06726456817755512,-0.18277382933835712,-0.07766307913284518,-0.38161746567529653,-0.0849677016696244,0.5560854509784114,-30.436614631350036,43.367994248576196
666,0.1502349815744573,-0.01361529562256096,-0.10651088906863089,-0.10865920957789521,-0.3478085311930307,-0.049556375827152964,0.535990096866566,-30.43461902155795,43.374544244406195
667,-0.2842569701704797,0.13642367170322023,0.02385374542913875,-0.12498727806369228,-0.311119650783851,-0.014539771398917045,0.5161104174566186,-30.4325870957055,43.38110293153346
668,0.3147623747093157,-0.03112887747476451,0.1395871576126432,-0.12588184808281086,-0.2709785937859832,0.02003472903811582,0.49645543052381064,-30.430520672978588,43.38767030043826
669,-0.316626589456293,-0.17032176271239108,0.18736029904608695,-0.11017427566922824,-0.22721633699626756,0.05411974290698315,0.47703415384340114,-30.428421572563163,43.394246341600876
670,0.2792856803813165,-0.1805536351982178,0.1386425489160106,-0.07702384001856384,-0.1804136787583193,0.08766788763071237,0.4578555947650307,-30.426291603219536,43.40083104550156
671,0.05744684680297092,0.051032027301178784,0.010472784163472096,-0.030479539119868903,-0.13132448933102292,0.1206317806323385,0.4389286879142833,-30.424132500983966,43.40742440262061
672,-0.17909871823009485,0.2959049591600694,-0.1325255928183014,0.021115182064354917,-0.08070263897324029,0.15296403933488895,0.42026220249238033,-30.421945836468367,43.414026403438314
673,-0.16121341825682542,0.327334957966768,-0.2222275168718181,0.06802192809348277,-0.029301997943840828,0.18461728116140125,0.4018647427521336,-30.41973301533622,43.42063703843492
674,0.025621777346546967,0.1180146041748287,-0.22660510843752624,0.10179527209688728,0.022123563498303526,0.21554412353490535,0.38374484092306194,-30.41749537122772,43.42725629809071
675,0.3064429955613273,-0.27502774142928244,-0.1526759983525386,0.11818242091015013,0.07282017509431582,0.24569718387843625,0.3659110189569259,-30.415234227505316,43.43388417288598
676,0.31541534388908776,-0.4866157651147216,-0.019871041385361096,0.11807353123820472,0.12202730718272926,0.2750290796150214,0.348371798805476,-30.41295090753143,43.44052065330099
677,-0.613109662787673,-0.3637646715502216,0.1432808714728632,0.10351598489963497,0.16893035222970318,0.3034924281676958,0.33113570242046514,-30.410646734668486,43.447165729816014
678,-0.04785374629133214,0.20701641498990578,0.28081800554145403,0.07667464845735888,0.2125972179570603,0.3310398469594969,0.31421125175364883,-30.408323032278936,43.45381939291134
679,0.6622490599995854,0.47621311417262,0.32989645518124006,0.03984496119275557,0.25206497794153754,0.3576239534134421,0.2976069687567826,-30.4059811237252,43.46048163306724
680,-0.6014177449254388,0.26263704371038804,0.2481017939069196,-0.003753036059618,0.28637309463928423,0.3831973649525866,0.2813313753816119,-30.40362233236972,43.46715244076399
681,-0.12508166725549097,-0.11271505185162549,0.07623359044906655,-0.048701218508798966,0.31457482968006306,0.40771269899994267,0.26539299357990476,-30.401247981574905,43.47383180648184
682,0.27382197087370297,-0.3789950816081051,-0.1240801530144199,-0.08913282835944522,0.3358028478284145,0.4311225729785453,0.24980034530341413,-30.398859394703216,43.48051972070111
683,-0.0762848430158376,-0.2693693336837869,-0.29305436493334264,-0.11930995642851003,0.3493186624611822,0.4533796043114371,0.23456195250388046,-30.396457895117074,43.48721617390204
684,0.06786277859232306,-0.19717234541159098,-0.38557862454372743,-0.13357648902250915,0.35446611903525266,0.4744358738311471,0.2196863371330718,-30.3940448061789,43.49392115656494
685,-0.06868717849914815,-0.0724437406837398,-0.3905816526420179,-0.127611146837005,0.3508947687367062,0.49423372086356715,0.2051820211427336,-30.391621451251154,43.50063465917006
686,0.07434990601008847,-0.03437914192434754,-0.31826156991077376,-0.1026568530711214,0.3390329786635031,0.5126896352465901,0.1910575264846314,-30.38918915369625,43.50735667219768
687,-0.04886256257146449,0.04287113696657132,-0.18407869874392774,-0.06413336844844308,0.3198060655623942,0.5297381028729036,0.1773213751105081,-30.38674923687662,43.51408718612808
688,0.03271516287626276,-0.05910334285956766,0.004546177015173896,-0.018255029448964004,0.29425181694309976,0.5453399592150374,0.16398208897212174,-30.384303024154704,43.520826191441536
689,-0.24681959764663017,-0.09568273226074678,0.19410441265257358,0.028752460486830198,0.26341406680117263,0.559461360220175,0.15104819002123535,-30.38185183889294,43.527573678618324
690,0.2861694418360408,0.14167985452791404,0.32762136085533855,0.07067317192892819,0.22832687512169653,0.5720684618355125,0.1385282002095818,-30.379397004453743,43.534329638138736
691,0.22654510297925123,0.2788112192525087,0.3695137289017552,0.10140482727907685,0.19001284380678465,0.5831274200082285,0.12643064148893918,-30.376939844199548,43.541094060483005
692,0.29623402864961457,0.1735609181851918,0.3034802618874037,0.11648460768888955,0.1494865024536982,0.592604390685514,0.11476403581105045,-30.374481681492817,43.547866936131456
693,-0.5332401546633118,-0.04922545692939225,0.17163404626445508,0.11646853281261951,0.1077361817050143,0.6004655298145599,0.10353690512767108,-30.372023839695963,43.554648255564345
694,-0.41270965232631673,-0.177490924969287,0.0300099995143296,0.10320253274450807,0.06568291321312024,0.606676993342555,0.09275777139054904,-30.369567642171393,43.561438009261934
695,0.5886230763485064,-0.21306474968141376,-0.0731004620673715,0.07858486801519377,0.02419539819400861,0.6112049372166878,0.08243515655145237,-30.36711441228158,43.568236187704514
696,-0.5574323847922382,-0.15291972840424378,-0.1153753982664403,0.044624430515520494,-0.01586732698229895,0.6140155173841417,0.07257758256212651,-30.364665473388932,43.57504278137237
697,0.4855922492476819,0.18091782665437706,-0.11481593441690101,0.004047991404341227,-0.05364622594579089,0.6150750349581252,0.06319339347126395,-30.362222116118865,43.581857780745764
698,-0.2915630103916161,0.10002405197652513,-0.09878191789163832,-0.03893313095447007,-0.08828226232644558,0.6143510488938159,0.0542894791142607,-30.359785434725403,43.58868117630497
699,-0.18036362518529114,-0.09899692758626846,-0.08822978343825945,-0.0793335465764847,-0.11891639975424641,0.6118146697213396,0.04586887706550882,-30.35735622277657,43.59551295853027
700,-0.008880752860407919,-0.08854447302818218,-0.09818291527814192,-0.11249173390587293,-0.14468960185918686,0.6074412166675065,0.03793032575351822,-30.35493518339117,43.60235311790194
701,-0.014880761988649844,-0.0552424707420039,-0.11807608171060217,-0.13541505106565474,-0.16474283227123274,0.6012102327488376,0.030468333560576766,-30.35252301343153,43.60920164490026
702,0.10192994797821957,0.08007310101507638,-0.1384868412230503,-0.14780383419054827,-0.17822916367610134,0.5931046417252679,0.02347402812554067,-30.350120409759906,43.6160585300055
703,0.04271956415195156,0.0939154841122451,-0.12759159070722872,-0.14981352259593075,-0.18447088150713764,0.5831088274751965,0.016936408415631855,-30.347728053042665,43.62292376369794
704,0.03898932073822785,-0.02299158195896606,-0.06764055579338225,-0.14144363255030723,-0.18341534414729116,0.5712069951279637,0.010844021288270727,-30.34534655916236,43.62979733645784
705,-0.02119007465205642,-0.12479630540402853,0.01901372567302195,-0.12362282935260391,-0.17568954875017911,0.557396924120989,0.005185397404976278,-30.342976527805632,43.63667923876552
706,-0.17184623700288415,-0.06486158828622662,0.10178899713589754,-0.0974757174313113,-0.16221670999376434,0.5417112857089488,-5.093257277021648e-05,-30.340618558659088,43.643569461101194
707,0.14397320718224793,0.09409529437621397,0.13849435595523563,-0.06411049284003856,-0.14399708283087567,0.5242264136048504,-0.004876437983469877,-30.33827325140935,43.650467993945185
708,0.15731217379102083,0.11060221542078645,0.0923539119941679,-0.025387054382424838,-0.12205182707346192,0.5050395463808235,-0.00930258816562634,-30.33594120574305,43.657374827777765
709,-0.15581909286300827,0.020853965520939884,-0.022953254938528293,0.013746482930415567,-0.09740516988197082,0.48425098995750154,-0.01334085245774324,-30.333623021346792,43.664289953079184
710,-0.022190621069441762,-0.11776053473215313,-0.12108459876942665,0.047264680508145925,-0.07108133841686516,0.46196105025553846,-0.017002700198329244,-30.331319297907207,43.67121336032974
711,-0.3719954360463837,-0.04881390536066275,-0.12207628708141476,0.06990535095859896,-0.04410455983859774,0.4382700331955526,-0.020299600725882962,-30.329030635110914,43.67814504000971
712,-0.27284026731354516,0.09922348854420258,-0.037497225196948994,0.08025049399981951,-0.017499061307626327,0.41327824469819274,-0.02324309262299817,-30.326757563400445,43.685084982599356
713,0.4676696139690514,0.1236988927795725,0.08255770995459907,0.0795491830767897,0.007750758647540989,0.38708599068409505,-0.025845001425997865,-30.324500326264616,43.69203317857897
714,-0.4731005557994439,-0.18604682757560295,0.17056395311450984,0.0693340425154796,0.030845103190035084,0.35979098598963055,-0.028117261824835118,-30.322259058038572,43.6989896184288
715,0.44477318521737425,-0.14124362182153224,0.13650484242150596,0.05149319433923279,0.05114720736138206,0.3314766014198524,-0.030071818486851757,-30.320033883080114,43.70595429262915
716,-0.3993614887192788,0.1285089654423668,0.007211138835493572,0.029898685483524562,0.06815853923274613,0.3022025098912693,-0.03172065430443412,-30.317824887521986,43.7129271916603
717,0.36565042429901107,0.23455875345445948,-0.13407214521452057,0.009153350372882627,0.08150652509469254,0.2720026956578565,-0.03307594517559858,-30.315631964491278,43.719908306002495
718,-0.3586481990724502,-0.019903904236335212,-0.2264121242323379,-0.006093945218063317,0.09086283368861954,0.24090258704800419,-0.03415016253572768,-30.313454711577755,43.72689762613605
719,-0.06506629874522676,-0.23299588114387199,-0.23271298813812086,-0.0117207319829703,0.09591998338217428,0.20892927827815594,-0.034956270607253315,-30.311292233584098,43.733895142541215
720,0.45555104745305763,-0.2607145381059671,-0.1269288894807274,-0.006817965369873511,0.09653850273171473,0.17612186599914323,-0.0355076130086775,-30.309143255916922,43.74090084569825
721,-0.513579138609615,0.1558280069310222,0.06261411081919009,0.004460183862199885,0.0930245695800135,0.14256157867107874,-0.035817697501378774,-30.30700633983999,43.74791472608748
722,0.5523998510305909,0.29536963712371944,0.2171181529574799,0.016645936469343262,0.08594032825307707,0.10836939844042166,-0.03590009751653589,-30.30487998094724,43.75493677418915
723,-0.5582736190576594,0.059555681010279436,0.23112096249781608,0.02454734138689954,0.07593794940259031,0.07367576559449122,-0.0357684110082458,-30.302762650309706,43.761966980483535
724,0.38165096609280114,-0.11569398364626658,0.133434426045168,0.025333094212226365,0.06374766412898598,0.03861155264518272,-0.03543629038088449,-30.300652764548126,43.76900533545091
725,0.4480800761069493,-0.24729375883487023,-0.017078112356057478,0.020282340265178635,0.0501161214649388,0.0033076321043763544,-0.03491741534105966,-30.298548712981027,43.77605182957157
726,0.16591667184319336,-0.13986242363817022,-0.1537833115534484,0.011748715511227865,0.03565336854973402,-0.032105123516014966,-0.03422552035391599,-30.296448830168387,43.78310645332578
727,0.13948516743093123,-0.06947706834666902,-0.17805976781941227,0.0021550715420260527,0.02094903225820764,-0.06749584170410601,-0.03337435357423183,-30.29435143698056,43.79016919719381
728,-0.039838486880390565,-0.20828004635421135,-0.04252472481808144,-0.005833680139089734,0.006603053928503642,-0.10273364994801655,-0.0323776631567855,-30.292254854287865,43.79724005165594
729,-0.24375402174611951,-0.1836077991151888,0.11819677567738139,-0.009274391229538792,-0.006785294826114574,-0.13768767573582869,-0.031249197256370424,-30.29015740296067,43.80431900719245
730,-0.39446369076390775,0.10469505121208576,0.192429759438619,-0.005158656559600184,-0.018621363158068623,-0.17222704655566973,-0.030002704027759907,-30.28805740386931,43.811406054283616
731,0.44020087249715195,0.3216370052504454,0.13107749866911178,0.007777236323653361,-0.02836779674455877,-0.20622088989563936,-0.028651931625737308,-30.285953177884128,43.8185011834097
732,-0.4459501761515295,0.039103418568070085,-0.056215774188584464,0.023720083880947547,-0.03566992983550572,-0.23953833324384982,-0.02721062820508096,-30.28384304587547,43.82560438505101
733,0.18644433275852426,-0.3149562007928827,-0.2196052308883961,0.03523746472128932,-0.04036885551161923,-0.2720492893404458,-0.025692541920579254,-30.281725328713677,43.832715649687785
734,-0.0267235240047271,-0.06955004714909457,-0.2197800037186917,0.0359766104665224,-0.042419655311059803,-0.30362857988717135,-0.024111420927010522,-30.27959834726908,43.839834967800314
735,-0.40231448288742844,0.234180548203424,-0.09719688744907004,0.024482048294481477,-0.042012368452091275,-0.3341597517870023,-0.022481013379153095,-30.277460422412048,43.84696232986889
736,0.5467924738574836,0.22705955829759322,0.06753714783727446,0.003799690867564607,-0.039629948009302585,-0.3635317067796813,-0.02081506743179285,-30.275309875012915,43.85409772637377
737,-0.5843721174572919,-0.13376282548574206,0.2187688048441629,-0.02205637181066694,-0.03591212346686745,-0.3916341572371077,-0.019127331239715665,-30.273145025942018,43.86124114779525
738,-0.14493521720096592,-0.23350643753413158,0.2873070993144132,-0.04903164852776027,-0.03147583852612545,-0.4183547931116147,-0.01743155295769484,-30.27096419606969,43.86839258461357
739,0.574412820703641,0.047849479851503035,0.2301341495000113,-0.07294052239400642,-0.026920274786620218,-0.4435804931767544,-0.015741480740516255,-30.2687657062663,43.87555202730904
740,-0.4771573327685915,0.14878370242269615,0.10628262688418623,-0.08999780961323589,-0.02281380272003991,-0.4671981104218039,-0.01407086274296075,-30.26654787740218,43.88271946636193
741,-0.4289542306757055,0.1645678699956987,-0.04345629502129541,-0.09655469873049968,-0.01965961818941113,-0.4890954421638112,-0.012433447119811694,-30.26430903034767,43.88989489225251
742,0.002779053167953651,0.07843762107532022,-0.18933066979367488,-0.08907223551931315,-0.017835343930030643,-0.5091662524623402,-0.010842982025849929,-30.262047485973113,43.89707829546105
743,0.3465780208092778,-0.07057062963158074,-0.30216790307347197,-0.06424081845121084,-0.017475012884877593,-0.5273185424712533,-0.009313215615858817,-30.259761565148857,43.90426966646783
744,0.08291195744810251,-0.11032478536603925,-0.3371870050818083,-0.01971464173354569,-0.01836251400677965,-0.5434845222232088,-0.007857896044614178,-30.257449588745242,43.91146899575313
745,0.030985275159035063,-0.20089055569707862,-0.25126144074737794,0.04192141939184204,-0.02020873204028005,-0.5576215907638552,-0.006490757971865136,-30.255109891127656,43.91867627379723
746,-0.22841900763699172,-0.188300827300893,-0.06691255024839111,0.10812565120239427,-0.02271622711663112,-0.5697022018028388,-0.005225467535421079,-30.252740860641627,43.9258914910804
747,-0.4296919788094877,-0.003304876063486631,0.14556024507849233,0.16402491663424498,-0.025582479518864054,-0.5797040492705858,-0.0040755170054706255,-30.25034089912777,43.93311463808293
748,-0.13113277869764292,0.24728428178740944,0.2858293167080101,0.19474426799025768,-0.02850250024703809,-0.5876059383281256,-0.0030539460713057266,-30.247908408426632,43.94034570528507
749,0.48949576253796995,0.2737150587266759,0.2629734500707023,0.18841325972484993,-0.031174161513587515,-0.5933936656729982,-0.002172596661907723,-30.245441790378827,43.94758468316712
750,-0.45500269527340453,0.02039158774104032,0.07837196341055463,0.14619916809140138,-0.033332625540200465,-0.5970805405272731,-0.0014389732865576247,-30.242939446824895,43.954831562209336
751,0.3589166752378646,-0.19637604921576624,-0.12621426083051313,0.0762512288006485,-0.03471443707683356,-0.5986920844062168,-0.000857625795730174,-30.240399779605458,43.96208633289201
752,0.06526184873997697,-0.1378742279184317,-0.2028848978136575,-0.012288768743520997,-0.035040172720039876,-0.5982705609080017,-0.0004310157706448675,-30.237821190561082,43.969348985695405
753,-0.13881284611825295,0.058533249983892095,-0.11203548721264922,-0.10905209873076488,-0.034024553410125224,-0.5958648364503758,-0.0001608576291827058,-30.235202081532346,43.976619511099805
754,0.08431005022370087,-0.09505482058965109,0.08071539005596425,-0.19837272158796568,-0.03138271914544556,-0.5915234446492058,-4.8779533045765434e-05,-30.23254085435984,43.983897899585486
755,-0.23772176888426721,0.04139568523460314,0.15917040071778252,-0.2619714091280347,-0.026822885038624525,-0.5853018440061084,-9.640964393360826e-05,-30.229835910884145,43.99118414163272
756,0.29380427294136835,0.12337714900429518,0.08579538845757187,-0.28672393081636494,-0.02008545693597884,-0.5772546213032854,-0.0003053633556258405,-30.22708566571379,43.99847822772181
757,-0.3678242928295986,0.03256173867475845,-0.06797531042589156,-0.2790328970133181,-0.011115210099936823,-0.5674283871198402,-0.0006771923184691472,-30.224288597200694,44.00578014833299
758,0.2908256889935002,-0.048140540212036675,-0.19720301749944144,-0.24986171063551185,-0.00018586692068583248,-0.555867815792766,-0.001213352231174902,-30.22144327964844,44.01308989394656
759,0.4545279949717151,-0.19464233980287768,-0.19966748458665926,-0.2098572978764719,0.012312840063615268,-0.5426175816590456,-0.0019151363851429078,-30.218548449767923,44.020407455042786
760,-0.06515557091924813,-0.0072488475969661546,-0.03762449444354562,-0.16757482281148828,0.025979955066745768,-0.5277223590556599,-0.002783706991654373,-30.215602975350137,44.02773282210195
761,-0.5114165484259383,0.20107926737770093,0.18876383857060341,-0.1262542926615182,0.04041452230250507,-0.5112268223195943,-0.003820128140463963,-30.212605822307626,44.03506598560433
762,0.4717688921687011,0.28681737278796626,0.34940532136827074,-0.08785704207774513,0.055215585984687565,-0.49317564578782924,-0.005025431220865718,-30.20955598925339,44.0424069360302
763,-0.4132227054720929,-0.19618908492773826,0.3395516034265336,-0.05341104099371394,0.06998219032709013,-0.4736135037973606,-0.006400588671432699,-30.206452533751126,44.04975566385984
764,0.20040472664420433,-0.3755235866382544,0.15776043928452319,-0.020240961427027162,0.08431337954350213,-0.4525850706851689,-0.00794652095864587,-30.20329456533664,44.05711215957351
765,-0.23104219785655705,0.23831496827496465,-0.144818264538928,0.015141245504278473,0.09780819784772044,-0.430135020788227,-0.009664071709152702,-30.200081270385603,44.064476413651505
766,0.3298704224045377,0.45525194513003153,-0.4185559930230884,0.056193467727654295,0.11006568945353692,-0.4063080284435383,-0.011553968173053297,-30.19681195165018,44.0718484165741
767,-0.22395480689140695,0.3495353147250085,-0.5436155409293644,0.10637359317053907,0.12068489857474346,-0.3811487679880706,-0.013616794538991882,-30.193486054943996,44.079228158821536
768,0.054626636429833224,-0.16001373895382343,-0.5073224022649507,0.16748707932482548,0.12926486942513946,-0.35470191375881965,-0.01585302864499642,-30.19010313243136,44.08661563087416
769,-0.18479969841991964,-0.5683718982684397,-0.31890916042655537,0.23460331238257875,0.13540464621851173,-0.327012140092766,-0.018263078646644993,-30.18666280595895,44.09401082321219
770,-0.31453298444145267,-0.4395560755141544,-0.004525617998976317,0.30063384986990377,0.1387032746140468,-0.29812412277228745,-0.0208473164367297,-30.18316473363626,44.101413726315904
771,0.15177505677545214,-0.028503046828846128,0.3420771844221564,0.3583638997552898,0.1387590701639767,-0.26808180747279947,-0.02360610774992377,-30.179608579730914,44.10882433066561
772,-0.20285194088708922,0.5000181468825701,0.6103051155363329,0.4005786700072515,0.13516956990885387,-0.23692836135805348,-0.026539818320900434,-30.17599400851053,44.11624262674156
773,0.5465250260905904,0.5993230950776453,0.6895640440430463,0.4200451316850694,0.12756017628084082,-0.2047165800741843,-0.029648813884348018,-30.172320684242695,44.12366860502404
774,-0.3873403444624316,0.08182818526615346,0.5103293708718095,0.4113593216813782,0.1157512048137751,-0.1715082627940287,-0.032933455988702884,-30.168588275381268,44.13110225599332
775,-0.6658568292037674,-0.5782257511088988,0.16735462587230582,0.3766974208736308,0.10004443867237921,-0.13736691867281775,-0.036394089437506764,-30.164796467125004,44.13854357012968
776,-0.04807402251756651,-0.45484193434140163,-0.2107367670506679,0.3200986883450489,0.08089560502366845,-0.10235810366553942,-0.040031050534150035,-30.160944953172788,44.14599253791339
777,0.6398477087356248,0.0043543772332584356,-0.5245885734744484,0.24559173692227387,0.05878039408881622,-0.0665566905247243,-0.043844658326510896,-30.15703344447903,44.15344914982474
778,-0.5939427814417497,0.35762796110702144,-0.6850438156666496,0.15720493611445435,0.03418248668777223,-0.030045299284224274,-0.047835227548558096,-30.153061656312058,44.16091339634399
779,-0.04652541609581825,0.3678692544761813,-0.6226660681210558,0.05929032500111615,0.007593790768526535,0.0070852228940659805,-0.0520030729342478,-30.149029303940203,44.168385267951436
780,0.32400943156912737,-0.13000984130173496,-0.35049652140807064,-0.04233345526465952,-0.020479692134575303,0.04472993526190881,-0.056348509217558795,-30.144936102631775,44.175864755127336
781,0.5000338051250678,-0.28850946839805003,0.014361895915170265,-0.1408363987904881,-0.049515852208727916,0.08276778879259673,-0.06087185113245983,-30.140781767655085,44.183351848351975
782,-0.16383067174534946,-0.20069031407643229,0.34294529648099026,-0.22921657589175978,-0.07898766737909448,0.12107282219740334,-0.06557341341291713,-30.136566014278454,44.19084653810562
783,-0.5768296422700274,0.03259099972113762,0.5479529945105678,-0.30047205688385975,-0.10836428334640238,0.15951524196313632,-0.0704535107928969,-30.13228855777021,44.19834881486855
784,0.5499940137215807,0.18240842476330615,0.5627456176771478,-0.3483955626433113,-0.13712167922930887,0.1979720879945784,-0.07551245800638298,-30.127949113398657,44.20585866912105
785,-0.4758838656854014,-0.030065269871700096,0.3760202942737305,-0.3707390802845965,-0.16473533179024238,0.23632512823428087,-0.08075056978733154,-30.123547396432123,44.213376091343385
786,0.29914682610347376,-0.11575029322927644,0.08632924716618859,-0.3691776312425293,-0.19066740413219463,0.27446946632714997,-0.08616816086971633,-30.11908312213893,44.220901072015835
787,-0.019618536467100534,0.13427733128588476,-0.1885293206712192,-0.34616458602901606,-0.2143915503435003,0.31231461238116853,-0.09176554598750863,-30.114556005787403,44.2284336016187
788,0.09828025410112241,0.08703120571997038,-0.3640116647686427,-0.30404521619110225,-0.2354955312312828,0.349776084258237,-0.09754303987467465,-30.10996576264584,44.23597367063221
789,0.11053183897257024,-0.004182851697472665,-0.43867719529245164,-0.24550180873868413,-0.25364840567741853,0.3867702181445336,-0.10350095726517808,-30.10531210798256,44.243521269536664
790,-0.1318789414926953,-0.02328721590816327,-0.3954374770322941,-0.17490192905204052,-0.2685498055944908,0.4232133502262469,-0.10963961289300027,-30.100594757065906,44.25107638881234
791,0.1862108904467549,-0.22644827770531994,-0.20853721890331536,-0.09719697230957851,-0.2799165105013163,0.4590218166895376,-0.11595932149210991,-30.09581342516418,44.25863901893953
792,-0.11639300721650846,-0.07452817534917347,0.05887780794294338,-0.01738080824348156,-0.28746893020293546,0.4941121880128415,-0.12246039779646573,-30.0909678275457,44.26620915039848
793,-0.39889740630967474,0.23225643888098588,0.29102877619378903,0.059552693414046724,-0.29092879581259695,0.5284023559828046,-0.12914315654004901,-30.086057679478795,44.27378677366949
794,0.38790232704261063,0.3018995271310065,0.36551483840881577,0.12860966293081533,-0.2900150179445321,0.5618073918870558,-0.13600791245682095,-30.081082696231768,44.281371879232815
795,-0.33189587688722455,-0.10624344979155781,0.21296877859248484,0.1855078040710167,-0.28442852910052435,0.5942243889007635,-0.1430549802807528,-30.07604259307295,44.28896445756874
796,0.20839958532506211,-0.3236635676471701,-0.04057004982009792,0.22881111458437198,-0.27386568299874453,0.6255458614154936,-0.15028467474581333,-30.07093708527065,44.296564499157554
797,-0.14394477778696418,-0.013235599887112108,-0.23896507430870273,0.2577951657169933,-0.25802283649851165,0.6556643269639628,-0.15769731058597627,-30.0657658880932,44.3041719944795
798,0.10544782594529263,0.1190412183796453,-0.3004455752936082,0.27213915490619717,-0.23661994168719902,0.6844723030788874,-0.16529320253521287,-30.060528716808903,44.311786934014904
799,0.22559012577078735,-0.04681453306949075,-0.19507834032097496,0.27286683233309295,-0.20953774823682952,0.7118623072929914,-0.17307266532748436,-30.055225286686092,44.319409308244
800,-0.16494562367126447,-0.13610033922302983,-0.016208173750567535,0.26035370839519184,-0.17697420984655401,0.7377268571389839,-0.18103601369676448,-30.049855312993078,44.32703910764708
801,-0.2502502133531628,-0.08410702372548955,0.13581287301889017,0.2348495706748594,-0.139337926093902,0.7619584701495864,-0.18918356237702197,-30.04441851099817,44.33467632270441
802,-0.03217788563019922,0.07752128433905094,0.21474950541120053,0.1967695596185279,-0.09720284942044462,0.7844496638575152,-0.1975156261022281,-30.038914595969704,44.34232094389628
803,0.37807326851812234,0.1553360350337796,0.2050072925561427,0.14713312559927572,-0.051239836423427707,0.8050929557954846,-0.20603251960634905,-30.03334328317601,44.34997296170298
804,-0.37169477575326765,-0.04837897173890471,0.1143261151604952,0.08907709842211531,-0.0023038506826798377,0.8237808634962158,-0.21473455762335614,-30.027704287885353,44.35763236660473
805,0.041177975030636554,-0.15077612681134306,0.004804385148645202,0.026157964713364564,0.0485501285977208,0.8404059044924381,-0.2236220348031762,-30.021997345450156,44.36529914908187
806,0.027243536465337375,-0.03711743253065423,-0.06153609738236706,-0.03772209061951527,0.10021562515419831,0.8548605963168453,-0.2326951501733785,-30.01622228684511,44.37297329961465
807,-0.10335658211501134,0.10100678381821374,-0.076637427528664,-0.09799917335695883,0.1516271798033858,0.8670374565021689,-0.24195401656850074,-30.010379029237967,44.38065480868334
808,0.10799489295978965,0.07387576001528287,-0.055255080909450284,-0.14764320805129558,0.20172120325588577,0.8768280125362171,-0.25139772163470187,-30.004467524939944,44.388343666768215
809,-0.03812454285497624,-0.1175085016536932,-0.025425679854640535,-0.17911556592139252,0.24952371330875023,0.8841197196484513,-0.2610212757954811,-29.998487731226568,44.39603986434955
810,-0.013374683051092653,-0.09594768079917036,-0.027814041547334314,-0.18624098695653815,0.29409326222589754,0.8887985947085634,-0.2708182511145689,-29.992439605373406,44.40374339190765
811,0.031372604336184516,0.022554828658567436,-0.06634652770126037,-0.167176504244005,0.33449602875316187,0.890749708019889,-0.280781273089329,-29.986323104655963,44.411454239922755
812,-0.05992429025029753,0.14217326392814458,-0.11229510056143886,-0.12775568219416097,0.36981243388375623,0.8898543707137494,-0.29089920804512315,-29.980138186349794,44.41917239887517
813,-0.05258931330862762,0.036673601668041386,-0.12569313712569183,-0.07536349202399162,0.39912631766138446,0.8859913628743814,-0.3011583912602061,-29.973884807730432,44.426897859245145
814,0.20567950278565839,-0.11707109915206035,-0.097658608330039,-0.017033307446037767,0.4215215201297653,0.8790389893427937,-0.31154468276964264,-29.9675629260734,44.434630611512965
815,0.17433450128188763,-0.1380542707385372,-0.030305130867103465,0.03991325913496463,0.43608188133259496,0.8688755139744014,-0.3220439016228683,-29.961172498654253,44.44237064615891
816,-0.30390808287406973,-0.12124921630555345,0.06700410380580968,0.08812014939019748,0.44187145065673544,0.8553989839534002,-0.33264185954126235,-29.954713482748513,44.45011795366325
817,-0.4282225027073852,0.02438880380447476,0.1607612551585481,0.12024632231866576,0.4378528408445235,0.8386109599528425,-0.34332436824622176,-29.948185835631744,44.4578725245063
818,0.4466144861812207,0.16407663113479704,0.19834814764911315,0.12930517980396805,0.4230566590307849,0.8186313010704211,-0.35407723945912833,-29.941589514579437,44.46563434916827
819,-0.2527808877604049,0.14737843339551765,0.1365391488255158,0.11222682456197286,0.3974351900632813,0.7956086345531892,-0.3648862849013739,-29.93492447686717,44.47340341812947
820,-0.34110845450537636,-0.06285700491279964,-0.001217483386440004,0.07617521608759127,0.36206330894146405,0.7696926919701886,-0.3757373162943504,-29.928190679770452,44.48117972187018
821,0.16456445784118867,-0.15909548601063922,-0.14649561009564538,0.030782090505008994,0.3182523179232528,0.7410332048904389,-0.38661614810873346,-29.921388077815557,44.48896325087068
822,-0.019362825303699503,-0.12430228897451052,-0.23383626907710844,-0.014320816061580671,0.2673135192665699,0.7097799048829971,-0.397508605812442,-29.914516614531458,44.496753995611236
823,0.14159697063086535,0.09567065771291403,-0.2426307294111406,-0.049852835930405334,0.21055821522932752,0.6760825235168928,-0.4084005200972874,-29.907576228223288,44.504551946572114
824,0.06367955300114943,0.08526461522054002,-0.181528079706935,-0.06931710432773729,0.14929770806944295,0.640090792361158,-0.41927773155357323,-29.900566847297654,44.512357094233614
825,-0.10983440373049846,0.01873526858143689,-0.09005880931118006,-0.07217485541283404,0.08482340874503909,0.6019544429848422,-0.43012608324619184,-29.893488397686603,44.52016942907599
826,-0.11236254081491878,0.030286624007219216,-0.009040091141724025,-0.0597422225052073,0.018318305480323746,0.5618232069569701,-0.4409314182400554,-29.886340805322124,44.527988941579515
827,0.17624331760743486,0.021016711682233773,0.04124051617078649,-0.034225439443372606,-0.04913396835182578,0.5198468158465859,-0.4516795796000763,-29.879123996136258,44.53581562222449
828,-0.029148482203211114,-0.07332988127767874,0.05335359596285309,-0.0002102770451248412,-0.11629511169857595,0.47617500122273193,-0.4623564103911619,-29.87183789606103,44.54364946149119
829,-0.061680395963467284,-0.012688453951169186,0.03810032661839897,0.03299581013198038,-0.18174504664341842,0.4309574946544401,-0.4729477706351347,-29.864482414071492,44.55149044985986
830,0.1024387913798026,0.03802604045896058,0.057060847996378464,0.053375955964021525,-0.2440872618241098,0.384344027710745,-0.4834396049570218,-29.857057374539593,44.55933857781081
831,-0.07580793261608629,-0.045388499464816746,0.1603547833675975,0.05261546336674964,-0.30207152261937936,0.33648433196068106,-0.493817942041166,-29.84956251777788,44.5671938358243
832,0.10457218575330188,-0.23646241788190667,0.30539899915434154,0.03484283358185213,-0.3548695592906262,0.2875281389732903,-0.5040688273474706,-29.84199756732339,44.5750562143806
833,-0.16099467214227303,-0.31119267321941746,0.3929447076569206,0.009239277140092022,-0.4020069706639607,0.2376251803176149,-0.5141783063358616,-29.834362246713134,44.582925703960015
834,0.2501288193740706,-0.05185192342208077,0.33314821402684597,-0.015287504130973873,-0.44307638450299425,0.18692518756268428,-0.5241324265702553,-29.82665627738009,44.59080229504279
835,-0.3566748527757224,0.4841606016001913,0.12291491779145945,-0.03419749205951241,-0.4776704285713156,0.13557789227754552,-0.5339172460351195,-29.818879370336735,44.59868597810921
836,0.4399307254786599,0.39269865174683144,-0.17833214097762748,-0.0446752159756661,-0.5053817306325336,0.08373302603122561,-0.543518841110342,-29.811031218200107,44.60657674363956
837,-0.17643214062205265,-0.10273250716926016,-0.440943174361354,-0.04408850418030711,-0.5257837744108482,0.031540320392766594,-0.5529233275443637,-29.803111474218667,44.61447458211409
838,-0.47456306291366074,-0.5941110044253582,-0.5172979667442263,-0.029968412648089554,-0.5383519314864275,-0.02085049306878947,-0.5621168464390824,-29.795119766287467,44.6223794840131
839,0.243332455667293,-0.28391521324717467,-0.3136012789491313,-0.0021738266436426286,-0.5425026326618693,-0.07328968278441811,-0.5710855431664121,-29.78705571803152,44.63029143981687
840,0.14887788657754955,0.35806937788513576,0.04551909016581878,0.03153224867590467,-0.5378486421500103,-0.12562588498598914,-0.5798155630982498,-29.778918953075824,44.638210440005665
841,0.38553325851874837,0.5168511880312537,0.38081330335126945,0.06155298964173072,-0.5241850903159703,-0.17769997763486725,-0.5882930516065019,-29.770709095045422,44.64613647505976
842,-0.16643516011973694,0.30891976806138316,0.5447441518595919,0.0783515019051588,-0.5013730378328262,-0.22934683770460484,-0.5965041540630728,-29.762425767565336,44.65406953545945
843,-0.18984786252505892,-0.08980952627698534,0.5213901357529696,0.07454406405956457,-0.4693773154394184,-0.28040549715561414,-0.604435015839864,-29.754068594260563,44.662009611684965
844,0.18485380607256544,-0.3347548864643271,0.34524493459705363,0.051667914012136974,-0.42853206812584194,-0.3307274132432853,-0.612071782308785,-29.745637198756157,44.669956694216644
845,-0.23211995409141695,-0.14895953171489382,0.0642975494966585,0.015302169190483656,-0.379737664042472,-0.38016153885422915,-0.6194006008279728,-29.737131202690872,44.67791077353471
846,0.18173410146562327,0.19702947232798707,-0.21861044447134764,-0.028322529548524808,-0.32419739721714363,-0.42854719621699294,-0.6264076267005065,-29.728550219758553,44.685871840119454
847,-0.06796801074499806,0.11300518402516158,-0.3740903682629933,-0.07292882607111942,-0.26316346563686804,-0.4757215188778233,-0.6330790172157235,-29.71989386166682,44.69383988445118
848,-0.09747355603257286,0.0026213648752285114,-0.42473715634519965,-0.11227748974437218,-0.19786374959407088,-0.5215216403829545,-0.6394009296629409,-29.71116174012326,44.701814897010145
849,-0.06812893289484936,-0.03674358922751046,-0.4213376220109041,-0.14059441678195886,-0.12949462491579553,-0.5657846942786406,-0.645359521331481,-29.702353466835454,44.7097968682766
850,-0.13387922266726474,-0.03888976256426214,-0.378739921596674,-0.15439255361149912,-0.059126911158319535,-0.6083478141111236,-0.650940949510666,-29.69346865351104,44.71778578873085
851,0.34933909861594065,0.0621056064799187,-0.3264053015786519,-0.15342748878410994,0.012292853187800374,-0.64904813342664,-0.6561313714898229,-29.684506911857607,44.72578164885317
852,0.18797633479860865,-0.04311130310532433,-0.289421898239466,-0.13880424983734518,0.08368426117215642,-0.6877227857714416,-0.6609169445582741,-29.67546785358275,44.73378443912384
853,-0.5016068171097299,0.026968443290648993,-0.23321811037065338,-0.11197747634753295,0.1538836316053318,-0.7242089046917676,-0.6652838260053416,-29.66635109039406,44.741794150023104
854,-0.2966181797925853,0.01002196306020327,-0.135433147866092,-0.07477973596447852,0.22171635938505171,-0.7583436237338645,-0.6692181583953646,-29.65715624872415,44.74981077203128
855,0.5827865161126832,0.011320721408944677,-0.008264260110876186,-0.029131996706174265,0.28600783940904895,-0.7899640764439795,-0.6727060080035716,-29.64788303129469,44.75783429562862
856,-0.1501441300197256,-0.07706980899861121,0.11589296603942681,0.02304477340938491,0.3455834665750538,-0.8189073963683463,-0.6757333540405073,-29.638531227892077,44.76586471129541
857,-0.5289662270525614,-0.031169861036228323,0.18953335750449665,0.07982960636419906,0.39926863578080146,-0.8450107170532144,-0.6782861522701588,-29.629100651749244,44.773902009511914
858,0.46242300739441417,0.09364929849104822,0.17527063955691274,0.13887477847566418,0.4458887419240097,-0.8681111720448255,-0.6803503764331447,-29.619591098122484,44.78194618075841
859,0.14420120377612325,0.09818751103999646,0.06818109968451344,0.1951240475093866,0.4842691799024288,-0.8880458948894261,-0.6819119800129045,-29.61000238252531,44.78999721551519
860,-0.329451451790928,-0.07559530289866757,-0.07744861307493286,0.23914817498555063,0.5132353446137765,-0.9046518941297242,-0.6829568646178055,-29.60033449734978,44.79805510426252
861,0.06921353030273077,-0.15389193008167143,-0.1819849220055387,0.260739352601132,0.5316286768553418,-0.9177654915583644,-0.6834713046253387,-29.59058774896896,44.80611983748067
862,-0.2476330078691861,0.025794790699385572,-0.18092344390069895,0.25148814620988186,0.5385123445133464,-0.9272253451866637,-0.6834423284424483,-29.58076256167354,44.81419140564993
863,0.3652983301144977,0.16227328617484416,-0.08847964712743978,0.21150299084695562,0.5337505800035228,-0.9328988282967144,-0.6828571388873288,-29.570859372078882,44.82226979925054
864,-0.36182166162792406,-0.12902578529319866,0.05182449511438127,0.14796842422902673,0.5180217315226251,-0.9347406571291895,-0.6817029387781646,-29.560878616800395,44.83035500876284
865,-0.33915074358219377,-0.20254190239167835,0.18520426992385944,0.06932229528920918,0.4923185624823912,-0.9328111853176293,-0.6799675886175898,-29.55082073245342,44.83844702466705
866,0.4193649830123975,-0.04500372926398117,0.2830461435972762,-0.01610853623009927,0.4577142141495786,-0.9272302348360733,-0.6776425222192268,-29.54068615565335,44.84654583744348
867,0.23062343477013006,0.18258074915400085,0.3407491446236464,-0.1005744698403033,0.4152926238490898,-0.918122613646896,-0.6747249834664983,-29.53047532301556,44.85465143757239
868,0.23552366335841454,0.20879407216490734,0.34126489892775913,-0.17747016178024752,0.3661377289058301,-0.9056066587687661,-0.6712186871865505,-29.520188671155395,44.862763815534045
869,-0.6015283601584542,0.303043410306197,0.22441126101888567,-0.2413880475049688,0.31133346664470435,-0.8897993251277326,-0.6671287302991065,-29.50982663668827,44.870882961808746
870,0.22226076680438872,0.31981982224505523,0.016915075601125245,-0.28730087231461604,0.2519637743905977,-0.8708175676498295,-0.6624602097239418,-29.49938965622954,44.87900886687676
871,0.7324625607317204,0.10892457870417205,-0.22255006474554603,-0.31021645534063724,0.18911258946842524,-0.8487783412611108,-0.6572182223808023,-29.488878166394585,44.88714152121836
872,-0.1826128095657336,-0.1545584507834879,-0.42333181857736424,-0.30515184442321985,0.12387307791180625,-0.8237986008876231,-0.651407865189431,-29.478292603798764,44.895280915313826
873,-0.854723318446413,-0.4180324259769555,-0.512222671989414,-0.26716285773484694,0.05737717608668349,-0.7959953014554078,-0.6450342350695935,-29.467633405057473,44.90342703964342
874,0.25698866120956293,-0.4778598529829121,-0.4267479679863085,-0.1942587993179533,-0.009213091992208093,-0.7654853978905087,-0.6381024289410381,-29.456901006786076,44.91157988468744
875,0.9057716966049586,-0.19718009326116243,-0.16835354141784303,-0.09620140450687906,-0.07467686390278776,-0.7323858451189726,-0.630617543723518,-29.446095845599952,44.91973944092616
876,-0.8858271027238667,0.12011347357696575,0.1658936469052481,0.014297815761880822,-0.13776554649168518,-0.6968149514171248,-0.6225846763367787,-29.435218358114465,44.92790569883982
877,-0.33962320665553797,0.40572764813504586,0.4576890353723194,0.12452411544421435,-0.19721930906772148,-0.6588990274914849,-0.614008923700586,-29.42426898094499,44.93607864890874
878,0.7079696834600803,0.41325387953506243,0.60144164532555,0.22176274849603217,-0.25176463386505865,-0.6187780711232441,-0.604895382734683,-29.41324815070693,44.94425828161319
879,0.4549106352448298,0.3100221505304388,0.5625496996427517,0.2941984647344462,-0.3001194682117463,-0.576600614999701,-0.5952491503588254,-29.402156304015616,44.952444587433426
880,-0.11361045600673297,0.16874019254847575,0.398601602571906,0.33523849851748544,-0.3410294211041167,-0.5325087723975294,-0.5850753234927688,-29.390993877486444,44.960637556849726
881,-0.35732092627978546,-0.25616291072209463,0.18306910616466177,0.3457915717667362,-0.3734337854755853,-0.4866399290052543,-0.5743789990562614,-29.379761307734807,44.96883718034239
882,-0.2523188001173568,-0.19411127474964893,-0.021955408650712844,0.32892648872958175,-0.3968320930650818,-0.4391280551933454,-0.5631652739690589,-29.36845903137604,44.97704344839166
883,0.17647154819420546,0.05360898815458726,-0.19369121435979358,0.288315143117304,-0.4113257042092419,-0.3901083821984521,-0.5514392451509069,-29.357087485025552,44.98525635147785
884,0.10032227095187682,0.13255779649524926,-0.312400140847329,0.22784253568413193,-0.41721103446629815,-0.3397341930785692,-0.5392060095215686,-29.34564710529871,44.99347588008121
885,-0.21775329613034874,0.005964658359637298,-0.37775479099775583,0.15145895274761675,-0.4148204498168405,-0.2881881060326738,-0.5264706640007871,-29.33413832881087,45.001702024682025
886,0.2565179941200226,-0.03198682213129727,-0.4516416751876622,0.06316154338346705,-0.40448893709574985,-0.23569698116359702,-0.5132383055083206,-29.322561592177433,45.00993477576057
887,-0.32299202200151117,0.11383168025471105,-0.5164907140279532,-0.03287898412800764,-0.3867149568971768,-0.1824977640195061,-0.4995140309639299,-29.310917332013737,45.01817412379711
888,0.37882323346372465,0.020382199619886826,-0.42873314517529026,-0.1313954854608365,-0.3621605393483176,-0.12882740014856078,-0.48530293728735036,-29.299205984935195,45.026420059271935
889,-0.38434804084741875,-0.12828025507381957,-0.17421359190273294,-0.22333001654609355,-0.3315397242408273,-0.07492283509891579,-0.4706101213983504,-29.287427987557166,45.03467257266533
890,0.33106066861954636,0.09445376842164735,0.18782840168819917,-0.2986468134993439,-0.29558220855716166,-0.021021014418745893,-0.45544068021666806,-29.275583776495015,45.04293165445755
891,-0.07414599449057993,0.1763699149213594,0.459731644810633,-0.3472757123680204,-0.25504476531986453,0.0326411163437992,-0.4397997106620665,-29.263673788364137,45.05119729512887
892,0.052816364600023445,0.14736200817188508,0.4613867036347883,-0.3606772381790502,-0.21079316559361316,0.0858266116405623,-0.42369230965429905,-29.251698459779877,45.05946948515958
893,-0.20846255917403395,0.05918941638512852,0.23211126963917245,-0.33832321036540236,-0.16377985596744318,0.1382985259233736,-0.4071235741131136,-29.239658227357644,45.067748215029965
894,0.2809475008069159,-0.28993087391934796,-0.09677858129281493,-0.2874087368370865,-0.115030568950972,0.18981991364408093,-0.3900986009582585,-29.227553527712793,45.07603347522028
895,-0.38520468918455586,-0.16852291713353895,-0.39050501017513783,-0.21665276190610186,-0.06558642249579101,0.240153829254517,-0.37262248710949936,-29.2153847974607,45.08432525621081
896,0.4747941095898371,0.2853331588309816,-0.5428821239910963,-0.1345906828612442,-0.01648853455350676,0.2890633272065246,-0.35470032948657687,-29.203152473216747,45.09262354848183
897,0.392966515415787,0.28384406620956176,-0.4895976941735845,-0.04848045223604722,0.03122197692426415,0.3363114619519516,-0.33633722500925667,-29.190856991596295,45.10092834251362
898,-0.5820923421056855,-0.004907305770565368,-0.2711447541354636,0.036776551108731716,0.07650399398592274,0.3816612879426206,-0.31753827059727685,-29.17849878921473,45.10923962878645
899,0.3623716854424141,-0.27263732572245175,0.027080645072313687,0.11682220497469953,0.11831639867986497,0.424875859630382,-0.29830856317039567,-29.166078302687414,45.11755739778059
900,0.4781094626309282,-0.362233535068888,0.3218569090547056,0.18729838716348576,0.15561807305447176,0.4657182314670735,-0.27865319964836877,-29.153595968629727,45.12588163997632
901,0.09236609222574026,-0.13713148024631236,0.555016210235246,0.24384697547670992,0.18736789915815166,0.5039514579045378,-0.2585772769509493,-29.141052223657066,45.134212345853946
902,-0.4246368382058166,0.11233725430679932,0.7023102742380782,0.28210245200315043,0.21253215475214168,0.5393385933946078,-0.23808589199789043,-29.128447504384763,45.14254950589369
903,0.270590668373906,0.35514136618943803,0.7467486595145317,0.297818634729098,0.23013125736519502,0.5716426923891212,-0.2171841417089328,-29.115782247428232,45.15089311057587
904,0.2202578304704984,0.20036156453280674,0.6803326827326642,0.2886208650652243,0.2394911098847901,0.6006268093399258,-0.19587712300383955,-29.10305688940283,45.15924315038076
905,-0.20244580150983374,-0.12857684143183623,0.5333724751228668,0.25760212970384255,0.2408335297596827,0.6260566922929556,-0.17416993280236642,-29.090271866923928,45.167599615788625
906,0.16434048145070074,-0.38808846808465697,0.3448224156721117,0.20986729884766941,0.23486115729087087,0.6477299021747472,-0.15206766802425903,-29.07742761660691,45.175962497279734
907,-0.17275799196588415,-0.30323433946443606,0.14725831808173442,0.15058349093672402,0.2223607824990643,0.6655579552348561,-0.12957542558927804,-29.064524575067146,45.184331785334365
908,0.13033240637570037,-0.09170221992246158,-0.051565563087725454,0.08462072944882361,0.2042834875618873,0.6795851705281394,-0.1066983024171666,-29.051563178920006,45.1927074704328
909,-0.06165748611293253,0.3419003431774468,-0.24763239953948923,0.01670899608925741,0.18167995490424954,0.6898963086346948,-0.08344139542768542,-29.03854386478087,45.20108954305533
910,0.13599215155476618,0.35817992354574707,-0.4221284676260221,-0.04844022294505323,0.1556128569655177,0.6965826356285358,-0.05980980154058763,-29.025467069265105,45.2094779936822
911,0.5686007079823664,-0.03162476509832133,-0.5574717513255788,-0.10611544145720454,0.1271321780227352,0.6997481057460041,-0.03580861767561133,-29.0123332289881,45.217872812793715
912,-0.6188700440468137,-0.34524175771446663,-0.6567558701172065,-0.1516051732502827,0.0972847303123622,0.6994998452640223,-0.011442940752519743,-28.999142780565226,45.22627399087013
913,0.599926471017095,0.04056277906383272,-0.7254211145727488,-0.18020469643168496,0.06712409037517497,0.695945201186065,0.013281911582376916,-28.985896160611844,45.23468151839174
914,-0.27968893930932043,0.2987164098975629,-0.757575738525224,-0.18724726815661902,0.03774181379975514,0.6891926034188303,0.03835953877955225,-28.972593805743337,45.24309538583879
915,-0.3330771781074989,0.1738314516420487,-0.7365961427912284,-0.1697765102416503,0.010204926223308708,0.6793515877257902,0.0637824344327112,-28.95923615257508,45.2515155836916
916,0.11012105088740742,-0.22054945348996113,-0.6132037443001839,-0.13180746857992798,-0.014753631231256725,0.6665329910042975,0.08954179100166788,-28.945823637722448,45.2599421024304
917,-0.25607473071014125,-0.1493552175505152,-0.3501100158937442,-0.08029850252235153,-0.03665621915588395,0.6508507775688398,0.11562567352910155,-28.932356697800817,45.26837493253551
918,0.15976567385607002,0.01406572627742848,-0.008651654284415774,-0.022528821525481448,-0.05507027817682089,0.6324196723026536,0.14202138648894255,-28.91883576942555,45.27681406448717
919,0.0017706563881722535,0.0912265785346689,0.31227481504557997,0.03422236495414441,-0.06956324892031299,0.6113544000890105,0.1687162343550936,-28.90526128921205,45.285259488765696
920,-0.13832060716822756,-0.028512881890493728,0.5083155041230937,0.08267584745994794,-0.0797025720126157,0.5877696858111724,0.1956975216014674,-28.891633693775642,45.293711195851294
921,-0.00709892156394152,0.08006118799696064,0.507216118109121,0.1159287399908991,-0.08505568807996944,0.5617802543523931,0.22295255270196915,-28.877953419731746,45.30216917622431
922,0.1805405067408381,0.016119208751014105,0.3485158053645082,0.12963253749653886,-0.08519324195350748,0.5335040348008173,0.2504686321305116,-28.864220903695728,45.31063342036501
923,-0.1903166954183479,0.04208572180288768,0.08394608810759084,0.12410112785384465,-0.07979694086117972,0.5030802976835002,0.2782330643610151,-28.850436582282946,45.31910391875363
924,0.09593504410108444,-0.10770834673801988,-0.15823692855702295,0.10121974567556986,-0.0691091023533134,0.47068666424262284,0.3062331538673772,-28.8366008921088,45.327580661870506
925,-0.32474958778111385,0.002307559065313867,-0.26136588412949474,0.06365811064929172,-0.05417922146298861,0.43652344812825544,0.33445620512351826,-28.822714269788634,45.33606364019585
926,0.37058845974297405,0.09725129411022035,-0.2459729868281148,0.01509041353678158,-0.0364604103796559,0.4008380149423028,0.36288952260335094,-28.80877715193782,45.344552844209964
927,0.14970570750576273,0.09522348860385944,-0.17329150809382346,-0.03772120150580858,-0.017607297603403887,0.36391211109126004,0.3915204107807856,-28.794789975171796,45.35304826439316
928,-0.3011028360844606,-0.09476312613755654,-0.06596999156167478,-0.08597026960526358,0.0006408817651827257,0.3260324523742481,0.42033617412972485,-28.780753176105854,45.36154989122566
929,-0.48597040756693144,-0.06848339659708941,0.04822964747018613,-0.12052145050049617,0.0165542609633022,0.28747670527459246,0.449324117124094,-28.766667191355417,45.37005771518776
930,0.4848301006871635,-0.03491296330620213,0.13088594358397432,-0.1324033758898565,0.028590762113445845,0.24849871934978043,0.47847154423779065,-28.752532457535846,45.37857172675975
931,0.16247688421940262,0.0215458359069529,0.13876549553203577,-0.11461396878824742,0.03598903090169081,0.20932845712406473,0.5077657599447277,-28.73834941126252,45.38709191642189
932,0.022865967514913925,0.03571842037652898,0.051595855299305216,-0.06803657472288584,0.03897770782581409,0.17018476948384495,0.5371940687188252,-28.724118489150804,45.39561827465446
933,-0.11723466524534157,-0.027805665677206604,-0.08208483946804675,-0.003212248629661577,0.03801582065887635,0.13126715920573348,0.5667437750339912,-28.709840127816076,45.40415079193773
934,-0.27676667246647507,0.0300569417224195,-0.20043656937119841,0.0672318956325358,0.03360508124315942,0.09273244499715408,0.5964021833641305,-28.69551476387373,45.412689458752
935,0.07027250969622095,0.08052176309872353,-0.2691763511883534,0.1311494015853861,0.026292561220567934,0.05469208576588016,0.6261565981831613,-28.68114283393909,45.4212342655775
936,0.15395705255508627,-0.008640254358250905,-0.27797147092120433,0.1797170478396931,0.016647612606709602,0.017235260046002128,0.6559943239649935,-28.666724774627593,45.42978520289456
937,0.04347259935133263,-0.04068837530183157,-0.24087548087914154,0.2104082058740995,0.005251310241253952,-0.019552163098098204,0.6859026651835324,-28.652261022554576,45.43834226118342
938,-0.1265326779485273,0.030359408596468518,-0.1593927756901747,0.22342239132497924,-0.007294910198284207,-0.05558377898611937,0.7158689263127007,-28.637752014335433,45.44690543092439
939,0.1371355930622847,0.07634905730427835,-0.029961795022796018,0.21953370901193778,-0.020440443160524124,-0.09077304903376614,0.7458804118263938,-28.6231981865855,45.4554747025977
940,-0.011627551541129518,0.08594648096181072,0.14341042107554336,0.1996096176478342,-0.03368016094357812,-0.12503332416247287,0.7759244261985393,-28.60859997592021,45.46405006668366
941,0.017375551882306828,-0.05996116798694331,0.338192962687652,0.16452679168697487,-0.046518593564173004,-0.1582775133165016,0.8059882739030425,-28.59395781895489,45.47263151366253
942,0.15543885372404767,-0.32994166412837017,0.5102135601763516,0.1151621890886481,-0.05846066503833328,-0.19041841494581374,0.8360592594138136,-28.57927215230494,45.4812190340146
943,-0.32890731200369905,-0.3532298251460111,0.6487306033808254,0.052392767812154774,-0.06901129938204825,-0.2213688275003933,0.8661246872047578,-28.564543412585714,45.48981261822013
944,0.13455181570198915,-0.356862847550036,0.7691204339762132,-0.0229045141832369,-0.07767542061131728,-0.25104154943020923,0.8961718617497954,-28.549772036412605,45.4984122567594
945,0.49270403146415426,-0.18862636934074511,0.8305732610280702,-0.10959115845866504,-0.08395795274213219,-0.2793493791852406,0.9261880875228341,-28.534958460400986,45.50701794011271
946,-0.47614084964531916,-0.008373850230436814,0.7805534451617022,-0.20415701687184673,-0.08736381979051495,-0.3062051152154513,0.9561606689977866,-28.520103121166223,45.515629658760304
947,-0.5346101658090981,0.3408837133927177,0.5650565453126549,-0.29752844966035796,-0.08739661609114216,-0.33152288565211546,0.9860769106485607,-28.505206455323695,45.52424740318247
948,0.5527506294633248,0.8854980869072757,0.19130798619141945,-0.379306329276565,-0.08355465338104667,-0.3552221012241936,1.015924116949064,-28.49026889948876,45.53287116385948
949,-0.5368961091963707,0.6129876687307413,-0.28634124867162475,-0.43909152817289177,-0.07533057822362899,-0.3772278378342512,1.0456895923732221,-28.47529089027682,45.54150093127162
950,0.5246543299943794,-0.525475133285392,-0.7182365423309743,-0.46646068287929904,-0.062221385948917136,-0.3974850585406641,1.0753606413949397,-28.460272864303246,45.55013669589917
951,-0.5150062578482968,-0.9921210351143004,-0.9307072373500223,-0.450626013378668,-0.04407326333196584,-0.41595395150386866,1.10492456848812,-28.445215258183396,45.55877844822239
952,0.1922938004571565,-0.4599115317154932,-0.8056521549466611,-0.38398523272660534,-0.021814004297519552,-0.4326072250864744,1.134368678126678,-28.43011850853264,45.56742617872156
953,0.47562792890280525,0.3674060137228029,-0.44796751722223416,-0.2757870628197328,0.003361684596268988,-0.4474181478750288,1.1636802747845314,-28.41498305196637,45.57607987787696
954,0.1673437059261567,0.8828390542123888,-0.018298896498932578,-0.13955984597927815,0.0302561237434834,-0.4603575993913414,1.1928472469186162,-28.399809325099973,45.584739536168875
955,-0.2947501788389546,0.7736252713428858,0.34301679512687727,0.011168075473556046,0.05766874714458484,-0.4713961963631151,1.221860106585392,-28.384597764548783,45.59340514407756
956,0.037192051303681514,0.419399072890823,0.5832088323095561,0.16286835921756213,0.08439477844442843,-0.4805021700583362,1.2507111907371897,-28.369348806928215,45.60207669208331
957,-0.20365151555177932,0.018211604208230935,0.6957574407300139,0.3020126629315224,0.1092217565127521,-0.48763671561061783,1.2793934849671023,-28.354062888853626,45.610754170666404
958,-0.02533889859960076,-0.3996335369217643,0.6828200128316027,0.4153791323891193,0.13093769326401886,-0.49276159144165127,1.307900065111568,-28.338740446940378,45.619437570307085
959,0.0837102129397217,-0.4278353188650227,0.5480448442386838,0.49261924635822485,0.14835432004190305,-0.49586235273492363,1.3362240843396094,-28.32338191780387,45.62812688148567
960,0.004558518846860886,-0.2427218465225289,0.3106720865902539,0.5309393751260534,0.16029680337014635,-0.4969391318193773,1.3643598377856374,-28.307987738059463,45.636822094682415
961,-0.037199418039355475,0.05329270878925235,0.037213190404378586,0.5317017421861169,0.16572424061363403,-0.4960029051177706,1.3923055851086763,-28.292558344322508,45.64552320037758
962,0.09477495631557696,0.1206171183732625,-0.18004620858186876,0.4962519289838494,0.16429123186886185,-0.49308768801378305,1.4200626452110499,-28.277094173208432,45.65423018905148
963,-0.09093194015753073,-0.025356674242686037,-0.2860515107525782,0.42512937051884925,0.15646586541954102,-0.4882353942845936,1.4476328936472067,-28.261595661332564,45.66294305118436
964,0.054482092422231024,-0.03879387968977995,-0.32643230254412864,0.31869244825065385,0.14292908958037046,-0.481494185937123,1.475018205971576,-28.246063245310314,45.67166177725652
965,0.004689615185848986,0.04661146782271578,-0.2934709940939115,0.17860100619908506,0.12437318213830693,-0.472913730981805,1.502220457738578,-28.230497361757013,45.6803863577482
966,0.09254149136478264,-0.06811089524570224,-0.15075341339654208,0.013916233471951228,0.10149042088032983,-0.4625436974291086,1.5292415245026598,-28.214898447288096,45.689116783139724
967,0.009673042670324752,-0.18323629030652605,0.0390174890125826,-0.15466295889098636,0.07497308359338083,-0.45043375328946256,1.5560832818182344,-28.19926693851887,45.69785304391132
968,0.029877526175345163,-0.03791315168322106,0.19630965213315654,-0.30289337183469595,0.04551344806444933,-0.4366335665733309,1.5827476052397582,-28.183603272064758,45.7065951305433
969,-0.3235968972805275,0.29362088841578987,0.24858514676480403,-0.407891643985848,0.01380379208048205,-0.42119280529114733,1.6092363703216324,-28.167907884541126,45.715343033515936
970,0.34743573960560487,0.3425234684076204,0.1424375167667411,-0.45623896411951254,-0.01946360657155672,-0.40416113745336835,1.6355514526183157,-28.15218121256332,45.72409674330948
971,-0.3161712059953917,-0.058350959926909335,-0.09219999465448894,-0.4522073088458573,-0.05360958484861691,-0.3855882310704278,1.6616947276842113,-28.13642369274676,45.73285625040424
972,0.14234996022021837,-0.4001495556834291,-0.2932116822422582,-0.40414990464238854,-0.08796891814680102,-0.36552375415279953,1.687668071073781,-28.120635761706783,45.74162154528046
973,-0.05044598118208479,-0.30917246598383136,-0.31255013848135027,-0.32113993734806706,-0.12172222299484775,-0.3440173747109125,1.713473358341428,-28.104817856058766,45.75039261841843
974,-0.10359698740141286,-0.007076648049417529,-0.17919205355646664,-0.21436823363503774,-0.15395882952438242,-0.3211187607552205,1.7391124650416085,-28.088970412418107,45.75916946029844
975,0.15690873729988764,0.3614082247676958,0.027527255875071925,-0.09465722197389421,-0.1837548764019051,-0.2968775802961674,1.7645872667287315,-28.07309386740018,45.767952061400756
976,-0.19425045463200377,0.3319477326970208,0.23697381532559403,0.02740751670496116,-0.21018650229392097,-0.2713435013442072,1.7898996389572452,-28.057188657620337,45.77674041220565
977,0.052993704214450654,0.005086085682485861,0.418245105627664,0.14124040147110842,-0.23232771101100722,-0.24456832676570905,1.815051457281571,-28.04125521969395,45.78553450319339
978,0.3226300263853525,-0.25856058934910925,0.5464461454964014,0.2362558513941427,-0.24924338064306462,-0.2166129851477212,1.8400445972561477,-28.025293990236428,45.79433432484428
979,-0.43925655806264213,-0.18638026914354125,0.6125899398089558,0.30186828554365663,-0.25998990086982904,-0.18754689348744918,1.864880934435396,-28.009305405863103,45.803139867638556
980,0.5011477460167454,0.17564689688778984,0.6476205571371325,0.3284368327222939,-0.26361918956546954,-0.15745640643939302,1.8895623443737524,-27.99328990318938,45.81195112205653
981,0.12796948213826234,0.026229903165868842,0.6726639683562354,0.3114450861397254,-0.2594793187691818,-0.12643998340440102,1.9140907026256528,-27.977247918830624,45.82076807857847
982,-0.2394051736519229,-0.1574547404676956,0.6282366007073014,0.25430508255760476,-0.24793679129056814,-0.09462370088267019,1.9384678847455212,-27.961179889402207,45.82959072768463
983,-0.4137237753115805,-0.10737884606977495,0.4486103096811895,0.16821387789470538,-0.22960968064257078,-0.06214046017557537,1.9626957662877962,-27.945086251519516,45.838419059855326
984,-0.4069982497815495,0.07702336437219624,0.1530446377466607,0.06613630259265572,-0.2051447389252885,-0.029123162584468718,1.9867762228068986,-27.928967441797898,45.84725306557079
985,0.45647937095200714,0.22953796148832584,-0.18017552620378147,-0.038813632554299246,-0.1753034325873538,0.004295290589254846,2.010711129857275,-27.912823896852764,45.856092735311336
986,-0.4121178930808302,0.08246295272328617,-0.4767422821084636,-0.13348358186659542,-0.14088556296274335,0.037981998044245666,2.0345023629933436,-27.89665605329946,45.86493805955722
987,0.08951232402946374,-0.11256700721344041,-0.682813723049943,-0.20468257447195123,-0.10272955657814373,0.07180405847913146,2.0581517977695305,-27.880464347753367,45.87378902878872
988,0.25509575498532805,-0.2908590436384581,-0.7485461853671778,-0.23966272857090984,-0.06171409439785655,0.1056285705925475,2.08166130974028,-27.864249216829865,45.88264563348611
989,0.2863299513952837,-0.37293454499641204,-0.6312389658704866,-0.23119344534506983,-0.018815169711799744,0.13932263308311646,2.1050327744600206,-27.84801109714433,45.89150786412968
990,-0.16402785769529163,-0.3116663830918331,-0.34169132687714365,-0.1873220773349511,0.02506094697900759,0.17275334464946604,2.1282680674831878,-27.831750425312126,45.900375711199686
991,-0.36342815042286875,0.04681983409329823,0.026439133919799834,-0.11980227857802958,0.0690330654055795,0.20578780399023905,2.1513690643641983,-27.81546763794863,45.90924916517642
992,0.3510046654375762,0.3760308671942645,0.349536379848516,-0.04038770311180124,0.1122199952989678,0.2382931098040607,2.174337640657501,-27.79916317166922,45.91812821654014
993,-0.2379399375029708,0.36981328057122204,0.5137306901263474,0.03916799502625553,0.15374054639019655,0.2701363607895763,2.197175671917511,-27.782837463089283,45.927012855771146
994,0.09248791439867848,-0.04469008008479846,0.4810537147679238,0.10795310863828796,0.19271352841031755,0.30118465564539854,2.2198850336986657,-27.766490948824174,45.9359030733497
995,-0.08482683437504077,-0.09595331944680105,0.3254690118189309,0.15860590202018426,0.22825775109035243,0.3313050930701651,2.242467601555408,-27.75012406548929,45.944798859756084
996,-0.12309113736957022,-0.23695629541438876,0.13973473421034047,0.18556769583700936,0.2594920241613529,0.36036477176250875,2.2649252510421443,-27.733737249699956,45.95370020547056
997,0.11563668573631813,-0.1479267895105931,-0.018403351460667246,0.18436443879322556,0.2855622054055026,0.38823079042106473,2.287259857713326,-27.717330938071605,45.96260710097343
998,0.07687064903849833,-0.05594991939266687,-0.11229772583801689,0.1507289329045885,0.30579054889439744,0.4147702477444608,2.3094732971233785,-27.700905567219586,45.97151953674494
999,-0.14909754055006108,-0.03677692029752845,-0.12583675496613425,0.08450672669374278,0.3198108723557996,0.43985024243132215,2.331567444826741,-27.684461573759283,45.9804375032654
1000,0.09969510035917833,-0.01964656372872848,-0.10729490894592307,0.0015993096867526662,0.32740341636159404,0.46333787318029157,2.3535441763778246,-27.667999394306044,45.989360991015054
1001,-0.06245538818727935,0.08893248175850561,-0.11558507429044687,-0.07666585797717293,0.3284965569982009,0.48510138936819047,2.3754053673310755,-27.651519465475268,45.99828999047419
1002,0.07843475746061318,-0.05803526188469375,-0.12257625085787394,-0.1353238501919406,0.3231221262691645,0.5050233177230441,2.3971528932409196,-27.63502222388232,46.007224492123086
1003,-0.06579369576353249,0.03991416493915448,-0.11598723004203396,-0.16906547435444033,0.3114575414656141,0.5230296837939981,2.4187886296617984,-27.618508106142592,46.01616448644204
1004,0.04347257271212772,-0.050841254316867174,-0.05929378313320604,-0.17964422543035977,0.2937843921592989,0.5390754308210352,2.4403144521481277,-27.60197754887143,46.02510996391128
1005,-0.016157877207632263,0.12339986550360732,0.040542500483228945,-0.17174463224962777,0.2704572001915063,0.5531407806976857,2.4617322362543517,-27.585430988684223,46.0340609150111
1006,0.023401712722002248,-0.006919525822328277,0.10966407140250231,-0.1506151440435331,0.24205375903769866,0.5652228011433117,2.4830438575348883,-27.568868862196357,46.043017330221815
1007,-0.06412777346288862,-0.06603754682570089,0.1325230816519788,-0.12087043484054864,0.20925227777264085,0.5753216101598746,2.504251191544184,-27.552291606023186,46.05197920002364
1008,0.05294778724373689,0.05899460447687532,0.10581858280667603,-0.08454415536721334,0.1727428831371183,0.5834373257493413,2.525356113836655,-27.5356996567801,46.06094651489691
1009,-0.01411154122876352,0.042549303671220555,0.025452218792817883,-0.04386771314117101,0.13322135178609168,0.5895700659136607,2.546360499966748,-27.519093451082462,46.06991926532186
1010,-0.0026952855731182273,-0.09000013580565774,-0.09536565793451507,-0.0007551710947192202,0.09140606003120047,0.5937199780745754,2.567266196069112,-27.502473425545652,46.07889744177878
1011,-0.10816589339350909,-0.05339808859629254,-0.2254857755426527,0.04302544753905967,0.04802045331335567,0.5958881149122787,2.5880747238048643,-27.48584001678504,46.08788103474794
1012,0.15749892965752021,0.02463488343833884,-0.32416758002420526,0.08571245572648045,0.0037783528052137668,0.5960799250798149,2.6087866600232306,-27.469193661416007,46.09687003470962
1013,-0.16838730013582853,-0.004748574937573382,-0.35904212626608945,0.12577603919539795,-0.04063740201237916,0.5943076838273449,2.6294020442389603,-27.452534796053925,46.105864432144095
1014,0.16697942248390316,0.01630030188783802,-0.3305861873983024,0.162351665203106,-0.08455781894064948,0.5905911507109496,2.649921105835674,-27.43586385731417,46.11486421753165
1015,-0.0886695331689254,0.0035994455465147538,-0.24163195310082636,0.19403368747991975,-0.12732214450547083,0.584957525880945,2.670344872327405,-27.41918128181211,46.12386938135255
1016,-0.0641874715431975,0.021121183740573816,-0.09613235353338291,0.21896747792895505,-0.16827138581572104,0.5774354990745774,2.690674642224254,-27.40248750616314,46.132879914087084
1017,0.06590356266998637,0.025192074486192467,0.08534403330240557,0.23523753845623968,-0.20675552221314836,0.5680537394843894,2.7109117345810256,-27.385782966982596,46.141895806215494
1018,0.06576383554573048,-0.04690659919852363,0.27259159363680463,0.24098856199084345,-0.24218507591586502,0.5568412681562382,2.7310574684525486,-27.3690681008859,46.15091704821812
1019,-0.003023911643027517,-0.08390402258934833,0.4339927067961092,0.23449721048927155,-0.27410431075642694,0.5438288787230068,2.751113162893622,-27.35234334448839,46.15994363057518
1020,-0.030138977670220203,-0.07740522537992554,0.5620676365713607,0.2141751484852021,-0.3021949428487143,0.5290498145217116,2.771080136959066,-27.335609134405455,46.168975543766976
1021,-0.05129642284435462,-0.15357272515611547,0.6499298961803918,0.17849266250935011,-0.3262016174370281,0.5125416260227686,2.7909597097036762,-27.318865907252455,46.17801277827377
1022,0.005863073573090189,-0.13750854276529814,0.6507276385268814,0.12676865430088077,-0.3458933229446885,0.4943480741957946,2.810753200182282,-27.302114099644786,46.187055324575844
1023,-0.06011737163307424,0.08474967986095304,0.5286182459390807,0.06206726768897245,-0.3610430876075107,0.4745143133462297,2.8304619274496785,-27.285354148197804,46.196103173153475
1024,-0.0032461202295387477,0.3378899727489053,0.28707176281513025,-0.010034208973417452,-0.37142393966130965,0.45308549777950413,2.850087210560682,-27.268586489526907,46.20515631448695
1025,-0.07828987301149115,0.35306752333537744,-0.046571250327668234,-0.08353782183455861,-0.37680890734188294,0.43010678180103307,2.869630368570108,-27.251811560247447,46.21421473905653
1026,0.4221162330033991,0.09966431807639242,-0.39532859576875135,-0.15244561704269055,-0.37697123589257087,0.40562353672376933,2.8890927205327603,-27.235029796974818,46.22327843734251
1027,-0.46432586518081853,-0.3758853766551616,-0.639607429726112,-0.21075964074609302,-0.3716880863317386,0.3796850496357059,2.9084755855034468,-27.21824163632436,46.23234739982514
1028,-0.04890444693738776,-0.28621743681281125,-0.6817545497140348,-0.2524819390930332,-0.36075221262538815,0.35235620057245454,2.927780282536984,-27.201447514911482,46.2414216169847
1029,0.44078341386606307,0.017568077425114046,-0.5477767373465243,-0.2731395553117885,-0.34401485869234916,0.32371831942136486,2.947008130688185,-27.184647869351547,46.250501079301486
1030,0.1221093176687482,0.20912543517793916,-0.30713562911753584,-0.2743070912998672,-0.32155400745688384,0.2938588850199204,2.966160449011853,-27.16784313625993,46.25958577725576
1031,-0.16430690599855194,0.31284000669614315,-0.03170515456263698,-0.25884155677810045,-0.29373419313955745,0.26286729814409754,2.985238556562814,-27.151033752252005,46.26867570132781
1032,-0.12025081534068004,0.059420673063916435,0.21272263368453728,-0.22940577797271405,-0.2611144483731377,0.23083327448748717,3.0042437723958537,-27.13422015394315,46.27777084199789
1033,-0.015718037562951433,-0.09154972215839802,0.3796917895146511,-0.18858862553235872,-0.22432776136792937,0.19784652974362474,3.0231774155657987,-27.117402777948737,46.28687118974631
1034,-0.019305392449895046,-0.16570268236986194,0.46660850724514147,-0.13901529976273422,-0.184017391565339,0.16399677960606843,3.0420408051274563,-27.10058206088413,46.295976735053294
1035,-0.10890093179528015,-0.15211919014980407,0.49388161255312546,-0.08357292113969957,-0.1408265984067983,0.12937373976836633,3.0608352601356383,-27.08375843936471,46.305087468399165
1036,-0.14774786291809597,0.04504607353367914,0.4627635109321493,-0.02556333604158481,-0.09539864133371373,0.09406712592408917,3.079562099645163,-27.06693235000587,46.31420338026418
1037,0.1866921953508274,0.11932990225564918,0.40143440202584263,0.031310751971907094,-0.0483767797874994,0.05816665376677997,3.098222642710821,-27.050104229422963,46.323324461128635
1038,-0.14208702382220623,0.0064409714975806115,0.34515910233505886,0.0831347885802932,-0.00040427320958947866,0.021762038990004444,3.116818208387448,-27.03327451423138,46.332450701472794
1039,0.02453766972566809,-0.09104281809897816,0.2963588323739481,0.1268391332931547,0.04787561895862209,-0.015057002712686821,3.1353501157298327,-27.01644364104646,46.3415820917769
1040,-0.12526305372312202,0.0211714220895423,0.24394649725395706,0.16159999292119973,0.09581963727570617,-0.05220075564773316,3.1538196837927934,-26.999612046483623,46.350718622521285
1041,0.024049873719046926,0.09448555430533931,0.17141401070553028,0.18753719443231218,0.1427845223002386,-0.08957950412158397,3.1722282316311485,-26.982780167158214,46.35986028418618
1042,0.2712382302833276,0.02855438457540829,0.07064926388627411,0.20490150082076508,0.18812444700893768,-0.1271035324406811,3.1905770782996967,-26.96594843968561,46.369007067251886
1043,-0.2718902065245861,-0.11739954366995287,-0.028775987684116773,0.2136600934620437,0.23117956495735248,-0.1646831249114614,3.208867542853251,-26.949117300681202,46.378158962198675
1044,-0.0840494773048231,-0.1289857116531426,-0.091909324873434,0.21376400067374282,0.2712793619049443,-0.20222856584038432,3.2271009443466347,-26.93228718676036,46.38731595950682
1045,0.21726479479253485,-0.06049677325206622,-0.10670078204187153,0.20547414927378113,0.307810633808706,-0.23965013953388414,3.245278601834644,-26.91545853453844,46.3964780496566
1046,0.08867918083114698,0.11029835539894518,-0.09287351331985683,0.18999582449720245,0.34034300602141965,-0.27685813029840023,3.2634018343720945,-26.898631780630833,46.40564522312828
1047,0.13853136809224095,0.1001283542641064,-0.07826788329429894,0.17023536700165132,0.3686535466136397,-0.31376282244037695,3.2814719610137946,-26.881807361652907,46.41481747040215
1048,-0.08947902914690628,-0.0693133121400388,-0.08067242340258204,0.14865381764504662,0.3925860787577537,-0.3502745002662662,3.299490300814558,-26.86498571422005,46.42399478195849
1049,-0.03777680853877904,-0.06235192348039467,-0.0943804596108189,0.12633971085861812,0.4120052254004103,-0.38630379078816673,3.317458172829195,-26.84816727494762,46.43317714827756
1050,-0.02534332272552389,-0.02509327117756519,-0.10501684895784133,0.10398411894241252,0.42684329011338806,-0.42176294169602674,3.3353768961125128,-26.831352480450995,46.44236455983964
1051,0.08801426530915359,-0.008784866518127014,-0.10186633998039568,0.08178063438782648,0.43716078846588546,-0.45656751116313127,3.353247789719331,-26.81454176734556,46.45155700712502
1052,-0.07941864340250572,-0.038140474790625926,-0.07897690627881283,0.06001764047086829,0.4430706135825048,-0.4906433106531595,3.371072172704448,-26.797735572246673,46.46075448061396
1053,0.05179601997882569,0.00838164821617919,-0.03778973930141399,0.03893168361136431,0.44473641942350006,-0.5239300350681522,3.3888513641226803,-26.78093433176972,46.46995697078674
1054,-0.08717525217934866,-0.05088690461069242,0.021855927916795338,0.01860381247487978,0.442376131199261,-0.5563863834232987,3.4065866830288436,-26.764138482530075,46.479164468123635
1055,-0.08408473950884264,-0.06980739954516085,0.08145803525780239,-0.0011340893773902243,0.43624874391975754,-0.5879885011857263,3.4242794484777335,-26.7473484611431,46.48837696310493
1056,0.14361712985945635,-0.0504951952387357,0.14037121631892777,-0.020361461991677595,0.42662569200243605,-0.618718102461289,3.4419309795241837,-26.7305647042242,46.497594446210904
1057,-0.06511462003300805,-0.03953475993962908,0.19541276940356925,-0.038557735455934355,0.4137769932972946,-0.6485545020283718,3.4595425952229855,-26.713787648388717,46.50681690792181
1058,-0.1399526560834901,0.15119563201825661,0.2270589836369715,-0.05494051172836887,0.39798074282912177,-0.6774844137673617,3.477115614628956,-26.69701773025203,46.51604433871794
1059,0.02647137069412567,0.18437069656391997,0.20396972801764823,-0.06850884091201065,0.3795288296920127,-0.7055044835026444,3.4946513567968998,-26.68025538642953,46.52527672907957
1060,0.2477561579134981,0.17841947298560323,0.11329324054835818,-0.07874963099755254,0.3587300332273854,-0.7326134304093344,3.5121511407816426,-26.663501053536585,46.53451406948699
1061,0.2583422317597677,0.12151732717454428,-0.028375271445247284,-0.08518510135351746,0.33589331965710334,-0.758809973662521,3.529616285637987,-26.646755168188566,46.54375635042045
1062,-0.06467193793335327,-0.08411842765920444,-0.18116874346792158,-0.08728825898874207,0.31130669470638533,-0.7840928324372863,3.5470481104207323,-26.630018167000856,46.553003562360246
1063,-0.45809393553621625,-0.1405320916935322,-0.2970524434324352,-0.08449691436458684,0.28522296755299403,-0.8084607259087522,3.5644479341847037,-26.613290486588795,46.56225569578662
1064,0.4959887616641125,-0.26769674307836633,-0.3246100415935338,-0.07638335381928352,0.2578564964822596,-0.8319123732519903,3.5818170759847106,-26.596572563567804,46.571512741179895
1065,0.0022377676327106923,-0.0869977975073629,-0.25683300950198257,-0.06338943272603172,0.22936225640212324,-0.8544464936420928,3.5991568548755577,-26.579864834553234,46.580774689020316
1066,-0.48344563159858917,0.17185903314711481,-0.12851028648565122,-0.047087749309149725,0.19990405696068392,-0.8760618062541715,3.6164685899120563,-26.56316773616046,46.59004152978817
1067,0.4444564132105937,0.24527458885830208,0.020083318408854828,-0.029317558785743405,0.16967511946340522,-0.8967570302633083,3.63375360014903,-26.54648170500487,46.59931325396373
1068,-0.11010359700648914,0.20145060499726763,0.15843744904423432,-0.011957813716292249,0.13890836255914943,-0.9165308848445951,3.6510132046412647,-26.52980717770182,46.608589852027286
1069,0.052351033829527736,-0.07047855698196573,0.26958492805411927,0.003137788168034749,0.1078099931869329,-0.9353806322926335,3.668248722443591,-26.51314459086669,46.61787131445909
1070,-0.3308535173757905,-0.24729422052521724,0.3346247821457694,0.014170004844979052,0.07652593505488049,-0.9532977073799939,3.6854614726108124,-26.49649438111488,46.62715763173944
1071,0.13831052276135555,-0.0007579815281169542,0.338768363249356,0.01956301542509252,0.045145504491706324,-0.9702740078840115,3.702652774197745,-26.479856985061716,46.63644879434859
1072,0.0020016073563080216,0.19724834510898978,0.2820232739985911,0.019026028154836443,0.013673956800851594,-0.9863091111229868,3.719823946259187,-26.463232839322615,46.645744792766834
1073,0.35398366205689846,0.18567207231761892,0.16968462361454026,0.01466248275967099,-0.01799787125973209,-1.00140451430048,3.736976307849964,-26.44662238051291,46.65504561747443
1074,-0.31907398104561396,-0.016193734079734658,0.023268476408943462,0.009176969894596761,-0.05005211853628607,-1.0155620043704379,3.75411117802487,-26.430026045248038,46.66435125895171
1075,-0.25417937139529184,-0.1671341569127871,-0.12395357311893034,0.0051431960567750986,-0.08253858981433773,-1.0287848181897066,3.7712298758387304,-26.41344427014331,46.67366170767885
1076,0.2900873348251279,-0.14834672302954283,-0.2347253797128367,0.004972840553505464,-0.1153433143695615,-1.0410779409351287,3.788333720346354,-26.396877491814134,46.682976954136215
1077,0.0396736955359126,0.013663409713574947,-0.27099426350141415,0.010958606378489822,-0.1482484921139176,-1.0524478285433614,3.805424030602551,-26.380326146875877,46.692296988804046
1078,-0.08663773740210168,0.0759314031671126,-0.22016704540072982,0.02434057499940081,-0.18089808372872496,-1.0629023675157807,3.8225021256621257,-26.363790671943914,46.70162180216261
1079,-0.10176401151677682,-0.06130564225696383,-0.08773889970474845,0.043040871856217335,-0.21302753726186255,-1.0724539867543448,3.8395693245798905,-26.34727150363362,46.71095138469221
1080,0.07471219124457995,-0.16164523312285764,0.06214458270942377,0.06423763395051545,-0.24447623713226968,-1.0811165323727827,3.8566269464106573,-26.33076907856037,46.7202857268731
1081,-0.14767784205467682,-0.017085170334414153,0.15462413629370733,0.0851853786022825,-0.2751588216308605,-1.0889049769313108,3.8736763102092313,-26.314283833339527,46.72962481918557
1082,0.18418230412798164,0.1844978897652447,0.1571259663841127,0.10324788964683111,-0.3050891867764887,-1.0958360457015188,3.8907187255960305,-26.297816195152077,46.73896865210988
1083,-0.17047529878526455,0.07705882860239124,0.06900632741593385,0.11595387796112806,-0.33431751397900245,-1.1019323483539787,3.907755455038944,-26.281366544026476,46.748317216126324
1084,0.034874540913854016,-0.10682604348081753,-0.026660263244928168,0.12121514631908772,-0.3629084175780607,-1.107217965659,3.924787696309028,-26.264935195294335,46.757670501715175
1085,-0.025648447861637287,0.000851453126933271,-0.049907620467254984,0.1170577565949268,-0.3909588452528112,-1.1117169498790653,3.9418165116874717,-26.248522357305248,46.767028499356684
1086,-0.022602605306660514,0.07907538829338444,-0.017933184001545404,0.10241728100572986,-0.4186094512920722,-1.1154531574251565,3.9588426226558178,-26.232128093460652,46.77639119953115
1087,0.08143934435534933,-0.06341168339858728,0.020592748712002933,0.07993594470193424,-0.44597878591492085,-1.118449969749787,3.975866173680426,-26.215752365105278,46.78575859271886
1088,-0.06867057116566987,-0.021567324714459563,0.02201100555833934,0.05334184804184168,-0.47300703445845915,-1.1207300859982057,3.9928866081949153,-26.19939511485838,46.79513066940008
1089,0.06632542235874325,-0.007498112979929512,0.005970033506744981,0.02570696280842286,-0.49954260472711,-1.122315443121182,4.009902598049046,-26.18305627594981,46.80450742005507
1090,-0.05011464510481861,0.061712844382591066,-0.02776854369406121,0.0005219400251583676,-0.5251894861866587,-1.1232270724975562,4.026911871962889,-26.16673574405167,46.81388883516413
1091,0.04339876552853084,-0.0028457401397395518,-0.05582829333000899,-0.018752489218903264,-0.5492398863616409,-1.1234850290838614,4.043911172844763,-26.15043340544665,46.823274905207505
1092,0.02390253307345089,0.04339906314392015,-0.05212107019560616,-0.030693523345638872,-0.5707913623115227,-1.1231088675752823,4.060896752962608,-26.13414914641744,46.83266562066551
1093,-0.022857133193533566,0.06588024002076454,-0.03786794184334828,-0.036252117971141695,-0.5888279261854839,-1.1221178640159921,4.077864624417051,-26.117882853246705,46.842060972018395
1094,0.08064180570230364,-0.06497017671926268,-0.039576930693155495,-0.03786137287918353,-0.6023392593068957,-1.1205312305561073,4.094810626923005,-26.10163441221715,46.85146094974645
1095,-0.06635817607747527,0.017545012248355005,-0.0584177680270563,-0.04127103582774602,-0.6103223608634323,-1.1183680719883875,4.111730565817252,-26.085403709611434,46.86086554432992
1096,0.02232371595837933,0.0030119694127580636,-0.08386874979961702,-0.053689873687046835,-0.6118363059583288,-1.1156451168996004,4.128620246436581,-26.069190631712257,46.87027474624913
1097,-7.069532425411425e-05,-0.03342968658627746,-0.0892166735375245,-0.08084360427509446,-0.6062297421579985,-1.1123785534186656,4.1454754741177835,-26.052995064802293,46.87968854598432
1098,-0.060736386994455625,-0.010031247186663783,-0.046634455167359694,-0.12542330091168954,-0.5931670667133109,-1.1085896360757193,4.162292054197635,-26.03681689516423,46.8891069340158
1099,-0.13725852738494737,0.0401840163173648,0.022342945838513796,-0.18527456213264965,-0.5726310990493823,-1.1043024573448859,4.17906579201293,-26.020656009080728,46.89852990082379
1100,0.0489665648692992,-0.0004236882247939898,0.0825765671770367,-0.25601463448224965,-0.5448003689714281,-1.0995420773224358,4.195792492900451,-26.00451229283449,46.90795743688861
1101,0.35776430406886084,0.06226480051661269,0.1352665008800241,-0.3324751524512356,-0.5099586065611095,-1.094333708632467,4.212467962196992,-25.988385632708205,46.917389532690535
1102,-0.21395500383873473,-0.09443830473177724,0.22993194662881497,-0.4080012228567983,-0.4684731202670703,-1.088702563899052,4.2290880052393405,-25.972275914984554,46.92682617870983
1103,-0.4297538415778614,-0.06289247430229133,0.30410370424914174,-0.4737384321182287,-0.42077786734934375,-1.0826738557462634,4.245648427364268,-25.956183025946196,46.93626736542677
1104,0.25102048123993476,0.1321606955089276,0.2926011870795474,-0.5199408044703847,-0.36732002791422524,-1.0762727967981836,4.262145033908568,-25.94010685187582,46.945713083321635
1105,0.48385751760483103,0.18896102859469494,0.1510801987588759,-0.5354621471322046,-0.30860167217490836,-1.0695245996789107,4.278573630209044,-25.924047279056133,46.955163322874704
1106,-0.5077380625208474,0.16406333159761521,-0.08761268746549143,-0.5124125635112701,-0.24538944348642827,-1.0624544770124968,4.29493002160246,-25.908004193769795,46.96461807456625
1107,0.4997739388062641,-0.2072593307495665,-0.2881075221736385,-0.4439443782955641,-0.17868492616713474,-1.05508764142303,4.311210013425601,-25.891977482299477,46.97407732887655
1108,-0.46760222184899414,-0.12043229853886019,-0.33453358720457943,-0.3254313259967478,-0.10953471724946032,-1.0474493055346177,4.327409411015282,-25.875967030927903,46.98354107628588
1109,0.40917364616209956,0.1793491363672574,-0.2557797374830736,-0.16075355035416766,-0.0389854137658677,-1.0395646819713023,4.343524019708265,-25.859972725937705,46.9930093072745
1110,-0.33756088114852695,0.10950196382813927,-0.10290388161422956,0.03246819148815872,0.03191638725119549,-1.0314589833571968,4.359549644841348,-25.843994453611597,47.00248201232271
1111,0.11030471546520937,-0.165066724805762,0.08288641969122612,0.23349974976655352,0.10212408876930679,-1.0231574223163586,4.375482091751307,-25.828032100232264,47.01195918191078
1112,-0.07863760181312301,-0.013450199684493694,0.23390252428553057,0.4216069747174143,0.1705910937559934,-1.0146852114728755,4.391317165774937,-25.812085552082383,47.021440806519
1113,0.23102454617314136,0.12224181350957442,0.288651828580186,0.5760557165770985,0.23627080517882285,-1.0060675634508351,4.407050672249027,-25.796154695444603,47.03092687662759
1114,-0.19821495843120582,0.04058244789263597,0.20644578834953325,0.6775434044323959,0.2981166260053575,-0.99732969087432,4.422678416510363,-25.780239416601667,47.040417382716896
1115,-0.11467424529659682,-0.09038040643106225,0.020336613806689923,0.7143639677585593,0.3550819592031297,-0.9884968063673876,4.438196203895719,-25.7643396018362,47.04991231526715
1116,-0.06095883261483268,0.09786145167399768,-0.17185046597883616,0.6837565893070233,0.4062290130971547,-0.9795941225541307,4.45359983974189,-25.74845513743092,47.05941166475865
1117,0.3546702885959521,-0.05621259534601219,-0.20927654546578686,0.5850950456997351,0.45115601718591547,-0.970646852058642,4.468885129385671,-25.732585909668494,47.06891542167166
1118,-0.4040036514914765,-0.1773563539498766,-0.10573399087574838,0.42305496807671683,0.48997958592669266,-0.961680207504999,4.484047878163841,-25.71673180483162,47.07842357648647
1119,0.3089249642976295,-0.006322476451418321,0.049649352542053445,0.22139760320777993,0.5229426560276595,-0.9527194015172695,4.499083891413185,-25.70089270920295,47.08793611968332
1120,0.1036856525343575,0.2359447838292602,0.1499343761336537,0.007556782250622323,0.5502945448238049,-0.9437896467195309,4.513988974470485,-25.685068509065196,47.09745304174254
1121,0.3707242730386502,0.09314271427528777,0.12000388137135656,-0.19771345771541263,0.5722845696501125,-0.934916155735891,4.528758932672547,-25.66925909070102,47.106974333144365
1122,0.28468923639008187,-0.17888119491452262,0.009122315804587224,-0.3843934792634364,0.5891620478415911,-0.9261241411904124,4.5433895713561405,-25.65346434039312,47.1164999843691
1123,-0.5191640938580412,-0.3124121903469934,-0.10350290221656855,-0.5448808319352985,0.6011761252261488,-0.9174386442001121,4.557876695858056,-25.637684144424174,47.126029985896984
1124,0.5066862682371654,-0.20696517623560984,-0.1536085560450913,-0.6716658283527095,0.6085744641636263,-0.9088832224139296,4.5722161115150755,-25.62191838907686,47.13556432820834
1125,0.22302570118630802,-0.06311353437418132,-0.1274764826486096,-0.7588986425101185,0.6116008974883741,-0.9004776039553045,4.586403623663999,-25.606166960633853,47.14510300178339
1126,-0.3791155117012411,-0.0150139946613523,-0.041711472612653046,-0.80707786390056,0.6105037068058167,-0.8922361532962161,4.600435037641614,-25.59042974537785,47.154645997102435
1127,0.30754551328047186,0.0013660762986886766,0.06829094396871968,-0.8224123194714836,0.6055786011253761,-0.8841616490407208,4.6143061587846885,-25.57470662959153,47.164193304645785
1128,-0.27290245085186193,0.21472826377778872,0.15675099959696348,-0.8122782954042527,0.5971940721197714,-0.8762527970045253,4.628012792430012,-25.558997499557577,47.173744914893675
1129,0.2000645804491858,0.32843447287071265,0.20679339541985112,-0.7840112444067097,0.585676727377495,-0.8685072523926604,4.641550743914393,-25.54330224155867,47.1833008183264
1130,0.14165184957706517,0.279680651348457,0.21284869042167948,-0.744700378147296,0.5712823416911696,-0.8609192370124102,4.6549158185745965,-25.527620741877485,47.19286100542423
1131,0.519327672229562,-0.07005981311105132,0.18125375858301399,-0.699848462069193,0.5542292548172963,-0.853478812067776,4.668103821747428,-25.511952886796703,47.20242546666742
1132,-0.6503560582759498,-0.40327846808584783,0.11964833362781066,-0.6513745830804814,0.5347259647915378,-0.8461713776839818,4.681110558769649,-25.496298562599012,47.21199419253628
1133,0.5342436637016127,-0.008825343168611747,0.035938865659366624,-0.6001971747777125,0.5129799570216436,-0.8389813213583284,4.69393183497806,-25.480657655567093,47.22156717351107
1134,0.6973275940198468,0.35843988806975446,-0.05834070125844862,-0.5474102709562385,0.489198716915273,-0.8318930305880665,4.706563455709455,-25.465030051983625,47.231144400072054
1135,-0.6845500558681429,0.17973585454559493,-0.14965543821138383,-0.49454064834459366,0.46358972988020086,-0.8248908928705124,4.719001226300616,-25.44941563813132,47.24072586269954
1136,0.11941069633878304,-0.000785659580163784,-0.221714739712067,-0.44304968633702907,0.4363604813241164,-0.8179592957029217,4.73124095208832,-25.433814300292827,47.25031155187379
1137,0.4193539747744808,-0.2390222804561567,-0.25843348622917034,-0.3934880098949243,0.4077184566547292,-0.8110826265825652,4.743278438409362,-25.418225924750818,47.259901458075056
1138,0.21049862134377198,-0.2736380779538702,-0.24708304840197606,-0.34535802785711933,0.3778711412797688,-0.8042452730067491,4.755109490600534,-25.40265039778802,47.26949557178366
1139,-0.2511386180375889,-0.041822468477391454,-0.18690153958412514,-0.2984679638264996,0.3470260206069647,-0.7974316224727439,4.766729913998612,-25.38708760568707,47.279093883479845
1140,0.11928591426625305,0.07487433904182315,-0.09098425253537044,-0.25323498119250076,0.3153905800440063,-0.7906260624778055,4.778135513940389,-25.371537434730673,47.28869638364388
1141,-0.031941062268411806,0.21649853511796247,0.024659567294229325,-0.21020175194036414,0.2831723049986181,-0.783812980519245,4.789322095762653,-25.355999771201507,47.29830306275607
1142,-0.05045264419857552,0.06712426282433523,0.14191253792881767,-0.1699109480553762,0.2505786808785297,-0.776976764094328,4.800285464802181,-25.340474501382257,47.30791391129667
1143,-0.08456742806000914,-0.11811128876511279,0.23427973137067937,-0.13290524152281855,0.2178171930914455,-0.7701018007003206,4.81102142639577,-25.324961511555593,47.31752891974596
1144,0.183935298901879,-0.1527830278897947,0.2774390076450839,-0.09971703704853595,0.18508505976567352,-0.7631724778345235,4.821525785880205,-25.30946068800421,47.32714807858422
1145,-0.19672901856226874,-0.0791490411243102,0.2657933562394605,-0.07086124791058006,0.1525253244786999,-0.7561731829942127,4.831794348592276,-25.2939719170108,47.336771378291736
1146,-0.05115471448528011,0.07079356946753482,0.2062374217484585,-0.046725964193619046,0.1202113467800512,-0.7490883036766488,4.841822919868748,-25.27849508485802,47.34639880934877
1147,0.2554295458714767,0.08839613294631585,0.10213058897212932,-0.026837030588763845,0.08817540072450482,-0.7419022273791228,4.851607296908006,-25.263030069690142,47.3560303622356
1148,-0.18753593186929435,0.038896766351069686,-0.04209681337696922,-0.01033999954675178,0.056442765351389486,-0.7345993415989308,4.861143244354732,-25.24757671709775,47.36566602743251
1149,0.0022128377316400507,-0.10883815412199578,-0.188508751951795,0.003669480271709564,0.025031172301810727,-0.7271640338333234,4.870426486404418,-25.232134832222226,47.37530579541976
1150,0.007297455728119849,0.02517911125637665,-0.26064817255297784,0.016125949798880913,-0.006071836376043951,-0.7195806915795915,4.879452593697286,-25.216704066649683,47.384949656677634
1151,-0.16308708589893176,0.05306105578263025,-0.24091270848990035,0.028124876237472004,-0.03688310188996533,-0.711833702335026,4.888217007313403,-25.201283942406103,47.39459760168642
1152,0.023742064477816873,0.14036188369939598,-0.18927307030570756,0.04139257686257974,-0.06740680887898581,-0.7039074535968877,4.896715144020466,-25.18587395720507,47.40424962092639
1153,0.22918573069790527,0.044102791286491035,-0.10616749647284189,0.057934768486954426,-0.09764397783985766,-0.6957863328624625,4.904942420586175,-25.170473608760165,47.4139057048778
1154,-0.2388921164703142,-0.09539061403760886,0.007954152557391226,0.08000123183478332,-0.12759562926939352,-0.6874547276290415,4.91289425377825,-25.15508239478502,47.423565844020956
1155,0.17318217536342176,-0.10245562852195192,0.14143855604725336,0.10989448010661483,-0.15725883380873243,-0.6788970253938801,4.92056606036437,-25.139699812993207,47.43323002883611
1156,0.15249341768484723,-0.06282612951280854,0.24061781526078677,0.1498724992669057,-0.1865861348629167,-0.6700976136542796,4.92795325711226,-25.124325361098336,47.44289824980354
1157,-0.18413022649935396,0.09999400437071652,0.22994152116049035,0.20198357422355606,-0.21541121472704639,-0.6610408799075105,4.935051260789614,-25.108958536814,47.45257049740354
1158,-0.1568400706557945,0.05961542632521804,0.07496750943728189,0.2670039620001522,-0.24353902788269832,-0.6517112116508439,4.941855488164129,-25.0935988378538,47.46224676211636
1159,0.2478979927256151,0.01035165539923156,-0.1295240699630986,0.34209931853674436,-0.2707745288113991,-0.6420929963815656,4.94836135600352,-25.078245761931353,47.47192703442231
1160,-0.2519633089138141,-0.09732720791717754,-0.24842934145887774,0.4235363727646625,-0.29692267199471545,-0.6321706215969665,4.954564273318407,-25.062898799003154,47.48161130480164
1161,0.21417934675068132,0.030144544828029557,-0.19189662383746411,0.5070878451389362,-0.3217884119141841,-0.6219284747943022,4.960459610433648,-25.047557400339965,47.49129956373462
1162,0.12077676417763943,-0.03871108592149701,0.0028132230247909875,0.5868352230781874,-0.3451767030513617,-0.611350943470869,4.966042699287281,-25.032220978825727,47.50099180170156
1163,0.003111714336111308,0.08161309516421954,0.19104023943264817,0.6564419324230737,-0.36689249988779,-0.6004224151239476,4.97130886415988,-25.016888939686897,47.5106880091827
1164,-0.0812620479044742,-0.02782635831307918,0.2803041235187549,0.7095713990142279,-0.3867407569050307,-0.5891272772507987,4.9762534219270975,-25.00156068074504,47.520388176658344
1165,-0.11788748990668863,0.05365897067430793,0.22096369937918703,0.7405127815348832,-0.40452642858461535,-0.5774499173487233,4.98087165247577,-24.986235562832857,47.53009229460874
1166,0.13881505148893844,-0.029163071046970003,0.0451622664116019,0.7465759157769368,-0.4200618532851788,-0.5653745517691428,4.985158761774616,-24.970912872864993,47.539800353514195
1167,0.05147431934775633,-0.06518702104245001,-0.15101143637062373,0.7277941555400417,-0.43321588717530835,-0.5528845321906803,4.989109792974418,-24.955591734938135,47.549512343854985
1168,-0.1386872622666018,0.01013595842674597,-0.2740162592638192,0.6848524830576004,-0.4439995709357505,-0.5399621212065644,4.992719722983604,-24.940271206906562,47.559228256111346
1169,0.14153618495009873,0.0377537885942373,-0.3088039877107316,0.6186818115871745,-0.4525605185918917,-0.5265885416784511,4.995983521409138,-24.924950339323154,47.56894808076358
1170,-0.10442388639968748,0.11170526578009145,-0.284246260735433,0.5308512764875754,-0.4590820571098301,-0.5127441214318847,4.998896157858034,-24.90962818274084,47.57867180829197
1171,0.0032575114866612606,0.011741276284250661,-0.2223118818048337,0.42392358839491767,-0.4637513599299916,-0.49840737783259026,5.001452592410603,-24.894303778185805,47.58839942917678
1172,0.048214032307333655,-0.0891337854630822,-0.13317637167949126,0.3016060012131714,-0.4667563626687347,-0.48355606607039087,5.003647727938989,-24.878976109476096,47.598130933898304
1173,0.020188289914339266,-0.0919945551316523,-0.019674674482157234,0.16823526215458792,-0.46828543207647066,-0.46816751020102654,5.005476365890011,-24.863644059004415,47.607866312936785
1174,-0.12985426407784242,-0.12266802754676027,0.12796872834813067,0.029067177140791656,-0.46852687542763205,-0.4522190937562057,5.0069332165378295,-24.84830641799085,47.617605556772546
1175,0.2763885012426539,-0.1347571129903954,0.2595836294867438,-0.11025748586166366,-0.4676687759045035,-0.43568842435982535,5.0080129065430885,-24.832961894041915,47.62734865588582
1176,-0.26252865251550944,0.12041346555272116,0.313000269140673,-0.24462922441195173,-0.4658990540680029,-0.4185532722571137,5.00870989822802,-24.817609030425732,47.63709560075689
1177,-0.32760560773399083,0.24295187581607194,0.2562843688764669,-0.37105226415664505,-0.4634058102678899,-0.4007912279044825,5.009018432434159,-24.802246148929747,47.646846381866055
1178,0.45616305439841603,0.05260920980596729,0.09156575442308662,-0.48624316037045945,-0.46037640124593293,-0.3823806253663146,5.008932617806812,-24.78687143914516,47.65660098969358
1179,-0.43076724260722427,-0.2047214954121269,-0.11122962610636367,-0.5863065404712425,-0.4569973367053524,-0.3633006457455458,5.008446513806221,-24.771483041478103,47.666359414719736
1180,-0.3588836499136542,-0.2532628345993637,-0.27122323431757955,-0.6672414156576342,-0.453454839261062,-0.3435307572334188,5.007554172700736,-24.75607908914282,47.676121647424786
1181,0.34614638297991884,-0.026445749313789936,-0.34314788668289875,-0.7250404054655026,-0.44994056844551983,-0.323051382766398,5.006249646758741,-24.74065771535359,47.68588767828904
1182,-0.2055047417135537,0.20904139839405195,-0.34398158198661755,-0.7560020544204724,-0.44667492262036507,-0.30184553036971745,5.004526988248606,-24.725217053324688,47.69565749779275
1183,-0.05341049420825445,0.18631851952059278,-0.2988108982771725,-0.7583649301403004,-0.4438889049946067,-0.2798994014847836,5.002380249438676,-24.70975523627036,47.70543109641621
1184,0.0491089552013591,-0.00913733014087997,-0.21853348806630013,-0.7332463950152185,-0.4417300007251442,-0.25720329108595935,4.999803482597344,-24.69427039740487,47.71520846463967
1185,0.008497747672106768,-0.21342258170871864,-0.13146172889495805,-0.6826463010824696,-0.44023144004765724,-0.23375535893220745,4.996790739992966,-24.67876066994249,47.72498959294343
1186,-0.054707887180475125,-0.1071686020981807,-0.06542233251954317,-0.6086300107429996,-0.4393925003611224,-0.2095650257018761,4.993336073893918,-24.663224187097484,47.73477447180776
1187,0.06700140648053748,0.07827215486231616,-0.024494050004662034,-0.5132628863977841,-0.4392092486941991,-0.1846449224435751,4.989433536568546,-24.64765908208408,47.744563091712905
1188,-0.08502964560720075,0.17222741940941624,-0.007186635873630647,-0.39869484095488106,-0.4396769330413321,-0.15900849924021462,4.985077180285246,-24.632063488116593,47.75435544313919
1189,0.17872946125057315,0.06737097617141205,-0.01286568359036849,-0.2677517817300066,-0.44078698067064703,-0.1326730269009334,4.98026105731236,-24.616435538409263,47.764151516566876
1190,-0.0791655780533336,-0.09655571468577383,-0.03934297981923288,-0.12490628857458855,-0.44252079900242025,-0.10566579608279478,4.974979219918274,-24.600773366176355,47.77395130247623
1191,-0.12423781422279241,-0.12179586412222952,-0.08295573497464315,0.023957899132654246,-0.444856051723249,-0.07801784117649112,4.96922572037135,-24.58507510463212,47.78375479134752
1192,0.1850020787817154,0.08916867356267782,-0.12563640082948047,0.17177854996741357,-0.4477689538494549,-0.04976164524302528,4.962994610939957,-24.56933888699085,47.79356197366105
1193,-0.13559358723230572,0.10376154091833713,-0.13340943047394424,0.3113169512058852,-0.45123394461657246,-0.02093146712415746,4.956279943892464,-24.55356284646678,47.803372839897065
1194,0.00046821766681884265,-0.09446841839763341,-0.09039154069659228,0.43666073459029725,-0.4552224993712099,0.008435470449405994,4.949075771497221,-24.537745116274163,47.81318738053586
1195,0.11612712937006023,-0.08141837569818403,0.00027741122991202977,0.5439200813581916,-0.45970149006281497,0.038297341349803275,4.941376146022634,-24.521883829627303,47.8230055860577
1196,-0.19422023870729813,0.008739573689324353,0.12080221267645505,0.6306784745937112,-0.46463212265620085,0.06860665346454801,4.933175119737035,-24.505977119740454,47.83282744694288
1197,0.23309975403166477,0.15283544658397324,0.2428337798051943,0.6947941292615926,-0.4699730166349569,0.09931332819992504,4.924466744908794,-24.49002311982784,47.84265295367165
1198,-0.151696063566567,0.09345261415624227,0.34572648617735774,0.7341252603265923,-0.4756773938146187,0.13036188929414516,4.915245073806299,-24.474019963103768,47.852482096724316
1199,-0.10586246925532532,-0.14853590014016396,0.4480166596707552,0.7465009655304178,-0.48166800937066645,0.16169551106842836,4.9055041586979105,-24.457965782782487,47.86231486658113
1200,-0.2946087644884803,-0.040246845125169,0.5641849241373567,0.7295971898635543,-0.48771446572736865,0.19325736784399963,4.895238051851984,-24.441858712078265,47.87215125372239
1201,-0.3972896704775255,0.09389098781461236,0.660068947854483,0.6810284289996399,-0.4934229490742595,0.224989084923153,4.884440805536897,-24.42569688420534,47.88199124862834
1202,0.6923757160810167,0.07321139978630073,0.6806223229504965,0.5999193418036441,-0.49841788041694446,0.2568262183731912,4.8731064720210195,-24.409478432377995,47.89183484177927
1203,-0.7906186161290056,-0.05150187761559225,0.5556690471597953,0.49039533565475824,-0.5023568090922138,0.28870328260456624,4.861229103572709,-24.393201489810505,47.90168202365548
1204,-0.23281123987856375,0.06023526802412977,0.25366346950786284,0.359788693411394,-0.5049024574135328,0.3205549188682517,4.848802752460352,-24.376864189717114,47.91153278473722
1205,0.3029748114947482,0.12153450591957465,-0.133812567661845,0.2159611083816903,-0.5057175476943521,0.35231576841520595,4.8358214709523075,-24.3604646653121,47.92138711550477
1206,0.8300240165052895,0.13427611674461476,-0.4900533453175823,0.06677427387374561,-0.5044648022481166,0.38392047249641753,4.82227931131692,-24.344001049809698,47.93124500643841
1207,-0.5347883314128569,0.052609313374466296,-0.7142128915486418,-0.07991011680432632,-0.5008069433882922,0.4153036723628499,4.808170325822587,-24.327471476424204,47.94110644801842
1208,-0.5171829111506482,-0.2593564545028811,-0.7223730606271233,-0.2166668086493507,-0.49440669509625057,0.44640001093338283,4.793488566737674,-24.31087407836987,47.95097143072507
1209,-0.5175001455200153,0.03815490201581589,-0.4695778899550802,-0.3381552588224914,-0.48492691828398427,0.47714426805754223,4.778228086330539,-24.29420698886097,47.96083994503864
1210,0.43164469775108666,0.306952509130369,-0.05883733523207604,-0.44082719856792163,-0.47203122862715946,0.5074719783484871,4.762382936869549,-24.277468341111735,47.97071198143941
1211,-0.27170007907030364,0.04513392875348834,0.37022560107894126,-0.5214733180743673,-0.45538465700220115,0.5373200916201908,4.745947170623076,-24.260656268336444,47.980587530407625
1212,0.15654101452010255,-0.3416207220471914,0.674378173122848,-0.576902831349675,-0.43463547065545155,0.5666273178756491,4.728914839859481,-24.24376890374936,47.99046658242359
1213,-0.17976392929390894,-0.10325737643416916,0.7262898121637943,-0.604058649476167,-0.40936773030568385,0.5953331290961709,4.711279996847135,-24.22680438056476,48.000349127967596
1214,0.18921819267789108,0.3595307026542933,0.545023493916942,-0.6013649810894638,-0.3792955261189884,0.6233770985819284,4.6930366938544195,-24.209760831996913,48.010235157519894
1215,-0.21069217492301193,0.33309931089466494,0.20201976822921502,-0.572168404773827,-0.3446245525105879,0.6506987996331497,4.67417898314968,-24.19263639126006,48.02012466156077
1216,0.29912445042475067,-0.08806560542049573,-0.19087369214111125,-0.5209010735700348,-0.3058112408464626,0.6772378055500273,4.654700917001285,-24.17542919156844,48.03001763057048
1217,-0.42658020940336744,-0.34122295527100227,-0.5061965985174937,-0.45196044249723283,-0.26334672051425007,0.7029336896327593,4.634596547677638,-24.158137366136376,48.03991405502933
1218,0.4439168662578858,0.007609476212492922,-0.6444365245236735,-0.3700085269132185,-0.21772212090160273,0.727726025181573,4.613859927447052,-24.14075904817809,48.04981392541758
1219,0.34735012189312714,0.17648674454792804,-0.6245260208031806,-0.2803466296239585,-0.16942857139614798,0.7515543854966464,4.592485108577942,-24.12329237090787,48.05971723221551
1220,-0.09189883346519684,0.2555878068223555,-0.4966392187647463,-0.18680553878718373,-0.11895720138552834,0.7743583438782022,4.570466143338651,-24.10573546753994,48.06962396590339
1221,-0.39936017916708655,0.2025962667467869,-0.3091990994085347,-0.0925600512106744,-0.06679914025737116,0.7960774736264332,4.547797083997554,-24.088086471288612,48.079534116961504
1222,-0.39615873791608763,0.1397958765514123,-0.09969340826121818,-0.0007257043413421755,-0.013445517399333985,0.816651348041552,4.524471982823008,-24.07034351536812,48.08944767587013
1223,0.1480460734815681,-0.07852739060013686,0.10092248231980477,0.08558196437385095,0.040612537800955785,0.8360195404237615,4.500484892083403,-24.052504732992745,48.09936463310954
1224,0.43217610734572454,-0.13892628545439992,0.26395065476121743,0.16324741748798322,0.09488389595585066,0.8541216240732593,4.475829864047086,-24.034568257376716,48.109284979159995
1225,-0.1429404907450842,-0.021179162878010162,0.38201250235110207,0.22915511755411275,0.14887742767771822,0.8708971722902632,4.45050095098243,-24.016532221734337,48.1192087045018
1226,-0.3508849301348751,0.08268968293676228,0.4443847126257404,0.2801895271253178,0.2021020035789311,0.8862857583749508,4.424492205157813,-23.998394759279844,48.129135799615206
1227,0.41292762541088196,-0.03643762519345963,0.4389450274047063,0.31356159188390836,0.25406649427181666,0.90022695562756,4.397797678841593,-23.98015400322751,48.139066254980506
1228,-0.38688202656391457,-0.03135276926860769,0.3756028184254645,0.32810057529621217,0.30426766617406803,0.9126603373482787,4.370411424302132,-23.9618080867916,48.14900006107796
1229,0.3350557237385131,-0.06150977705496024,0.29827913097454595,0.3246068451588565,0.352133041336439,0.9235248640288319,4.342328114582367,-23.943355151152463,48.158937208387876
1230,-0.05559795559888796,0.04614755717299698,0.17625070762403372,0.305844138266984,0.3969692837486354,0.9327568897154993,4.31354512507684,-23.92479343339659,48.16887768739049
1231,0.14056075475764435,-0.010079805462714687,-0.0007482469945914266,0.27525844745749123,0.43795593265193633,0.9402915347997328,4.284061337032124,-23.906121442807734,48.17882148856611
1232,-0.03133713353911086,-0.012907321228625358,-0.16773952286755456,0.23635689339429297,0.47425661914780565,0.9460634092698207,4.253876238396051,-23.887337784967656,48.18876860239498
1233,-0.04778581423082131,0.04461873910544813,-0.26778889008332374,0.19253942370915583,0.5051421473698502,0.950005161068414,4.22299128722609,-23.868441073522213,48.1987190193574
1234,0.0332636364678006,0.057304994769540395,-0.2904136518067559,0.14720639733916,0.5299384356959361,0.9520456510186396,4.191411728699289,-23.84942992211727,48.20867272993366
1235,-0.04519189177443041,0.061396319348456865,-0.2474696256920079,0.10361789882636,0.5480639711499664,0.9521078971766654,4.159148650759606,-23.830302944398614,48.218629724604
1236,-0.06446915508250724,-0.07195208874104407,-0.14040954452725493,0.06399068477376388,0.5589802562232368,0.9501132623779529,4.126215345139254,-23.811058754012112,48.228589993848715
1237,0.09659816148191351,-0.015751413501170295,0.0211712088611636,0.030263559411273493,0.5622376714978895,0.9459979108897011,4.092625337814758,-23.791695964603605,48.238553528148074
1238,-0.05852075368498014,0.03780688983903016,0.16453070708067694,0.004268212838351035,0.5574597934667734,0.9397558675340746,4.0583921547626485,-23.77221318981893,48.248520317982354
1239,0.0439552451549584,-0.0437875445313566,0.2070977718694209,-0.012416731804792155,0.5443165534645632,0.9314240733598441,4.023529321959438,-23.75260904330393,48.25849035383185
1240,-0.1055772764761225,0.08016997423981793,0.11746883663524592,-0.019454198586680342,0.5226902380869428,0.9210705732467338,3.98805036538168,-23.732882138704454,48.26846362617683
1241,-0.07229221503700552,-0.015518488860561827,-0.01275116326358519,-0.01841296930373453,0.49282728818635135,0.9087697014413977,3.951968811005896,-23.71303108966632,48.27844012549756
1242,0.15366163277888295,-0.0291952537823909,-0.11349510274399079,-0.011440629124366358,0.4552100434338244,0.8945957921904847,3.915298184808614,-23.693054509835363,48.2884198422743
1243,-0.14057423193081198,-0.00683341018939121,-0.1546297739806225,-0.0005839212490022766,0.410494390712921,0.8786231797406238,3.878052012766362,-23.67295101285744,48.29840276698736
1244,0.10480590390312437,0.005205860013151458,-0.14983336920289805,0.013510887552362195,0.35947102080149906,0.8609261983384737,3.840243820855686,-23.652719212378397,48.308388890117
1245,-0.07697183235954101,0.059340343183665635,-0.1270404425412126,0.0321852340590222,0.3029999002748671,0.8415791822306686,3.801887135053095,-23.632357722044063,48.3183782021435
1246,0.08644242043555468,0.009333168011913744,-0.11435746068775443,0.05657535735204821,0.2418490298423991,0.8206564656638422,3.762995481335136,-23.611865155500272,48.32837069354713
1247,-0.08884878804410627,0.008847232666691088,-0.10003733514085127,0.08426098118474763,0.1768369123552578,0.7982323828846284,3.7235823856783306,-23.59124012639286,48.33836635480816
1248,0.057943749715710834,-0.047453923965861754,-0.05686955360151562,0.11151008229832073,0.10894307531523123,0.7743812681397064,3.6836613740592123,-23.570481248367702,48.348365176406894
1249,-0.0014542231183161047,-0.062299977991140516,0.0186521862952039,0.1347139953717119,0.03918457755955657,0.7491774556756747,3.6432459724543187,-23.549587135070603,48.35836714882359
1250,-0.03839949655020871,0.028738264289656014,0.10609165103614972,0.15013039189208943,-0.03142165963817167,0.7226952797392177,3.6023497068401613,-23.528556400147412,48.36837226253852
1251,0.07293183709824744,0.027696648868109467,0.1702873355505827,0.15393887585639424,-0.1018427259315597,0.6950090745769388,3.5609861031932932,-23.507387657243964,48.37838050803196
1252,-0.02970653546689879,0.09528202058015815,0.17490431769020978,0.14280854982919552,-0.1709625703364801,0.6661931744355073,3.5191686874902266,-23.48607952000611,48.388391875784194
1253,-0.039550697946692866,-0.009688736598493732,0.1338559544686184,0.11595499143509988,-0.23758016482339644,0.636321913561552,3.4769109857075,-23.464630602079684,48.3984063562755
1254,0.08846356652349928,-0.08565414599201242,0.07551163344151135,0.07707591700702926,-0.30047754387900966,0.6054696262017218,3.434226523821644,-23.443039517110535,48.40842393998615
1255,-0.26186429981829784,-0.012265815640408892,0.01926717891091556,0.0313205113262184,-0.3584367878422061,0.5737106466026506,3.3911288278091876,-23.421304878744472,48.41844461739641
1256,-0.002397965802266423,0.023830844157968552,-0.03336169587157056,-0.015625016449079373,-0.4102399770519025,0.5411193090109924,3.347631423646663,-23.39942530062738,48.42846837898658
1257,0.3298497801509359,0.06234036584437864,-0.09204242701461907,-0.05809213094955259,-0.4546691918469651,0.5077699476733809,3.303747837310597,-23.377399396405053,48.4384952152369
1258,0.1800512733706717,-0.0414606585272345,-0.14412044173502098,-0.09049148906040436,-0.4905065125663104,0.47373689683645026,3.259491594777528,-23.355225779723366,48.448525116627685
1259,-0.33148971109363534,-0.06405612560235845,-0.1502376998061418,-0.1073081661309147,-0.51653401954882,0.4390944907468543,3.2148762220239675,-23.332903064228145,48.45855807363919
1260,-0.04125049168785459,-0.080657173188897,-0.09374502974711525,-0.10467857097222984,-0.5316652562680841,0.4039170636512369,3.1699152450264836,-23.31042986356524,48.4685940767517
1261,0.27644737341514947,0.041165312132490625,-0.0010103679231121664,-0.08490959823905113,-0.5354218374729187,0.36827860326086465,3.124622189761559,-23.287804791380456,48.47863311644547
1262,-0.23446901487742253,0.12382864879899126,0.08724157386048152,-0.053653711273448965,-0.5278614332177881,0.33225463262229854,3.0790105822057554,-23.26502646131967,48.488675183200804
1263,0.03252904892883425,0.000700507701889576,0.1273210644684585,-0.01676499137457112,-0.5094413759870724,0.2959350174576093,3.0330939483355963,-23.24209348702871,48.498720267497966
1264,0.15860676137773597,0.0346272037563991,0.09183301121568123,0.019618548075517748,-0.48076047838244906,0.25942526216569395,2.9868858141276133,-23.21900448215342,48.508768359817225
1265,-0.1542742877542008,0.02709405563921037,0.02558952189089863,0.04775490661009998,-0.4424619826335519,0.22283669038996962,2.940399705558329,-23.19575806033962,48.518819450638865
1266,0.14723235229209491,-0.09075250950586024,-0.017559882160857826,0.0598371127946414,-0.395209411110421,0.18628249387613136,2.8936491486042812,-23.172352835233184,48.52887353044318
1267,-0.1606603499541377,-0.027893211763864365,-0.009669317342726372,0.051396695655323225,-0.33984777659516796,0.14988312152808342,2.846647669242002,-23.148787420479938,48.538930589710425
1268,0.14577354595044173,0.06242255738049672,0.025535761778122123,0.027021705314100315,-0.27786314219234975,0.11377058912600234,2.79940879344802,-23.1250604297257,48.54899061892086
1269,-0.0006064871580539974,0.09048887303144032,0.04653837362516633,-0.0030131423948102556,-0.21131630938098486,0.07807951313991836,2.751946047198861,-23.101170476616318,48.559053608554784
1270,-0.034356787680392714,0.03468244421052656,0.02176399192641248,-0.02886842440498721,-0.1424420648572917,0.042944510039846555,2.7042729564710632,-23.07711617479766,48.56911954909248
1271,0.03856099008279122,0.0329056862191034,-0.054553880613307286,-0.044588223175763386,-0.07352010914846513,0.00850019629582217,2.6564030472411493,-23.05289613791553,48.5791884310142
1272,-0.04348945620559169,-0.11015587054161503,-0.10784090481276007,-0.04580809281267956,-0.006687974675315377,-0.025118811622144716,2.608349845485647,-23.028508979615783,48.589260244800236
1273,-0.00713354982721326,-0.05652190763550488,-0.07979160357745545,-0.03101704387738126,0.056733457593894546,-0.057777897244044016,2.5601268771811028,-23.003953313544272,48.59933498093088
1274,0.05855877204837933,-0.08369209604528781,0.03366452789097,-0.007258409091641476,0.11613710445383986,-0.0893424440998405,2.5117476683040296,-22.97922775334681,48.609412629886364
1275,-0.04228421428171442,0.13876800591225347,0.14737204537573584,0.01638259301566148,0.17105139138887596,-0.11967783571952913,2.4632257448309605,-22.954330912669246,48.619493182147
1276,-0.09840603006544653,0.03280038537976099,0.12615510459383936,0.032210284412830345,0.22099985553802892,-0.14864945563306964,2.4145746327384376,-22.929261405157437,48.62957662819306
1277,0.22927592228651122,0.05358370584399363,-0.022015083659400716,0.03834404950695198,0.26548112134181756,-0.17612268737045694,2.365807858002988,-22.904017844457215,48.63966295850481
1278,-0.2790408570156549,-0.028462945001565813,-0.1681460089684393,0.03544129950846961,0.304084932604638,-0.20196868707669915,2.3169389466011245,-22.878598844214405,48.64975216356253
1279,0.3009533163478199,-0.14381454982667377,-0.20679390296437775,0.024011195449192245,0.3369088718724682,-0.22608757115947434,2.2679814245094145,-22.853003018074862,48.65984423384649
1280,-0.30596498859436094,-0.013022460290910629,-0.11398246304271949,0.005377982670475992,0.36434163925221247,-0.2484087078516167,2.2189488177043506,-22.827228979684417,48.669939159836986
1281,0.30161877964794764,0.17963088402937097,0.0373059987098812,-0.015119921682925787,0.3868153529964268,-0.2688673351885428,2.1698546521624804,-22.801275342688903,48.68003693201426
1282,-0.24100884665849293,-0.04736219641028565,0.15643376736221257,-0.031135438430221395,0.4047621313576521,-0.28739869120564393,2.120712453860326,-22.775140720734186,48.690137540858636
1283,0.28730735219705406,-0.17926293182955083,0.17176826177953233,-0.03742873389190471,0.4186010675244938,-0.30393801393831654,2.07153574877443,-22.7488237274661,48.70024097685036
1284,-0.3879252384006774,0.09445667660326025,0.05627950751143768,-0.033292383046945165,0.42854208810006106,-0.31842296758769645,2.0223380628813197,-22.72232297653045,48.710347230469694
1285,0.43981640056764565,0.2204683830400567,-0.0820499116859719,-0.019555810481335072,0.43417645170488467,-0.3308076459266226,1.973132922157518,-22.69563708157309,48.72045629219692
1286,0.23511886182294128,0.009555791906581686,-0.1471499168830521,0.0027768016714932696,0.43504543727243844,-0.34108432464241906,1.923933852579557,-22.668764656239894,48.730568152512355
1287,-0.48270687341049046,-0.27807183739974217,-0.10605637688458727,0.03158580360829887,0.4308068851489819,-0.34929046890599225,1.8747543801239797,-22.641704314176675,48.74068280189623
1288,0.43913774905839337,-0.08223063926851433,0.03490904328705353,0.060469378743603405,0.4212457866935939,-0.35548491108099456,1.825608030767303,-22.61445466902928,48.750800230828844
1289,-0.35992849014834866,0.22872686040001147,0.15238493942973755,0.08200740089782983,0.4061257896124222,-0.3597309260246338,1.7765083304860547,-22.587014334443527,48.76092042979046
1290,0.2717951177322177,-0.018902859215863772,0.13498827788842804,0.09005687404772474,0.38502445828173604,-0.3620921391871014,1.7274688052567821,-22.559381924065278,48.77104338926135
1291,-0.18582613216793706,-0.17734800734952735,0.03653083336755385,0.08352193530138134,0.35763751762969703,-0.3626321760186089,1.6785029810559977,-22.531556051540367,48.781169099721815
1292,0.05344370676239457,-0.1700594772382814,-0.058624318135019185,0.06507673718709364,0.32419140839543836,-0.3614146619693377,1.6296243838602391,-22.503535330514655,48.79129755165213
1293,0.014945310327200517,-0.035859949488872285,-0.10064955119418692,0.037775740011083844,0.28533477228966814,-0.3585031532102246,1.5808464703667537,-22.475318374633932,48.80142873553251
1294,-0.07995171015437952,-0.011103714198348276,-0.07887820412461809,0.005258852352497807,0.24179444046502235,-0.35396084356214214,1.5321823349227355,-22.446903797544085,48.811562641843324
1295,0.005797070500140077,0.08624202661780309,-0.0492522413114079,-0.026287293083979868,0.1942972440741619,-0.34784964321083933,1.483643788240269,-22.418290212890923,48.82169926106478
1296,0.040918268458574665,0.07409942190750447,-0.025398125555930875,-0.05056310712612132,0.1435700142697228,-0.3402274545419611,1.4352386332313356,-22.389476234320302,48.83183858367718
1297,-0.02530499189954042,0.02257552090185654,-0.022398811651156172,-0.06255391710500752,0.09033958220436598,-0.33114968310223053,1.386972175968984,-22.36046047547807,48.8419806001608
1298,-0.08322679194319069,-0.016184766614155823,-0.02452135835334413,-0.060529875055959026,0.03540105289289925,-0.320671826069219,1.3388498141570964,-22.33124155001004,48.852125300995915
1299,-0.012280340596050238,0.009029498815878504,-0.0035791575431834235,-0.045531249998644024,-0.020120920657814467,-0.308850119106678,1.2908776839857756,-22.30181807156207,48.86227267666279
1300,0.049599395424104686,-0.05847685409725483,0.027760398264230796,-0.021640788531058323,-0.07479733868846661,-0.2957410995757098,1.24306222334244,-22.272188653780002,48.87242271764171
1301,-0.014532847768665098,0.046540384940029246,0.025596828925711492,0.005248501354942387,-0.12708493683242453,-0.2814013421948424,1.1954099074719533,-22.242351910309658,48.88257541441295
1302,-0.025532906165885445,-0.0474185243641702,-0.012510312619993563,0.028379152045152786,-0.17538150149155307,-0.26588742168261864,1.1479272116191743,-22.21230645479692,48.89273075745681
1303,0.08582136147601789,-0.11219191071973446,-0.03857665656326772,0.040965904507535525,-0.21822123333791113,-0.2492559127575312,1.1006206110289165,-22.182050900887557,48.90288873725353
1304,-0.09490106349604369,0.05767457027473062,-0.010317421406043754,0.03871867833185957,-0.25457343656838644,-0.23156339013811797,1.0534965809460792,-22.15158386222747,48.91304934428339
1305,0.0832868201973789,0.08002279952653232,0.05082043907083676,0.023808154069236784,-0.28394199750078597,-0.21286642854289173,1.006561596615491,-22.12090395246247,48.92321256902667
1306,0.042007540067608415,0.15275793995399486,0.10177914868213433,-0.0003302522042546944,-0.3061835238163403,-0.1932216026903803,0.9598221332819805,-22.090009785238404,48.933378401963665
1307,-0.10743052190600945,0.06514372718741293,0.1187974908008187,-0.030538374772026554,-0.32121497635314267,-0.17268887052100926,0.9132846661904418,-22.05889997420113,48.94354683357464
1308,0.1394426147267866,-0.00606798691676878,0.10808559518736216,-0.06427910900200694,-0.3289352654236252,-0.1513462405008604,0.8669556705856986,-22.027573132996437,48.95371785433985
1309,-0.058999624758093436,-0.144026696221623,0.08184888262940547,-0.09901274039543301,-0.3292149793976011,-0.12930004303864454,0.8208416217126095,-21.996027875270244,48.963891454739624
1310,0.023033941851103714,-0.2094827455287635,0.05275865072705256,-0.13246236036125283,-0.3219126971626766,-0.10668859492734653,0.7749489948160136,-21.964262814668306,48.97406762525418
1311,-0.18407245934461866,-0.037127647424692316,0.03208157345581815,-0.16146364975069147,-0.30701480818322907,-0.08365706542066145,0.7292842651407745,-21.93227656483652,48.98424635636382
1312,0.14976547641725704,0.006561474807896284,0.011492154535876823,-0.18086495497680824,-0.2848173379987563,-0.06035061984532808,0.683853907931746,-21.90006773942071,48.99442763854883
1313,0.11783922407514522,0.15825080416997273,-0.0337979698457803,-0.185007834431862,-0.25601070909588747,-0.03691442352811539,0.638664398433762,-21.867634952066698,49.00461146228946
1314,-0.2204773250207615,0.16452816082156113,-0.11255784516787677,-0.1699294514254846,-0.2216131109490017,-0.01349364179578231,0.5937222118916812,-21.834976816420347,49.01479781806601
1315,0.2339673549611902,-0.023160784870946936,-0.2053070184746111,-0.13437888298318243,-0.18281580243896997,0.009766560024897173,0.5490338235503776,-21.802091946127486,49.02498669635874
1316,-0.2123868498414506,-0.06052335554809822,-0.261199412044031,-0.07857290803641505,-0.14084333260583473,0.032721016607194314,0.5046057086546596,-21.768978954833962,49.03517808764794
1317,-0.017216707389435915,-0.09095334638366867,-0.2240339884415573,-0.006278992022367281,-0.09692139706497022,0.05522456262432003,0.46044435851231674,-21.735636472248515,49.045371982413876
1318,0.024309202957320624,0.050472743585495486,-0.08170451442317492,0.07200471907454854,-0.052275691431735584,0.07713203274951541,0.41655636092992604,-21.70206322457872,49.05556837113683
1319,0.28402232462227245,0.0890442319088192,0.10240327723106145,0.14390620592436815,-0.008131911321540272,0.09829826165603661,0.37294856201935944,-21.668258196337444,49.06576724429707
1320,-0.3050901662242158,-0.07153195130609132,0.23541302605228986,0.19697073158083447,0.0342842476502616,0.11857808401710461,0.32962829315397574,-21.634220857299038,49.07596859237488
1321,0.3106139785886711,0.01961418349911974,0.22479174310001065,0.2205820561181297,0.07374708986826059,0.1378263345059806,0.28660299896071106,-21.59995079049142,49.08617240585053
1322,-0.007303532924816144,0.0684354616722202,0.10615323957671056,0.21288451386428833,0.10912124968742082,0.15589784779588559,0.24388012406650167,-21.565447578942518,49.09637867520431
1323,0.08412811515727775,-0.08950433869622883,-0.0337348955565215,0.17938806708479085,0.13973189511609865,0.17264745856006566,0.20146711309828377,-21.530710805680243,49.10658739091648
1324,-0.29415741074580054,-0.048074388621689425,-0.10813189087245587,0.12657232840594512,0.16543145994447822,0.1879300014717468,0.15937141068299354,-21.495740053732533,49.11679854346731
1325,0.25780300939078915,0.034810638169324504,-0.1052746127009942,0.06064738588850087,0.18633558939084505,0.20160031120419528,0.11760046144755716,-21.46053490612733,49.12701212333712
1326,0.12019128931902326,0.10435173656056423,-0.05741519314536271,-0.011550648754353632,0.2026147084569636,0.21351322243062196,0.07616171001891588,-21.425094945892493,49.13722812100611
1327,-0.21393865187526342,0.0899283016087163,-0.006605518828265532,-0.08043998956182936,0.2144429169097404,0.2235235698242881,0.03506260102400086,-21.38941975605602,49.14744652695464
1328,0.14366982667801934,0.08568131856975916,0.00508590878625409,-0.13638654771544484,0.22199431451610713,0.23148618805842466,-0.005689420910266749,-21.353508919645773,49.15766733166292
1329,0.014110759631384653,0.03178704951564378,-0.020113167092152703,-0.17292514966874017,0.22544300104298032,0.23725591180626776,-0.04608691115693063,-21.317362019689714,49.16789052561126
1330,-0.031036943121507857,-0.106516901424541,-0.04816152410744581,-0.19095031831996656,0.2249581837202209,0.24069246827812918,-0.08612242508906463,-21.28097863921576,49.17811609927993
1331,0.0677393829643525,-0.1021225899059722,-0.05041904717721291,-0.19580318141883027,0.22072090424764806,0.24168736747236672,-0.12578851807973254,-21.24435836125183,49.188344043149215
1332,-0.10258395413255668,0.04351688825146112,-0.026772113847784218,-0.19335151288897395,0.21299339410020382,0.2402014651461311,-0.16507774550200818,-21.20750076882585,49.19857434769938
1333,0.0856367205702403,0.03140287443395248,-0.004727552152908827,-0.18493035638979097,0.20192775143046812,0.23627266147997428,-0.20398365781690161,-21.17040544496572,49.20880700341068
1334,0.021201736232382147,0.02417415012175262,0.00339853408159335,-0.1699123230762779,0.18770751656194312,0.2299642522266434,-0.2425038942120733,-21.133071972699394,49.21904200076343
1335,-0.07666453296378907,-0.012669270882359725,0.010537682387391736,-0.14626187322053774,0.17057373418678928,0.2213432534885715,-0.28063838817917564,-21.09549993505478,49.22927933023789
1336,-0.07017542819977289,-0.06942183255119876,0.027059469716007003,-0.11224839649112385,0.15086651211317606,0.21048069514308793,-0.3183910869847021,-21.05768891505981,49.23951898231434
1337,0.11803551775259008,0.012563252802015408,0.028680261540443626,-0.07008118034324685,0.12899802734520738,0.19745026359663137,-0.3557685944242856,-21.019638495742395,49.249760947473035
1338,-0.09376637868225018,-0.052025876168916005,0.015968969982977723,-0.023903590030324988,0.10552178787261107,0.18232618221319377,-0.3927780512510974,-20.981348260130478,49.26000521619429
1339,0.10823027312334106,0.031038137612508624,-0.004757864405107898,0.021273691717953413,0.0810256981064857,0.1651827418468852,-0.42942666570843674,-20.94281779125197,49.27025177895834
1340,-0.1089542374813795,0.002599106053565948,-0.02682074447973519,0.060251672026739665,0.056097662457899634,0.14609532554804497,-0.46572273823583726,-20.904046672134783,49.280500626245484
1341,0.1079181008341825,0.011231703590443391,-0.027651206542590064,0.08795666494131867,0.031362727353329865,0.1251436383424809,-0.501678891248296,-20.865034485806856,49.290751748535996
1342,-0.05130776201990029,0.002937415320968835,-0.0007289865452258455,0.10117514089851903,0.007600233236399645,0.10240858662309545,-0.5373089485279047,-20.8257808152961,49.30100513631015
1343,-0.080035530630269,0.044361386021958424,0.04099167997542959,0.0987794736863338,-0.014416888397274175,0.07797156027560516,-0.5726272173495591,-20.786285243630456,49.31126078004824
1344,0.09487154810170567,0.016617072274640227,0.08245380080495536,0.08103998511900985,-0.03421966689055122,0.051914070058964146,-0.6076481258613824,-20.746547353837826,49.32151867023049
1345,0.029304468288452293,-0.06094222120982722,0.08619190523684976,0.049895113644619016,-0.051592858871757415,0.024317626732111398,-0.6423861022115331,-20.70656672894614,49.33177879733722
1346,-0.0850019323472891,0.07066438901492363,0.025461886397701132,0.011181586776076743,-0.06641229621264334,-0.004736258946024146,-0.6768555745481143,-20.666342951983342,49.34204115184871
1347,0.10521609475755506,-0.005749280899094161,-0.054354436555484414,-0.026739835651849633,-0.07856561268326388,-0.035166076216473316,-0.7110709710192793,-20.625875605977328,49.35230572424522
1348,0.0709606787474617,-0.11021571771522236,-0.09318850231753799,-0.055087213618586164,-0.08794044205364877,-0.06689031432032226,-0.7450467197731313,-20.585164273956046,49.36257250500704
1349,-0.19117564801984696,-0.045251877609726994,-0.05222545597124551,-0.06693083451593845,-0.09442441809384283,-0.09982746249860182,-0.7787972489578087,-20.5442085389474,49.372841484614405
1350,0.17223345568094167,0.12146822008339535,0.02323320300056376,-0.06289489913629968,-0.09791193034620535,-0.13389573212927466,-0.8123369867214546,-20.503007983979305,49.38311265354764
1351,-0.13378030346412437,0.09723207253698132,0.06395954478519858,-0.046196084771752556,-0.09834748276543581,-0.16901119531597084,-0.8456803612121924,-20.461562192079704,49.393386002287
1352,0.07926635714134597,-0.09336467567605179,0.040936445387789705,-0.020908684501424142,-0.09579450531481067,-0.2050839114949561,-0.8788418005781503,-20.419870746276505,49.403661521312756
1353,-0.0043778043801442805,-0.08121509637774121,-0.012468583963194857,0.006341488157843786,-0.09043580933438994,-0.24201443264247008,-0.9118357329674465,-20.37793322959766,49.4139392011052
1354,0.04124080708840511,0.0017101280299144676,-0.04189987209837016,0.02741850877722264,-0.08257185229986969,-0.27969094004262307,-0.9446765865282344,-20.335749225071048,49.4242190321446
1355,-0.16171574327967145,-0.09476589733931487,-0.013200605784436676,0.03651532157031591,-0.07264888297620282,-0.3179880919686729,-0.977378789408612,-20.293318315724637,49.43450100491123
1356,0.025795366273679572,0.01826962486232003,0.013955028965158673,0.0357518298343543,-0.061184546941006154,-0.35677555853682547,-1.009956769756738,-20.250640084586323,49.44478510988537
1357,-0.09274533522321284,0.15687417094572276,0.01624781752244356,0.02930663480451779,-0.048696853646784666,-0.3959187015452319,-1.0424249557207201,-20.207714114684038,49.4550713375473
1358,0.26547307150742316,0.013457425279982503,-0.004549834481270493,0.02053499506778657,-0.03565711727094347,-0.4352804539858657,-1.074797775448702,-20.164539989045696,49.46535967837728
1359,-0.26635226213242064,-0.13287559453545056,-0.013284614676615998,0.012272556747336733,-0.0224804311594387,-0.47472282931096726,-1.107089657088817,-20.121117290699228,49.475650122855605
1360,0.23999000840912077,0.0005060252695118206,0.01719044654537491,0.006749195134239319,-0.009509969029946308,-0.5141077363291044,-1.1393150287891627,-20.07744560267256,49.48594266146253
1361,-0.2046641498980361,0.080572967547591,0.050116005737921944,0.003116760493797361,0.0029321323161316895,-0.5532981741842355,-1.171488318697913,-20.03352450799362,49.496237284678365
1362,0.1865030650694393,0.03386102050998331,0.04441594106599435,-0.0007396061920370102,0.014564053075068074,-0.5921609118583198,-1.203623954963171,-19.989353589690296,49.506533982983335
1363,-0.20013049114753675,0.040660835813904235,0.005300249584434739,-0.00655873569812437,0.025128701320088324,-0.630564510206913,-1.2357363657330602,-19.94493243079056,49.51683274685776
1364,0.23744051272289418,-0.019697249525695487,-0.039131025942923586,-0.013627431806449016,0.03436318842379016,-0.6683809671754788,-1.2678399791557333,-19.900260614322313,49.527133566781906
1365,-0.2741880672923596,-0.05440210337260506,-0.06070600794456349,-0.019398034656197393,0.04202896834831423,-0.7054842416258593,-1.2999492233792889,-19.85533772331348,49.53743643323604
1366,0.2891901658078108,0.057986111155304304,-0.04792716099513736,-0.020873851756103175,0.04788156935780169,-0.7417563029262612,-1.3320785265518904,-19.810163340791977,49.54774133670045
1367,-0.2805765635165877,0.013836631183960708,-0.010191663380216574,-0.016715697045467503,0.05167612727781898,-0.7770977355675209,-1.3642423168216609,-19.764737049785737,49.55804826765541
1368,0.26609794173854606,0.009250291144361631,0.006541888617001185,-0.006570967580442462,0.053266437922866915,-0.8114293527641396,-1.3964550223367034,-19.71905843332266,49.56835721658117
1369,-0.26783831683073833,0.08608729961089504,-0.012141789531508893,0.009157725791454433,0.05262606104994383,-0.8447010083722046,-1.4287310712451766,-19.67312707443071,49.57866817395804
1370,0.2566159202152951,-0.08349178067398122,-0.03574253065923787,0.028742443803331637,0.049829089915809394,-0.8769068250345319,-1.4610848916951884,-19.626942556137784,49.58898113026629
1371,-0.02934959732998334,-0.11535235254662561,-0.037117079281553673,0.04956979190829088,0.04505496957496663,-0.9080664350045758,-1.4935309118348974,-19.5805044614718,49.59929607598618
1372,-0.381246444233782,-0.09325289801681932,-0.0035948522105253263,0.06807774315033269,0.038504803747117136,-0.9382054207612247,-1.5260835598123865,-19.53381237346071,49.609613001598
1373,-0.024481921516988067,0.09783460583346186,0.047975976684902166,0.08133308433622415,0.030379347378260715,-0.9673498513896553,-1.5587572637758242,-19.486865875132413,49.619931897582035
1374,0.455523654666642,0.17235482185680642,0.08109706139207841,0.08662419481585078,0.020904310213277485,-0.9955257959750148,-1.591566451873334,-19.43966454951482,49.630252754418514
1375,-0.28741903765642224,-0.025049049091944536,0.06884964318208174,0.08216280102452755,0.01037293544541226,-1.022759323602505,-1.6245255522530284,-19.39220797963589,49.64057556258777
1376,-0.42240144820566866,-0.16646113739112725,0.0304781377204936,0.06961716926153261,-0.000911789011410749,-1.0490765033573033,-1.6576489930630613,-19.344495748523517,49.650900312570066
1377,0.3770781363999714,-0.2304795299625139,-0.004736468861402688,0.05154389902422501,-0.012650985464179707,-1.0745038746372026,-1.6909507321389046,-19.296527439205654,49.66122699484566
1378,-0.31771841957641417,-0.05169722396952838,-0.016672530526418688,0.030890370575651756,-0.02454245753183798,-1.0990705249019583,-1.724442179254138,-19.248302634710186,49.67155559989483
1379,0.26257244887494735,0.05686413032744363,-0.0051692318811095185,0.010888263250516816,-0.03628043470175488,-1.1228091009315293,-1.7581312750713178,-19.19982091806506,49.681886118197866
1380,-0.2193023367694032,0.14260178102810306,0.006883672203506166,-0.00599413477898925,-0.047546774657937024,-1.1457549731818848,-1.7920239017802269,-19.151081872298196,49.692218540235025
1381,0.18802264577801467,0.16194570142146042,-0.0006455433266223506,-0.01769757706243935,-0.05802224150511226,-1.1679455592664019,-1.8261252020879915,-19.102085080437504,49.7025528564866
1382,-0.06267398623952747,0.0675917140379709,-0.024282160817016122,-0.02343845235514905,-0.0673971466816658,-1.1894192311260747,-1.860439668740471,-19.05283012551094,49.712889057432875
1383,0.09627990310254629,-0.05940176537898484,-0.05109229662627429,-0.025156469173904603,-0.07535303408521214,-1.2102153824543138,-1.8949714983915527,-19.0033165905464,49.7232271335541
1384,-0.12542461871071686,-0.11345657401133337,-0.06366385403605795,-0.025808433475765065,-0.08156823947504649,-1.230377009211891,-1.9297242878379328,-18.95354405857182,49.73356707533057
1385,-0.0055858191473760295,-0.12258460193929746,-0.04395863071617546,-0.02788667724821032,-0.0857295984716592,-1.2499499491927437,-1.9647014839119963,-18.903512112615093,49.74390887324255
1386,0.028897948763383616,-0.0575948336198665,0.006620976156115789,-0.032529418263356445,-0.0875353572034017,-1.2689849644529192,-1.9999065334460926,-18.8532203357042,49.75425251777033
1387,-0.18186820957832822,0.07625368905760539,0.0634275650822095,-0.04017964768260622,-0.08669532164887565,-1.2875248804845287,-2.035342883272652,-18.802668310867002,49.76459799939418
1388,0.11002960960405711,0.09520434504111057,0.0923407245149996,-0.05109519041187741,-0.08296139078016064,-1.3055938052070257,-2.071013980224004,-18.751855621131472,49.77494530859437
1389,0.29364653712300115,0.008925928763571227,0.0740299233452209,-0.0647749373749057,-0.0762159898639694,-1.3232007771860388,-2.1069232711325583,-18.700781849525494,49.78529443585118
1390,-0.32289323507956236,-0.003759281333828779,0.019260431048720526,-0.07892014683782173,-0.06646743781453911,-1.3403449197201456,-2.1430742028306753,-18.649446579077022,49.79564537164487
1391,0.2734310512877337,-0.08109006537137763,-0.039576411777800136,-0.0906268399334196,-0.053792757536768,-1.357023564380899,-2.1794701259292593,-18.59784939281397,49.80599810645576
1392,-0.07182982297785676,0.004073728854579555,-0.07784798177133473,-0.09700030489472039,-0.0384099424314598,-1.373234427625751,-2.2161140061532962,-18.545989873764253,49.816352630764094
1393,-0.04415909673609204,0.040153765969187155,-0.08008106469394737,-0.0960529164162306,-0.020717983077344578,-1.3889755128771843,-2.2530085222627414,-18.49386760495579,49.82670893505014
1394,-0.15304805071629474,-0.026495617917271178,-0.04294129555467563,-0.08746073992120877,-0.0012379596929921691,-1.4042457788860392,-2.2901553976891917,-18.441482169416517,49.83706700979419
1395,0.11527026273003328,0.04781115949992236,0.00755657616965172,-0.07211723906058014,0.019486085626228104,-1.4190451445641847,-2.3275553957032318,-18.388833150174346,49.847426845476505
1396,0.031215831287294875,-0.0029920220667845735,0.04876540596992739,-0.05117551839740249,0.04090080928572727,-1.433373909593348,-2.3652088988055877,-18.33592013025721,49.85778843257739
1397,-0.008448389890268571,-0.044991689617980876,0.07171376443423946,-0.025766766006681374,0.06243267534883633,-1.4472331273169694,-2.4031155358352354,-18.28274269269304,49.8681517615771
1398,-0.0735295572912387,-0.038576649975711017,0.07840203546759449,0.0028857118952941136,0.08350084416757463,-1.4606241313170907,-2.441274655392587,-18.22930042050976,49.87851682295592
1399,0.09203319848806238,0.0009026309930615142,0.07060816438493032,0.03287536315907027,0.10352379376981949,-1.4735486224679886,-2.4796852387858133,-18.17559289673526,49.88888360719412
1400,-0.04595782814363744,-0.03148748560390193,0.040462729538147335,0.06178475061850919,0.12192000218342311,-1.486008489715126,-2.5183460792518897,-18.12161970439749,49.89925210477197
1401,-0.01976937208854404,0.03556131840208228,-0.007856605793339848,0.08697642442990575,0.13810794743628793,-1.4980060069964,-2.5572555850353713,-18.06738042652438,49.90962230616976
1402,0.11246726750614419,0.08396712342633772,-0.0648706514609151,0.10576620987874563,0.15150610755625105,-1.509543544497747,-2.59641206813275,-18.012874646143818,49.91999420186775
1403,-0.06800140603248722,-0.021338744193642692,-0.1134830023521406,0.11546079437956319,0.16153383508187008,-1.5206234724051584,-2.635813840540467,-17.958101946283776,49.93036778234624
1404,0.08430297397236668,-0.08328418264592242,-0.1335488963621982,0.11389478664138786,0.16765270592573772,-1.531239301389705,-2.6754592142550035,-17.90306190997215,49.940743038085486
1405,-0.03873788089070858,0.0012243108938486042,-0.10905991879971484,0.10036268721488449,0.16953507180820793,-1.5413436082826186,-2.715346501272821,-17.847754120236857,49.95111995956577
1406,-0.051110987968650205,-0.015342049261738983,-0.04997790436354026,0.07629306766703932,0.16714767119003288,-1.5508562554341574,-2.7554739189905226,-17.792178160105827,49.96149853726736
1407,0.013232847405585993,-0.029814290618486044,0.02192475605538616,0.04397354645825728,0.16065971854624522,-1.5596824205052022,-2.795839306405357,-17.73633361260699,49.97187876167056
1408,0.05489922966200893,0.024848510619212404,0.08609878746829183,0.0059765111958860586,0.15029551664443824,-1.5677187101625623,-2.8364404079146293,-17.680220060768264,49.98226062325561
1409,0.008617015811836812,-0.011955838760261473,0.13526647605123177,-0.03488387873113568,0.1362863924727863,-1.5748622238139829,-2.8772749679157257,-17.62383708761756,49.99264411250281
1410,-0.0751209189398326,0.05945866132344712,0.14580911223347173,-0.07550467967295633,0.11887100976215331,-1.5810176771053217,-2.918340451310558,-17.56718427618282,50.00302921989242
1411,0.1185103910143108,0.009657360565615242,0.09848432708265513,-0.11237072863522626,0.09829060708598049,-1.5860937587232375,-2.9596329248028512,-17.510261209491986,50.01341593590474
1412,0.13101509778665943,0.02188849380522117,0.01421509048729585,-0.1414942730932555,0.07478766177764008,-1.5900017964755082,-3.0011470547351506,-17.453067470572915,50.02380425102001
1413,0.04090168121503385,-0.06892458417216046,-0.06497313025568305,-0.15866950560277468,0.04860698496029646,-1.5926557321762065,-3.0428772272334403,-17.395602642453607,50.034194155718545
1414,-0.21129447150971395,-0.09088417502219254,-0.11608732402461157,-0.1596859555045622,0.02002165057384565,-1.5939713635022619,-3.084817693329166,-17.337866308161942,50.044585640480605
1415,0.004325700796569484,-0.0727871045494143,-0.1243271333848252,-0.14098527070209918,-0.010519331626056467,-1.5938653419197069,-3.1269621636750893,-17.27985805072582,50.054978695786446
1416,0.12070188692196347,0.03866686812200675,-0.09734990742578024,-0.1020096884828463,-0.04224635025996456,-1.5922544539891852,-3.1693042138293364,-17.221577453173236,50.06537331211638
1417,-0.16941354588932486,0.08483715288306638,-0.05676363860961807,-0.04625799544309089,-0.07425444873820079,-1.5890554862713606,-3.211837419350072,-17.163024098532055,50.07576947995066
1418,0.1325814076758076,0.01714777342215141,-0.017722150330213533,0.020382677838254544,-0.10561936725929288,-1.5841846054906474,-3.2545553557954134,-17.10419756983022,50.08616718976957
1419,-0.01347040231683039,-0.04613594356163884,0.017685826190139187,0.09087704076781179,-0.1354192136373242,-1.577554690676382,-3.2974515987235042,-17.04509745009565,50.09656643205338
1420,-0.03319039656621758,-0.05405802763291337,0.05034482288667669,0.1579901666230969,-0.16273616494992088,-1.5690745515943425,-3.3405197236924824,-16.98572332235626,50.106967197282366
1421,-0.013271456262463661,0.03530698392526084,0.0712043341138712,0.214524134472018,-0.18664968662864545,-1.5586557096563756,-3.383753306260476,-16.92607476964,50.11736947593681
1422,-0.017772067759905055,-0.0045525097489581764,0.06665785812627605,0.2536396882253828,-0.20621630753116604,-1.5462326228482326,-3.4271459219856286,-16.866151374974766,50.127773258496994
1423,0.02752457641568886,0.007372053106723796,0.026132674440772247,0.26969513234551973,-0.22048834972124398,-1.5317707542160668,-3.470691146426078,-16.805952721388493,50.138178535443174
1424,0.0036459834994449374,-0.0037832394559413926,-0.023204955104020833,0.2586439205640856,-0.22876753676754086,-1.5152585229426128,-3.514382555139963,-16.74547839190911,50.14858529725565
1425,-0.017174792871242177,-0.06187125796088241,-0.037678392272469365,0.21844953080536034,-0.23108527522517358,-1.496691653640332,-3.5582137236854305,-16.684727969564516,50.158993534414684
1426,-0.005738774464677948,0.05806642461641272,-0.005243620083242021,0.15330209114139598,-0.22783732900753004,-1.4760727645996523,-3.60217822762059,-16.623701037382673,50.16940323740056
1427,0.020304500525944964,0.052276444369513765,0.005783350927556657,0.07339692066615812,-0.2194829516047027,-1.4534258406829366,-3.646269642503609,-16.562397178391464,50.17981439669354
1428,-0.027524059106689338,0.05945771019891526,-0.024925036036691432,-0.010659923853085711,-0.20649524231021835,-1.4287829321547003,-3.690481543892596,-16.500815975618842,50.19022700277391
1429,0.02067295181484597,-0.03845260287425222,-0.063722797105554,-0.0938472007867068,-0.18935419536459666,-1.4021726823672507,-3.7348075073457085,-16.438957012092718,50.200641046121945
1430,0.08319283291263552,0.0037496572486893105,-0.08719816129701362,-0.172573115205802,-0.16854698214418415,-1.3736197694701646,-3.7792411084210604,-16.376819870841015,50.21105651721792
1431,-0.03537737402597063,-0.10499585487167991,-0.05091373427508927,-0.24427061060742827,-0.14458990685686884,-1.3431458683365947,-3.8237759226768246,-16.314404134891657,50.22147340654212
1432,-0.1426697347001139,0.13783083944088773,0.022523415095438214,-0.3106305162842368,-0.11806861451575912,-1.3107621806673402,-3.8684055256711045,-16.25170938727257,50.2318917045748
1433,0.17848292495303464,0.19147814691559112,0.08005962651705004,-0.3744013424554752,-0.08960203374913639,-1.2764700200035841,-3.913123492962063,-16.18873521101167,50.24231140179626
1434,0.16313193172643622,0.20928577469326595,0.0754129135941136,-0.43707619797585884,-0.05981945265260216,-1.2402628688274004,-3.957923400107823,-16.125481189136906,50.252732488686775
1435,-0.2538516986287107,0.009385741268785415,0.012379162965093397,-0.4948380650464656,-0.029351737650701353,-1.202132631291924,-4.002798822666528,-16.06194690467614,50.26315495572659
1436,0.08720906441699978,-0.17377204795070308,-0.06874262322918331,-0.5414969430612403,0.001169285893483841,-1.1620702526117028,-4.047743336196307,-15.998131940657355,50.273578793396005
1437,0.25315217555039854,-0.3197210397496335,-0.12089073467983914,-0.570831153749279,0.03113599906379692,-1.120062842246995,-4.092750516255297,-15.934035880108468,50.284003992175315
1438,-0.3395898080208042,-0.3073417158117022,-0.10712940665697981,-0.5768800002137534,0.06007918333698247,-1.0760965507194808,-4.13781393840164,-15.869658306057385,50.29443054254477
1439,-0.3004349941748912,-0.0724104922325515,-0.03592791361053501,-0.5556557040131629,0.0876541773228567,-1.030157528550856,-4.1829271781934825,-15.80499880153201,50.30485843498464
1440,0.4994109419628737,0.16568724200592524,0.05303360495860643,-0.5065412833529727,0.11349452146239045,-0.982231926262786,-4.228083811188935,-15.740056949560323,50.31528765997522
1441,-0.578353489523411,0.35073927531011717,0.1147751946220398,-0.429685056934989,0.13722150902278332,-0.9323058943769562,-4.273277412946162,-15.674832333170183,50.325718207996765
1442,-0.3425885567811957,0.3422150309792363,0.10975861512011946,-0.32579991429102373,0.15845974677558364,-0.8803688969194513,-4.318501559023291,-15.609324535389558,50.33615006952958
1443,0.6908838300384943,0.17677392699907568,0.03135703661193689,-0.1987385080546649,0.1768511098875075,-0.8264276663114583,-4.363749824978446,-15.543533139246367,50.34658323505392
1444,-0.6897006124132093,-0.15974288090675617,-0.0759329801113871,-0.05671624603149103,0.19205810981921925,-0.7705095712681574,-4.409015786369778,-15.477457727768519,50.35701769505008
1445,0.4995888843548497,-0.3310373353536528,-0.15209147535305317,0.09037611156623852,0.20375348017744047,-0.7126522026507616,-4.454293018755428,-15.411097883983928,50.3674534399983
1446,0.5068581071895892,-0.22450836781681457,-0.14900577659734507,0.2340770622113554,0.21161753998768856,-0.6529007367392989,-4.499575097693533,-15.344453190920534,50.37789046037889
1447,-0.05133853127417443,-0.025758585555100993,-0.07144944742723817,0.368566389471189,0.2153404165952512,-0.5913101581335733,-4.544855598742201,-15.277523231606276,50.38832874667212
1448,-0.3408780724149686,-0.0038874288617200786,0.05015939344576141,0.48959671908925484,0.21461781433041185,-0.5279410284183494,-4.590128097459609,-15.21030758906903,50.39876828935825
1449,-0.11126635164701008,0.07648148859777698,0.16429257666159558,0.5931836948656538,0.2091301167268565,-0.46283858838180886,-4.635386169403873,-15.142805846336765,50.40920907891758
1450,0.22848312910113508,0.030635305403023165,0.2490188471293955,0.6753429606004923,0.1985336730804242,-0.3960240445743221,-4.6806233901331336,-15.075017586437381,50.41965110583036
1451,-0.19769564495311337,0.18360653989185935,0.289714082854117,0.7320901600938308,0.18247268731826993,-0.32750645817752,-4.72583333520552,-15.006942392398821,50.4300943605769
1452,0.051740882230443305,0.1037428807567116,0.2701869409104957,0.7600317469952309,0.1606411923440132,-0.25729304944616677,-4.77100958017919,-14.938579847248988,50.440538833637454
1453,0.1919205328487545,0.07088294888011294,0.1658788042856301,0.7586987918371475,0.1331006799191719,-0.1853910386350318,-4.816145700612263,-14.869929534015801,50.45098451549228
1454,-0.08443894283087465,-0.1708404805409699,0.016754124186429034,0.7304993501494597,0.10062850620321125,-0.1118076459988594,-4.861235272062886,-14.800991035727197,50.46143139662169
1455,-0.2179164339594088,-0.1665844399301382,-0.13560532876707737,0.6785655157758689,0.06424711666751827,-0.0365500917924239,-4.906271870089177,-14.731763935411095,50.471879467505936
1456,0.14699598803785177,-0.06202276882042634,-0.27524953729505264,0.6060684033161617,0.025001678751347695,0.040374403729535505,-4.9512490702493,-14.662247816095432,50.48232871862532
1457,0.12916768748398091,0.09606994715959523,-0.39848917377052745,0.5161723319469401,-0.016055844682830767,0.11895862031224942,-4.996160448101383,-14.592442260808108,50.49277914046009
1458,-0.18194812204019573,0.2388161087904385,-0.5001157462333637,0.4120391347101253,-0.05787100463787709,0.19919533770094852,-5.040999579203539,-14.522346852577057,50.503230723490525
1459,0.02897556115290646,0.2503363598358566,-0.5737927938134241,0.29683054220011,-0.0993892496691274,0.28107733564090864,-5.0857600391139455,-14.4519611744302,50.513683458196915
1460,0.12253805495167715,0.06865549988475228,-0.5923896835837836,0.17373766972146734,-0.13955605712480246,0.36459739387734036,-5.130435403390711,-14.381284809395456,50.52413733505952
1461,-0.08255356379351687,-0.12979894211145834,-0.5157473736811781,0.046412735317950725,-0.1773169043531783,0.4497482921554894,-5.175019247591974,-14.310317340500767,50.53459234455863
1462,0.11466383462338271,-0.28886983026315816,-0.30704884086172946,-0.08013568414121647,-0.2116172687024807,0.5365228102206064,-5.219505147275889,-14.239058350774043,50.54504847717453
1463,-0.2784475270706702,-0.12959162249200581,0.03116261332528688,-0.2007461862032839,-0.24140262752095562,0.6249137278179322,-5.263886678000577,-14.167507423243201,50.55550572338747
1464,0.29442722601992954,0.25322991544425755,0.4012100563696768,-0.3103038934807309,-0.2656196464632254,0.7149138246926974,-5.308157415324187,-14.095664140936167,50.56596407367775
1465,0.03403300138326147,0.23536136561252385,0.690414175344078,-0.40368270172368464,-0.28322621804624937,0.8065158805901627,-5.352310934804842,-14.023528086880885,50.57642351852564
1466,-0.2873679880038644,0.07854118686602478,0.828606475046107,-0.4757294238288296,-0.2932032406333918,0.8997085982484957,-5.39634081200069,-13.951098844105251,50.5868840484114
1467,0.1449998926102445,-0.1363019479018751,0.8045039081815529,-0.5218734827792593,-0.2945138362534707,0.9944564304345525,-5.440240622469865,-13.878375995637182,50.5973456538153
1468,0.03235974010037385,-0.09818354810497903,0.6536286228755207,-0.5408396718831541,-0.28610073421406335,1.0906903322837849,-5.484003941770505,-13.805359124504637,50.60780832521766
1469,0.11315515426946542,-0.206556606251788,0.43911739251291804,-0.5354372253530293,-0.2672204094751864,1.1883418003951516,-5.5276243454607314,-13.732047813735532,50.618272053098735
1470,-0.1287707368863316,-0.11889571598980224,0.12768120376691916,-0.508262812467895,-0.2382927686757561,1.2873410577705549,-5.571095409098705,-13.658441646357767,50.62873682793878
1471,0.12041014523828536,0.1369119009232585,-0.2435412791882084,-0.4612184692684295,-0.20043144650662398,1.3876174222254545,-5.614410708242563,-13.584540205399268,50.639202640218095
1472,-0.11363121642011216,0.2829216255038246,-0.5991968992836701,-0.3960977696227077,-0.1548585398312553,1.4891002115753613,-5.657563818450422,-13.51034307388797,50.64966948041695
1473,0.16340186245383687,0.11682277528821872,-0.8578506952266471,-0.31503572952153586,-0.10279614551304503,1.591718743635791,-5.700548315280438,-13.435849834851794,50.66013733901561
1474,-0.1946261570325444,-0.27091962458245034,-0.9288830702489888,-0.22169548482776577,-0.045466360415468504,1.6954023362222486,-5.743357774290732,-13.361060071318672,50.67060620649438
1475,0.18397347677365597,-0.28340009255364274,-0.7444049769952397,-0.12127436895062904,0.015908718598089417,1.8000803071502194,-5.785985771039442,-13.285973366316515,50.68107607333351
1476,-0.030075242567101458,-0.2462653517543933,-0.3506746543622412,-0.02130546627096013,0.08010699466416342,1.9056819742352245,-5.828425881084724,-13.21058930287323,50.69154693001326
1477,-0.13293411105760322,-0.022751036148690753,0.13106770904888546,0.07013478893282957,0.14590637091933345,2.012136655292764,-5.870671679984692,-13.13490746401678,50.70201876701395
1478,0.2466339239180429,0.24499409166903807,0.5610962046488033,0.14496996238232865,0.21208475050017944,2.1193736681383433,-5.912716743297523,-13.058927432775041,50.71249157481583
1479,-0.033293172152854864,0.24115816805702678,0.8065071120240681,0.19512361979915083,0.2774200365432562,2.2273223305874477,-5.954554646581288,-12.982648792175988,50.72296534389918
1480,-0.09880395525784488,0.05339863584153194,0.7934432175149841,0.214170035157987,0.34069013218513866,2.3359119604556127,-5.99617896539418,-12.906071125247509,50.73344006474428
1481,0.0531861057969009,-0.13437407130461743,0.5651826893712925,0.20312826605955178,0.4006666969990044,2.445071875558319,-6.037583275294314,-12.829194015017542,50.74391572783141
1482,-0.06784291083081129,-0.02909574709571597,0.23431226116278497,0.16819859890641203,0.4560822768592724,2.5547313937110574,-6.078761151839837,-12.752017044513996,50.754392323640836
1483,-0.09792241452074421,-0.034628725278338074,-0.0655733276176818,0.11709846428436091,0.5055822951038749,2.6648198327293775,-6.119706170588872,-12.674539796764817,50.76486984265284
1484,0.12926362168600247,0.07606152027940545,-0.3242722123435428,0.05782920252480797,0.5476768439743702,2.775266510428735,-6.160411907099557,-12.596761854797911,50.775348275347696
1485,0.07905811224071803,-0.10308560368103191,-0.4975142964902082,-0.001469844360729989,0.5807380140321493,2.886000744624681,-6.200871936930061,-12.518682801641187,50.785827612205665
1486,-0.12757136334142782,-0.028117420508606113,-0.4968941340183468,-0.05233008808225629,0.6030353650719844,2.9969518531326655,-6.241079835638467,-12.440302220322598,50.79630784370705
1487,0.08245610158522071,-0.04008129790289228,-0.3107780020694106,-0.08661926089454756,0.6128351767579527,3.1080471948445805,-6.2810291787829575,-12.361619693870052,50.806788960332106
1488,0.042106428889316566,0.1241461088484376,-0.0468209343461943,-0.10121195566150999,0.6086643785975054,3.2191933683444356,-6.320713541921646,-12.28263480531147,50.81727095256113
1489,-0.011229574084284698,0.14635294427822088,0.18548077179811442,-0.09484901790112128,0.58973019437007,3.33023450895209,-6.36012650061268,-12.203347137674799,50.827753810874384
1490,-0.1513549698854851,0.09455946248463586,0.29159257933981,-0.0673824454427978,0.5563983412852499,3.4409674108685513,-6.399261630414185,-12.123756273987944,50.83823752575216
1491,-0.08750759095044257,0.030037859104495364,0.25034333232667516,-0.020776252769090515,0.5099710850106577,3.5511837837661244,-6.438112506884302,-12.043861797278824,50.8487220876747
1492,0.22211399211463034,-0.04992751420777086,0.10926852648169327,0.03706699899587212,0.45192466697416933,3.6606818386756266,-6.47667270558118,-11.96366329057535,50.859207487122305
1493,0.13046356600406916,-0.0640691011548243,-0.053805144015545626,0.09281798832789225,0.38371994894791256,3.769275166283662,-6.514935802062946,-11.88316033690548,50.869693714575256
1494,-0.19008474499748318,-0.23346306283915177,-0.14711290025852297,0.1320984666592764,0.3068482932093185,3.8767810788975994,-6.552895371887745,-11.802352519297106,50.88018076051382
1495,-0.4269544502433149,-0.10097123904998455,-0.1211015016510022,0.14415944249906687,0.222966655594014,3.9830168888248223,-6.590544990613694,-11.72123942077817,50.890668615418264
1496,0.46297876529168236,0.1418770330542234,-0.027532694292817506,0.12765527416354186,0.1337592429603652,4.087803967229677,-6.6278782337989615,-11.639820624376588,50.90115726976887
1497,0.20316971783286714,0.2458832826329323,0.05561971863005641,0.08525253284866349,0.04042920402335349,4.190983220108127,-6.66488867700166,-11.55809571312028,50.91164671404594
1498,-0.40441230917269677,0.08265711655743611,0.06987503030662487,0.020981355360322747,-0.056017611036954996,4.29241364507267,-6.7015698957799295,-11.476064270037172,50.9221369387297
1499,-0.17644933028228177,-0.10130269662404569,0.03778549207327534,-0.0584473481573885,-0.15453358718186647,4.391960879718958,-6.737915465691926,-11.393725878155209,50.932627934300484
1500,0.2786036306366092,-0.13530407869254352,-0.0024961260708143817,-0.14438088514042763,-0.25403454596079167,4.48949139678748,-6.773918962295754,-11.311080120502272,50.943119691238515
1501,-0.028490954091112068,-0.20831258956096865,-0.032550277103299545,-0.22800754102561419,-0.35342196600597636,4.58487166901876,-6.809573961149572,-11.228126580106325,50.953612200024104
1502,-0.09968358196395748,-0.056537317970344,-0.05383751090548632,-0.30068138521060067,-0.4515949464336815,4.677968169153334,-6.844874037811522,-11.144864839995256,50.964105451137506
1503,0.05762301169420407,0.0327479365978966,-0.05095764330169359,-0.35410358444687773,-0.5474492744974779,4.768647369931661,-6.879812767839712,-11.061294483197019,50.97459943505902
1504,0.07509521363649156,0.029747612611876705,-0.04443668751992614,-0.38061313942512026,-0.639864066134705,4.856775744094322,-6.914383726792326,-10.977415092739484,50.98509414226887
1505,-0.10565189505938019,0.1954416890038051,-0.08326921178068024,-0.3747764712057825,-0.727746696709043,4.942219764381782,-6.9485804902274575,-10.893226251650658,50.995589563247414
1506,0.03885359574039573,0.192723771306262,-0.14647573277942688,-0.33464207639321775,-0.8102669732217911,5.024845903534571,-6.982396633703254,-10.80872754295841,51.00608568847487
1507,0.07310118096441989,0.07648195354985847,-0.19342605466875,-0.26048023097016254,-0.8870357091315606,5.104520634293198,-7.015825732777869,-10.723918549690671,51.01658250843153
1508,0.09008303752023186,-0.1741333277348801,-0.1928335694728413,-0.1556715161378657,-0.9579748492857211,5.181110429398197,-7.048861363009435,-10.638798854875352,51.02708001359767
1509,-0.004345472032023936,-0.2821692210905034,-0.1204707695975705,-0.02714642757208551,-1.0230629242549447,5.2544817615900445,-7.081497099956071,-10.553368041540415,51.03757819445357
1510,-0.23386812481878713,-0.04802584874745821,0.027012461091984515,0.1159340438850822,-1.0822784646099486,5.324501103609319,-7.113726519175945,-10.467625692713732,51.04807704147948
1511,0.24407140312636402,0.2215322728104526,0.18348574180148744,0.2640136974813485,-1.135600000921405,5.391034928196461,-7.1455431962271545,-10.381571391423279,51.058576545155724
1512,-0.09023767163339279,0.32921416155673733,0.2656122646824858,0.40753633246442456,-1.183008289131721,5.4539519334637365,-7.176940706667874,-10.29520472069695,51.06907669596255
1513,0.02251051363587043,0.22303607629823904,0.21434935804787117,0.538327724916612,-1.2244970312567252,5.513133763596772,-7.207912626056211,-10.208525263562636,51.07957748438021
1514,-0.053473771001714944,-0.017908802299553838,0.06917801641960002,0.6537086555222948,-1.2600900334233809,5.568492166892368,-7.238452529950317,-10.121532603048337,51.09007890088904
1515,0.14436600009531048,-0.3038065374542556,-0.1006389655157085,0.752151093106964,-1.2898684227617188,5.6199962126504,-7.268553993908343,-10.034226322181906,51.100580935969255
1516,-0.24919460083678138,-0.31395891140904447,-0.22859829452714014,0.8317831803825966,-1.313954875230831,5.667656518999751,-7.2982105934884105,-9.946606003991302,51.111083580101166
1517,0.2348565512026324,-0.0056822020644274615,-0.2748365319001962,0.891150857470514,-1.3324947366246436,5.711506373904172,-7.327415904248643,-9.858671231504445,51.121586823765035
1518,-0.08279789677166259,0.15066182314192073,-0.23926763503512666,0.9299524281298236,-1.3456381519298533,5.751583864520191,-7.356163501747184,-9.77042158774927,51.13209065744116
1519,-0.06347882957516876,0.15727554960793072,-0.13411470275585888,0.949632840289142,-1.3535313353354101,5.787925023455436,-7.384446961542191,-9.681856655753657,51.14259507160978
1520,0.08906976696399245,-0.09255195918147521,0.008908601047124536,0.9524190026423918,-1.3562758826172738,5.820566292131387,-7.412259859191793,-9.59297601854557,51.15310005675122
1521,-0.1113683161201233,-0.007286219301869985,0.1318363757705228,0.9408716319378344,-1.3538248774289114,5.849540831203875,-7.439595770254128,-9.503779259152909,51.16360560334571
1522,0.07035227311478791,-0.021995515173819057,0.23190069502762437,0.9175873579414565,-1.3461205723282064,5.874877687870696,-7.466447667722464,-9.414265960603615,51.17411170187354
1523,0.01989920450288325,0.044266020517659065,0.290380725245899,0.8845973201433817,-1.3331107385567063,5.896590945588316,-7.492806114330829,-9.324435705925612,51.184618342815014
1524,-0.1381471497014614,0.1170600752487351,0.2868643991709593,0.8420929198622403,-1.3147276163582762,5.914681003522556,-7.518661070248314,-9.23428807814681,51.195125516650364
1525,0.15702053922050005,0.13022071615207267,0.20801251789620243,0.7887012898179044,-1.2909040472114288,5.929140359621233,-7.5440019290612526,-9.143822660295113,51.20563321385988
1526,-0.15845773431740073,0.014967840870721616,0.05786321763760198,0.72297440910604,-1.2615922959037404,5.939957991105997,-7.568815818024592,-9.053039035398506,51.216141424923876
1527,-0.03762730211050391,-0.08142585827182831,-0.11646762294860559,0.6435239156616743,-1.2267494969736512,5.947122082809551,-7.593089072004361,-8.961936786484848,51.226650140322576
1528,-0.13904226833260916,-0.011665662770318561,-0.2523773790095701,0.5489614474198697,-1.1863327849595915,5.950619695583242,-7.61680690188521,-8.870515496582096,51.23715935053628
1529,0.44240634524362604,0.02413544214626941,-0.2836474040485025,0.43803575700616115,-1.1403078094012642,5.950436781444536,-7.639953409717928,-8.778774748718154,51.24766904604525
1530,0.19020075000033287,-0.0635935754094338,-0.1936615553878143,0.3102251422295342,-1.0886824476990695,5.946559071653964,-7.662512476796346,-8.686714125920963,51.2581792173298
1531,-0.4136462036916591,-0.13643751584770028,-0.023140834767997418,0.16589181254319607,-1.0315282149453229,5.938972297472017,-7.684467984414241,-8.594333211218464,51.268689854870175
1532,-0.6905846707553289,-0.051869769642399415,0.14637243286208199,0.005683419806396937,-0.9690291500725999,5.927662190159229,-7.705803813865486,-8.501631587638537,51.27920094914664
1533,0.7238675288964858,0.1428096028050182,0.21728746090558126,-0.16971836123696393,-0.9014605183327172,5.912614480976118,-7.726503846443892,-8.408608838209116,51.28971249063949
1534,-0.6577411142077257,0.024295225793388567,0.1287167683598053,-0.3583393200740817,-0.8291544214821406,5.893814901183178,-7.746551963443291,-8.315264545958149,51.30022446982901
1535,-0.3337327861249604,-0.06051924451174783,-0.02535632963469674,-0.552393826218757,-0.7524535326752106,5.871249182040945,-7.765932046157501,-8.221598293913525,51.31073687719545
1536,-0.05825140102918027,-0.04775576843632579,-0.13357568633146222,-0.7426317361823014,-0.6717005250662328,5.844903054809944,-7.7846279758803485,-8.127609665103204,51.32124970321912
1537,0.4085990292926265,0.024723180698113082,-0.1668799236478951,-0.919808494787322,-0.5872371042257049,5.814762250750668,-7.802623633905662,-8.03329824255507,51.33176293838025
1538,-0.0019157231149447324,-0.12805697785051523,-0.12948122142103663,-1.0756675356830714,-0.49940110538888366,5.780812501123654,-7.819902901527282,-7.938663609297084,51.34227657315917
1539,-0.11056458533260281,-0.026058930739637425,-0.0943533010545032,-1.206176541882284,-0.40852176782033256,5.7430395371893965,-7.836449660038997,-7.843705348357155,51.352790598036115
1540,-0.2517657680451638,0.030247681882950694,-0.06769056992585185,-1.309958958473066,-0.31489564564080674,5.701429090208424,-7.852247790734666,-7.748423042763191,51.36330500349137
1541,0.020241769521499482,0.08014607494351728,-0.05368666634350037,-1.3875874209173,-0.21880297819946629,5.655966891441266,-7.867281174908117,-7.652816275543124,51.37381978000522
1542,0.33823286663443675,0.13830955134512832,-0.03654078626438049,-1.4420409252990507,-0.12051597304445076,5.6066386721484065,-7.881533693853135,-7.556884629724898,51.384334918057945
1543,-0.1721114485243678,0.036994086929855716,0.01928549851843883,-1.4765505029566235,-0.02028128848751257,5.553430163590394,-7.894989228863598,-7.460627688336411,51.39485040812982
1544,0.011567968605252504,-0.2617529229374834,0.10138364248684081,-1.4928893455120564,0.08167401526751676,5.496327097027723,-7.907631661233295,-7.364045034405591,51.4053662407011
1545,-0.5132427663868679,0.08184798336118729,0.16386330948913488,-1.4922295552260147,0.18514505398054537,5.435314691746378,-7.91944487225607,-7.2671362509603705,51.41588240625208
1546,0.5210627511081404,0.3875999436575135,0.15066799752675902,-1.4756847227714491,0.28989268033622195,5.370376119134179,-7.930412743225743,-7.1699009210286535,51.42639889526303
1547,-0.48058084488892827,-0.18731669312692284,0.031221799890085004,-1.444372800853539,0.39549810407134006,5.301492519768256,-7.940519155436139,-7.0723386276383815,51.43691569821423
1548,0.4186766007230366,-0.5140991904086896,-0.11845679428308395,-1.3993444943253734,0.5013515374306261,5.228636479276094,-7.949747990181081,-6.9744489538174745,51.44743280558595
1549,-0.37876119946520587,-0.327081884916237,-0.21448559153293353,-1.3418743668518334,0.6067988035772647,5.1517686426787295,-7.9580831287544,-6.876231482593862,51.45795020785848
1550,0.3906901114156874,0.21434827031231254,-0.2487917359445264,-1.2735516234513338,0.7111861696098224,5.070845161991349,-7.965508452449931,-6.777685796995447,51.46846789551207
1551,-0.45071260222628634,0.47116382169230603,-0.23227597914227266,-1.1960238685951203,0.8138604059770209,4.9858216858789675,-7.972007764504889,-6.678811558106747,51.47898585902703
1552,-0.12521564650258393,0.5079959091577808,-0.17608328172206014,-1.1098499207821477,0.9141682831276071,4.896653863006628,-7.977564378671091,-6.579608916497736,51.489504088883606
1553,0.21315801781528088,0.29635020891773917,-0.08724795702930258,-1.014797127376782,1.0114565715103079,4.803297342039327,-7.982160821607104,-6.480078809831552,51.500022575562085
1554,0.7195343275135654,0.03209073108636673,0.03355438339829046,-0.9104987690140405,1.1050720415738948,4.7057077716420785,-7.985779442712461,-6.380222353030441,51.51054130954275
1555,-0.7434693396769936,-0.37130893629046235,0.18054710914679872,-0.7965881263288954,1.1943614637670548,4.603840800479921,-7.988402591386582,-6.280040661016735,51.52106028130589
1556,0.709928764994249,-0.28550185128379774,0.3299158648993891,-0.6726984799563892,1.2786716085385696,4.497652077217859,-7.990012617028956,-6.17953484871266,51.53157948133173
1557,-0.3022388077558243,-0.09680467814294756,0.4602590995511918,-0.5384631105314993,1.357349246337141,4.387098316406275,-7.990592934924404,-6.07870603104054,51.54209890010061
1558,-0.5304262139585341,0.2142925256941713,0.5528353619341935,-0.39351529868926804,1.4297433338059806,4.272139391615765,-7.9901322018432195,-5.977555426651832,51.552618528092744
1559,-0.14299498572586788,0.21638666421428615,0.5877236155363461,-0.23748832506467768,1.4952118525776779,4.152731544006288,-7.98862401017895,-5.876084711153568,51.56313835578847
1560,0.3669666133493906,0.06342065578045182,0.5448964488912449,-0.07052837823384508,1.5531173945092334,4.0288274861866205,-7.9860627210556325,-5.774295873095493,51.573658373668025
1561,-0.21102859844105454,-0.12351587401362661,0.42672734312907723,0.10506967151532182,1.6028288517396958,3.9003736304836,-7.982442428094103,-5.672191168530592,51.584178572211684
1562,-0.055092412290274964,-0.12858755434203142,0.24945195879170157,0.2860276387358549,1.643704483449861,3.767327022182232,-7.9777568420595655,-5.569773236367507,51.594698941899736
1563,-0.2948900304641347,0.03278380470979056,0.03285907001344807,0.46832481637243545,1.6750309297896784,3.6297163255984093,-7.971999224943934,-5.467045164288146,51.60521947321245
1564,0.35520164854017083,0.11432317587603927,-0.2162005828263884,0.6464434445364748,1.6960340170520136,3.487631018905112,-7.965162741852751,-5.364010136860787,51.61574015663011
1565,-0.357875244873769,-0.08366013223674107,-0.48786987169990387,0.8139560109177085,1.7059345010547362,3.3411656507502774,-7.957240557891443,-5.26067133865385,51.62626098263299
1566,-0.20179403833927073,-0.1453427230135113,-0.7530420209319735,0.9642867255869357,1.703958504033637,3.1904094033639665,-7.948225838165531,-5.157031954235612,51.63678194170136
1567,-0.05344782607414867,0.02436749638935689,-0.96265918449154,1.0908597986150512,1.6893172420981855,3.035466365102531,-7.938111747780457,-5.053095168174483,51.647303024315505
1568,0.25738898659921244,0.21479960512776733,-1.009467781729351,1.1875480302469772,1.6611621251259878,2.8765004305542208,-7.926891451841763,-4.948864165038752,51.657824220955696
1569,0.184428223119189,0.18572132352382703,-0.8023135182791602,1.2502384814962897,1.618789834441499,2.713690378447808,-7.9145581154548745,-4.844342129396777,51.66834552210221
1570,-0.268357336954819,-0.26477635198564925,-0.3605951448231852,1.2761535570667808,1.5621305204916884,2.547214987512099,-7.901104903725313,-4.7395322458169185,51.67886691823532
1571,0.2550483977454211,-0.3822666351209997,0.1775294306450182,1.2627013011017452,1.4913087499436726,2.3772530364758944,-7.886524981758578,-4.634437698867473,51.6893883998353
1572,-0.2288581903597844,-0.3340554839286722,0.6951547534059426,1.2069085544937117,1.4068302927153538,2.203983304067956,-7.870811514660092,-4.529061673116862,51.699909957382445
1573,-0.026921640633545203,0.09040075784740208,1.0708666762209584,1.1051726452804107,1.3098304315794134,2.0275845690170953,-7.85395766753539,-4.423407353133373,51.71043158135702
1574,0.26957891020581876,0.4897236920695529,1.1780493337406024,0.9552356487871889,1.2016580718807681,1.8482356100520678,-7.835956605489935,-4.317477923485344,51.720953262239284
1575,-0.34489084674910697,0.5705401708276004,0.9189240299880888,0.7622332028632905,1.0836813090292514,1.6661152059017053,-7.8168014936292325,-4.211276568741126,51.731474990509525
1576,0.15124355343698329,0.16257690729369714,0.3492279716031105,0.5375764078164526,0.957268238434778,1.481402135294774,-7.7964854970587405,-4.104806473469097,51.74199675664804
1577,0.40040530374449884,-0.25799944221084,-0.33376957911858873,0.2938556371040841,0.823786955507222,1.2942751769600649,-7.775001780883949,-3.9980708222375543,51.75251855113506
1578,-0.39686172943747156,-0.5306027785714941,-0.905339476083182,0.04366126418360969,0.6846055556564874,1.1049131096263647,-7.752343510210352,-3.891072799614869,51.76304036445091
1579,0.20214443640939764,-0.29037122564324025,-1.1771864663565152,-0.2004163374875613,0.5410921342924234,0.9134947120224594,-7.728503850143418,-3.783815590169379,51.77356218707584
1580,0.2993553735138868,0.1351185139631189,-1.1168789905382859,-0.42671411187285346,0.39461478682492424,0.7201987628771653,-7.703475965788656,-3.6763023784694333,51.78408400949013
1581,-0.11913343279075109,0.3753174848985955,-0.7692575088535946,-0.6274886436765374,0.24654160866388905,0.5252040409192188,-7.677253022251505,-3.5685363490833706,51.794605822174056
1582,0.03954407101982204,0.10397073581952214,-0.21807435422241817,-0.7971492171044594,0.09824069521919707,0.32868932487746105,-7.6498281846375,-3.4605206865794997,51.80512761560788
1583,-0.03968856484537629,-0.10729133700666316,0.35472125859987935,-0.9318510788228096,-0.04891985809926252,0.13083339348064837,-7.62119461805211,-3.35225857552621,51.81564938027191
1584,-0.1464993942730089,-0.2613637937461177,0.7966810732379996,-1.028133373348599,-0.19357195588162063,-0.06818497454241292,-7.5913454876008135,-3.24375320049183,51.8261711066464
1585,0.14589969083175136,-0.08008332144108382,1.0285349366630214,-1.0832304732423448,-0.3343449131262569,-0.26818700046293653,-7.56027395838907,-3.135007746044709,51.836692785211625
1586,-0.12332487347226356,0.20213028928159438,1.0843309849499705,-1.0975225487673586,-0.4698357606120904,-0.4689939055521413,-7.527973195522398,-3.0260253967531856,51.84721440644787
1587,0.40092088285532007,0.04742168548143021,1.0183992186703317,-1.0742267447325868,-0.5985783907368037,-0.670426911081236,-7.494436364106266,-2.9168093371856085,51.85773596083542
1588,-0.44612612441432076,-0.18131221143324125,0.857507859076165,-1.019772100904284,-0.7192282417009415,-0.8723072383214341,-7.459656629246175,-2.8073627519102864,51.86825743885452
1589,0.4257783248483127,0.09160865477301547,0.621956227432064,-0.9417426289259055,-0.8306073190258357,-1.0744561085439346,-7.4236271560475835,-2.697688825495619,51.87877883098548
1590,0.2800997537736394,0.16225920824345114,0.3185805191410662,-0.8478378513675968,-0.9315751623532621,-1.276694743019956,-7.386341109615985,-2.587790742509904,51.889300127708545
1591,-0.44702213756366777,0.15130891447592032,-0.05305178869264788,-0.745730504134629,-1.0210180979899104,-1.4788443630207222,-7.3477916550568585,-2.4776716875215112,51.89982131950402
1592,0.2232221489154692,-0.09510328269549788,-0.42151249530548546,-0.6430282280854333,-1.0978875472893104,-1.6807261898174217,-7.307971957475713,-2.3673348450987697,51.910342396852165
1593,0.3159282619538015,-0.25561269515345414,-0.6968852948808734,-0.5473315977748318,-1.161141997908586,-1.8821614446812784,-7.266875181978014,-2.2567833998100273,51.92086335023327
1594,-0.40573269888320274,-0.1084211799386274,-0.8077627872668804,-0.4662509354802727,-1.209730189782245,-2.0829713488834862,-7.224494493669238,-2.1460205362236437,51.93138417012759
1595,0.40854153465458776,0.2970901423042669,-0.7598483175913406,-0.4062052255942383,-1.242633790899602,-2.2829766933262854,-7.180823057654877,-2.0350494389079175,51.9419048470154
1596,-0.21682500579074884,0.3084205145706378,-0.5944902571038819,-0.3687958478152287,-1.2590128933227667,-2.481994550443368,-7.135854039040403,-1.923873292431248,51.95242537137701
1597,-0.27766732460373683,0.10748628912078764,-0.35838404366461946,-0.3542116777542669,-1.2582612703676537,-2.6798318221299056,-7.089580602931326,-1.8124952813619335,51.962945733692656
1598,-0.4271560640279258,-0.11995237316732386,-0.09474082418553004,-0.3620185776970775,-1.2403986909083946,-2.876284889754936,-7.04199591443311,-1.700918590268343,51.97346592444264
1599,0.6246030271981111,-0.22765695574401895,0.14968500524472703,-0.39094402103463566,-1.2062911920733013,-3.071142255328053,-6.993093138651254,-1.5891464037188157,51.98398593410724
1600,-0.6870779148151951,-0.32200427424096745,0.34533649586981113,-0.43903640393612076,-1.1574856758181578,-3.264190633253183,-6.942865440691237,-1.47718190628167,51.99450575316671
1601,0.7055126522720178,-0.1684544550825341,0.4688025619416871,-0.5034186594716514,-1.0959165338603312,-3.4552166697167177,-6.891305985658518,-1.3650282825253053,52.00502537210135
1602,-0.6643734177804864,0.24530895624809992,0.4805716620729953,-0.5784046555722814,-1.0235436597780345,-3.6440070109050895,-6.8384079386586265,-1.2526887170179999,52.01554478139142
1603,0.5728628267818988,0.2998530082591081,0.34331900332044674,-0.6551450143564134,-0.9422746333923772,-3.830348303004721,-6.784164464796986,-1.1401663943281632,52.02606397151721
1604,-0.4661090320241018,-0.08286107520359555,0.08001587095688244,-0.723613634718988,-0.8539546415639412,-4.014027192202015,-6.7285687291791465,-1.0274644990240538,52.03658293295896
1605,0.18716075270906118,-0.302350638282886,-0.17681997642829536,-0.7736825749359498,-0.7603787819909059,-4.194829340151989,-6.6716148814419345,-0.9145862156741008,52.047101656197
1606,0.02101467032100836,-0.06807042122366595,-0.2745887071179111,-0.795331601688524,-0.6632718634239497,-4.372534984400547,-6.613302495331383,-0.8015347288465928,52.05762013171157
1607,0.44330697592315604,-0.2306844264368918,-0.14639464136151645,-0.7813835142485012,-0.5641140136622536,-4.546917434027874,-6.5536380730591794,-0.6883132231098888,52.068138349982945
1608,-0.543164319382666,0.12330770881303325,0.03538189414292597,-0.7348457918495197,-0.46403279523164703,-4.717748512130609,-6.492629602820589,-0.5749248830323378,52.078656301491414
1609,0.6361903186119022,0.3434405762628618,0.1429834943973868,-0.6613972476641852,-0.3639338110282974,-4.884799341303717,-6.430285072810929,-0.4613728931822886,52.08917397671726
1610,0.06044861126354647,-0.0169418611602878,0.11027835552869783,-0.5666423836656236,-0.2647249666072955,-5.0478362121462625,-6.366612471225456,-0.34766043812809005,52.09969136614077
1611,-0.6933845323585658,-0.38917947350643084,0.007583956782444996,-0.4558565269993269,-0.1673467927846346,-5.206614602678141,-6.301619786259465,-0.2337907024380409,52.110208460242156
1612,-0.41297474924882044,-0.4818193265346951,-0.06298132135959546,-0.3342349196451805,-0.07275434296064708,-5.360878712964061,-6.235315006108239,-0.11976687068053024,52.12072524950177
1613,0.619706452722835,-0.07451423463704755,-0.03573334611458768,-0.2051269363757421,0.018093234256355485,-5.510368647860727,-6.167706118967043,-0.005592127423876817,52.13124172439984
1614,0.06003625490774535,0.3094165273861741,0.042816061910875856,-0.06336822738701227,0.10426227856417622,-5.654850000531016,-6.098801113031155,0.1087303427635604,52.14175787541666
1615,-0.16355692528023796,0.49894515098956294,0.09442450220435392,0.10259343471337384,0.1848866323247808,-5.794155866801888,-6.0286079764959,0.22319735531344256,52.15227369303251
1616,-0.4142299477363648,0.4291064946006705,0.058905105295337774,0.30177735661199584,0.2591374637649587,-5.928156668365174,-5.957134697556515,0.3378057256574308,52.16278916772766
1617,0.029689233237534526,0.28452348749235284,-0.04308221257224292,0.5279390828423283,0.32619441874680194,-6.056731304548045,-5.884389264408285,0.45255226922717623,52.17330428998238
1618,0.3284775529164352,-0.20639485019246934,-0.15840527784958564,0.7699709201860141,0.38524843616572485,-6.179769967710894,-5.810379665246538,0.5674338014543501,52.183819050276966
1619,-0.31276158674505156,-0.35719420216275216,-0.23680058190996595,1.0167620775190633,0.4354932781755364,-6.297165673472598,-5.7351138882665005,0.6824471377705832,52.19433343909168
1620,0.28587504465982694,0.08576039483479277,-0.22970963998183688,1.2569263121583027,0.4761227069299651,-6.408811437451924,-5.658599921663467,0.7975890936075469,52.2048474469068
1621,-0.26820890528227465,0.2665597133003831,-0.10487933481539023,1.4774265225153895,0.5063304845828048,-6.514600275267679,-5.580845753632736,0.9128564843969124,52.21536106420258
1622,0.2647339224455878,-0.07430550320352487,0.13164902313310245,1.6647763522156274,0.5253117997937501,-6.614426629044621,-5.501859372369562,1.0282461255703106,52.225874281459326
1623,-0.028276186887070225,-0.21067857241495241,0.35090382466695225,1.8054808786725853,0.5322772685301372,-6.708200368215107,-5.421648766069273,1.1437548325594127,52.23638708915732
1624,-0.2722063120694551,-0.03602962119123524,0.45552763376752764,1.8859981789745042,0.5265302300802401,-6.795877085207171,-5.340221922927085,1.25937942079586,52.246899477776815
1625,0.2640186258518185,0.2914497786602814,0.413311219621041,1.8959734209134074,0.5077519120890412,-6.877446269506685,-5.257586831138343,1.3751167057113434,52.25741143779809
1626,-0.15157281587782967,0.22276862386535734,0.21062688809197908,1.8395782923205368,0.4763769714419944,-6.952912943382653,-5.173751478898315,1.4909635027374941,52.26792295970143
1627,-0.04530944036834286,0.07738173899994645,-0.08833295839775106,1.728666078577331,0.43325243377929007,-7.0222846594612935,-5.088723854402247,1.606916627305953,52.278434033967116
1628,0.17097826339269984,-0.3156541112603145,-0.37461626013456945,1.5762205868570391,0.37923489143555866,-7.085568970368783,-5.002511945845454,1.7229728948484218,52.2889446510754
1629,-0.1470280031701612,-0.3562179485203117,-0.5378473615364565,1.395246659675441,0.3151599014029205,-7.142773428731337,-4.915123741423184,1.8391291207964908,52.2994548015066
1630,-0.05359517081870193,-0.19787575273363048,-0.5235725272022208,1.1983084350591349,0.2418612358784919,-7.193905587175143,-4.826567229330763,1.9553821205818918,52.30996447574094
1631,0.13923123890424108,0.12114279451129863,-0.38192834412962484,0.9950026658495252,0.16017266705944957,-7.238972998326403,-4.736850397763447,2.071728709636236,52.32047366425873
1632,0.01278094453635112,0.33411915711599294,-0.1829608604938239,0.7899491804949771,0.07092796714290489,-7.27798321481131,-4.645981234916532,2.1881657033911934,52.33098235754024
1633,0.011927818776449968,0.30474876353268426,0.009502076528777369,0.5875914877332603,-0.02503909167397555,-7.3109437892560845,-4.553967728985276,2.3046899172784165,52.34149054606575
1634,0.006867760723745889,0.1735349035069844,0.14931286122384,0.3925629671462683,-0.12689473719405023,-7.337862274286908,-4.460817868164953,2.421298166729546,52.35199822031553
1635,-0.09494135285762591,0.12047025084836153,0.21433542269381814,0.2087341017703746,-0.2338051972201978,-7.35874622252997,-4.366539640650881,2.5379872671762627,52.36250537076986
1636,-0.06130280493863068,-0.14336824387179908,0.24893561447590978,0.037650333180352547,-0.34493669955524153,-7.373603186611469,-4.2711410346383465,2.6547540340502174,52.373011987909
1637,0.17710424385162818,-0.321928439955552,0.26693190633242486,-0.1206948257425415,-0.45945547200205,-7.382440719157638,-4.174630038322595,2.7715952827830725,52.383518062213255
1638,-0.267953459280314,-0.3685469577244375,0.269596926242294,-0.2668191671498506,-0.5765277423634766,-7.38526637279464,-4.077014639898934,2.888507828806498,52.39402358416286
1639,0.19050375409616155,-0.03829843583177259,0.25504335883091056,-0.40155544273184,-0.695319738442385,-7.382084012898661,-3.978306514812659,3.0054884875520953,52.40452854423815
1640,0.15170074784420634,0.20221753158288625,0.2100406897846598,-0.5250970586563454,-0.8150140745713872,-7.37288263661769,-3.8785322067372636,3.1225340744515857,52.415032932919345
1641,-0.2767382876919037,0.32523269851597264,0.12446160258560478,-0.6378828965618067,-0.9348817620252372,-7.357647076938038,-3.777722423507911,3.23964140493657,52.42553674068675
1642,0.2637761233820457,0.09548397781282626,0.014720051031166857,-0.7402513610248357,-1.0543060038547885,-7.3363620476179765,-3.675907992187818,3.3568072944387497,52.43603995802063
1643,-0.17314241988318876,-0.2424881256059746,-0.0774108108132236,-0.8326871556080576,-1.172710619624628,-7.309012262415793,-3.5731197398401604,3.4740285583897554,52.446542575401274
1644,-0.2031909480478945,-0.2638921533063801,-0.11055904856879858,-0.9162083317499068,-1.2895251852392757,-7.27558243508986,-3.4693884935280743,3.5913020122212593,52.457044583308935
1645,0.21013901617337744,-0.08441617131314952,-0.07430865746276503,-0.9925983217454108,-1.4041839495276751,-7.236057279398408,-3.3647450803147962,3.7086244713649013,52.467545972223924
1646,-0.2004634506104009,0.22345023678715667,0.002643456126312219,-1.0638995115727587,-1.5161283782458983,-7.190421509099835,-3.2592203272634115,3.825992751252353,52.47804673262648
1647,0.20756174148893686,0.1698273325090136,0.07877867449015673,-1.1318098636096865,-1.6248035078010616,-7.138659837952359,-3.1528450614371675,3.9434036673152657,52.488546854996905
1648,-0.23559131185533067,0.11489956357178797,0.11462820659408453,-1.197767570336144,-1.7296621631616123,-7.080756979714345,-3.0456501098991895,4.06085403498527,52.49904632981548
1649,0.2748655001095879,-0.008499167044951326,0.10264992941789301,-1.262379015445877,-1.8301591164364017,-7.016697648144122,-2.937666299712654,4.1783406696940775,52.50954514756244
1650,-0.07197174286287575,-0.09884487803504714,0.051388228087744785,-1.3253351381062692,-1.9257491397342825,-6.9464665569999156,-2.828924457940777,4.29586038687331,52.520043298718114
1651,-0.3505884477207649,-0.07395228570518897,-0.0075901897487389396,-1.3864290156917891,-2.015884782201056,-6.870050643003159,-2.7194554116466545,4.413410001954617,52.53054077376274
1652,0.3523293898282809,0.05907082581053248,-0.05169347008533831,-1.4449845912322417,-2.1000065321056947,-6.7874495278682945,-2.6092899878935234,4.53098633036966,52.54103756317662
1653,-0.32293141116256685,-0.06754385713846084,-0.07591471939790262,-1.4990506360542044,-2.1775285363530594,-6.698691671139398,-2.4984590137445495,4.648586187550151,52.55153365743999
1654,-0.042760751565608525,0.0030133053808077685,-0.08356396072416752,-1.54625961446418,-2.2478102241816544,-6.6038608741431775,-2.386993316262859,4.766206388927661,52.56202904703318
1655,0.1838451132094372,0.008988723895332802,-0.10682783247272289,-1.5841977914544063,-2.310172543202233,-6.503079419834065,-2.274923722511668,4.88384374993389,52.57252372243643
1656,-0.03881427226691459,0.052110701163185454,-0.17343678308326083,-1.6116853141972982,-2.3639117433270997,-6.396494288865007,-2.1622810595541124,5.0014950860004905,52.58301767413002
1657,0.09725065719101163,0.07656377851827047,-0.28473572100291245,-1.6300741290488658,-2.4083064356031363,-6.284270100754335,-2.0490961544533888,5.119157212559113,52.593510892594246
1658,-0.07138193018374711,0.026706119974987914,-0.44961468890580303,-1.641933273865967,-2.442628839897884,-6.16657786619969,-1.9353998342726733,5.236826945041419,52.60400336830936
1659,0.10377145512441548,-0.0021977657474371746,-0.64960723366371,-1.6499860773102253,-2.4661629078340708,-6.043590735128572,-1.8212229260751218,5.354501098879079,52.61449509175564
1660,-0.1528668794890408,-0.25778042784165073,-0.8492886621163974,-1.656863019964655,-2.4782790206545022,-5.915488275926959,-1.7065962569239108,5.472176489503744,52.62498605341337
1661,0.12201336384540708,-0.3555981549442931,-1.0741985321336887,-1.6650151512504305,-2.478520796339709,-5.782456251404947,-1.5915506538822164,5.589849932347025,52.635476243762845
1662,-0.2857608216626079,-0.1806919825716673,-1.3429083500458345,-1.6767790994169092,-2.4665418842511673,-5.644684814163563,-1.4761169440131947,5.707518242840635,52.645965653284314
1663,0.13920021943049174,0.3520408857205534,-1.6036961163777157,-1.6944011887409132,-2.4420839077382115,-5.50236644678844,-1.3603259543800519,5.8251782364162334,52.65645427245805
1664,0.07669409804183021,0.7944373272706958,-1.765981868021692,-1.7199654634916404,-2.4050486790371584,-5.355695722985904,-1.244208512045924,5.942826728505431,52.66694209176437
1665,0.17259122077807568,0.7973445647476646,-1.754569865645057,-1.75499793336168,-2.355592058219265,-5.204870120449158,-1.1277954440739877,6.060460534539911,52.677429101683494
1666,0.0984042998253072,0.2573640249377902,-1.5473274780571085,-1.7992218450033752,-2.2940054134557504,-5.050087773366479,-1.0111175775274286,6.178076469951332,52.68791529269572
1667,-0.2639670753570063,-0.439736953698788,-1.133825015473736,-1.850071485922984,-2.2207189196045927,-4.891546815926172,-0.8942057394694232,6.295671350171337,52.698400655281354
1668,-0.28983754006157914,-0.9810700560971661,-0.5040018073894768,-1.9044590509431898,-2.1362225767811553,-4.7294453823165545,-0.7770907569631276,6.413241990631626,52.70888517992062
1669,-0.022380271276817163,-1.3386639916844965,0.34497838288879634,-1.9592751753877398,-2.041027944599769,-4.563981606725892,-0.6598034570716979,6.53078520676378,52.71936885709383
1670,-0.6390109194495422,-1.1240994507595548,1.369746246384285,-2.0113571031402397,-1.9356999741149055,-4.395353623342479,-0.5423746668583301,6.64829781399949,52.72985167728128
1671,-0.3860231250559131,-0.34806581706218886,2.414919157590559,-2.0575069700170623,-1.8208387244482296,-4.223759566354592,-0.42483521338623104,6.76577662777048,52.74033363096317
1672,0.7671557906730133,0.8287133849776482,3.298282312446261,-2.0944886886386045,-1.6970824779174116,-4.049397569950578,-0.30721592371848616,6.883218463508297,52.75081470861986
1673,0.28218136547699973,1.5644317719591267,3.8376209068900637,-2.119034221465998,-1.5651014669994172,-3.872465768318662,-0.18954762491835211,7.000620136644654,52.76129490073159
1674,-0.2992957305627919,1.4959166205709489,3.8822788217374966,-2.1280530643697673,-1.425575868069589,-3.69316229564719,-0.07186114404893473,7.117978462611213,52.77177419777861
1675,0.38962461372558627,0.4648936569633775,3.4324371734980614,-2.1194530263174527,-1.2791726706525717,-3.511685286124408,0.04581269182654953,7.235290256839623,52.782252590241235
1676,1.136357206937098,-0.8362664143903612,2.6185023096867557,-2.092536629162435,-1.126549058138601,-3.3282328739386524,0.16344305564494463,7.352552334761528,52.792730068599724
1677,-1.377305040726043,-1.4139382697955156,1.5965093195419646,-2.0478957490321705,-0.9683343221960699,-3.1430031932782083,0.2809991203430844,7.4697615118085965,52.80320662333436
1678,0.23353506375570718,-0.9240736907723984,0.5092226760840592,-1.9864002923683721,-0.8051362855633621,-2.9561943783313525,0.3984500588578127,7.586914603412481,52.813682244925424
1679,1.5185646363811969,0.21669432858833357,-0.5547018580755001,-1.9089240312125606,-0.6375589053790549,-2.76800456328635,0.5157650441259233,7.7040084250048215,52.82415692385318
1680,1.0395204951498063,1.0232102697978704,-1.5201356979276675,-1.8163407376062763,-0.46620613878165484,-2.5786318823315573,0.63291324908425,7.82103979201732,52.83463065059791
1681,-1.4586085094709875,1.2470665818991646,-2.3119502584632663,-1.7095241835910098,-0.29168194290979926,-2.38827446965521,0.7498638466696164,7.938005519881608,52.84510341563988
1682,1.349208880774502,0.775526826694209,-2.8908262616156404,-1.589253844055543,-0.11458878565948512,-2.1971304594456442,0.8665860098189069,8.054902424029315,52.85557520945938
1683,-0.9334186814259624,-0.480758702308778,-3.359791701037687,-1.4559320052774236,0.06447682204326964,-2.005397985891116,0.9830489114688749,8.171727319892135,52.86604602253669
1684,-1.0488093754131123,-1.2630591832275593,-3.854124053123142,-1.3098666563814303,0.24491985851501713,-1.8132751831799412,1.0992217245564144,8.288477022901686,52.87651584535207
1685,0.10050796865492763,-1.243501148589883,-4.478032789038316,-1.151365786492332,0.42614530207221896,-1.6209601855003855,1.215073622018289,8.40514834848968,52.8869846683858
1686,0.6838719516182746,-0.5050934115989003,-5.206712530272452,-0.9807373847348776,0.6075581310314675,-1.428651127040775,1.3305737767913626,8.52173811208774,52.89745248211816
1687,-0.31615167340738554,0.3359513180086265,-5.955381154056621,-0.7982894402338861,0.7885633237092344,-1.2365461419893855,1.4456913618124694,8.638243129127524,52.90791927702943
1688,-0.3589795558099603,1.0158226105250194,-6.649676415147518,-0.6043299421140864,0.9685658584220618,-1.0448433645345232,1.5603955500184328,8.754660215040696,52.918385043599876
1689,-0.20568473403421647,1.5769650579802816,-7.2398347009825486,-0.39916687950028745,1.1469707134864917,-0.8537409288644638,1.6746555143460566,8.870986185258905,52.92884977230978
1690,0.09735322104381908,1.9823474071046843,-7.68131002126821,-0.1831082415172179,1.3231828672189956,-0.6634369691675034,1.788440427732225,8.987217855213794,52.93931345363942
1691,0.17597915114373447,2.2536007770517874,-7.92044317072985,0.04353798271028287,1.496607297936136,-0.4741296196319276,1.9017194631137115,9.103352040337063,52.94977607806907
1692,0.4682447512592184,2.077604154670292,-7.920502943739707,0.27993708273512696,1.6666489839544147,-0.28601701444603256,2.01446179342735,9.219385556060333,52.96023763607901
1693,-0.7439612545010343,1.686473216735222,-7.67163497269241,0.5230574670911962,1.8327129035903837,-0.0992972877981242,2.126636591609984,9.335315217815275,52.970698118149514
1694,1.0198478570173632,1.14008789854957,-7.16946044331608,0.768980840072265,1.9942040351605246,0.08583142612352163,2.2382130305984584,9.451137841033521,52.981157514760845
1695,-1.382209890890637,0.0606968352758299,-6.409510545609394,1.0136989102425653,2.1505273569814,0.269170993130609,2.349160283329546,9.566850241146792,52.991615816393285
1696,0.34290218373866277,-1.4743699965923556,-5.387316469570942,1.2532033861663594,2.3010878473695113,0.4505232790348218,2.4594475227401507,9.682449233586647,53.00207301352714
1697,1.4414226718558405,-2.9409845295482184,-4.098409405199321,1.4834859764079094,2.4452904846413808,0.6296901496479045,2.569043921767047,9.79793163378481,53.01252909664265
1698,2.855481453390096,-3.990909985063516,-2.53832054249324,1.7005383895314772,2.58254024711352,0.8064734707815508,2.6779186533470978,9.913294257172932,53.022984056220075
1699,2.4441812197271227,-4.5619670839663256,-0.7134963835515625,1.9003523341013249,2.7122421131024512,0.9806751082474751,2.7860408904170875,10.028533919182662,53.03343788273976
1700,-0.09931253533609344,-4.206614458671711,1.3101916787025616,2.0789195186816842,2.8338010609247366,1.1520969278573612,2.89337980591388,10.143647435245652,53.04389056668193
1701,-4.330679751294038,-2.934495426510297,3.3929023695529383,2.2322316518368783,2.9466220688968576,1.3205407954229433,2.999904572774279,10.258631620793563,53.054342098526874
1702,-4.62521638614232,-0.9398736438882854,5.379030771860193,2.3562804421311085,3.050110115335357,1.4858085767558853,3.105584363935158,10.373483291258058,53.064792468754845
1703,-5.161236878909847,1.7360057138213345,7.112971968484931,2.4470575981286666,3.1436701785567456,1.6477021376679717,3.2103883523332715,10.488199262070767,53.075241667846164
1704,-2.3813867110701303,4.206228513690189,8.439121042287809,2.5005293849381798,3.2267326803331517,1.806023343970816,3.314285710905543,10.602776348663388,53.08568968628106
1705,2.7195715525134063,5.745997706179836,9.201873076129422,2.512546196900333,3.298843913204694,1.9605740614762128,3.4172456125887054,10.717211366467547,53.09613651453985
1706,5.335840429987744,5.23059327550566,9.286562204044378,2.478807645972102,3.3597197841569733,2.111156155995816,3.519237230319644,10.831501130914903,53.106582143102784
1707,-0.7388195030027953,2.1866620479043033,8.745771404916335,2.3964401571059297,3.4094756428124136,2.2575714933413797,3.620229737035162,10.945642457437117,53.11702656245016
1708,-4.651585331031622,-1.7101436435590887,7.686993269414964,2.2693676779810366,3.4484518576699696,2.3996219393245477,3.720192305672103,11.059632161465869,53.12746976306222
1709,-3.6638895715977595,-4.9551596004319505,6.221213028362831,2.103229333948972,3.477024546941488,2.5371093597570846,3.819094109167281,11.173467058432792,53.13791173541926
1710,1.7284059299308057,-6.019292296392841,4.45941591258252,1.9036638661492444,3.495570213050958,2.669835620450664,3.9169043204575806,11.287143963769516,53.148352470001555
1711,2.8024099856603923,-4.714751662323275,2.5109199526253136,1.6763100157213127,3.504464085912257,2.7976038597271002,4.013592112479734,11.400659692907764,53.15879195728941
1712,0.6552751118434608,-1.3513713123023436,0.48262315809391215,1.4268065238047054,3.50406790625433,2.9202307050931298,4.109126658170647,11.514011061279124,53.16923018776304
1713,-1.1833996231859527,2.573240667229496,-1.5032485411291916,1.1607921315388412,3.4947032664735866,3.0375729323880547,4.2034771304671015,11.62719488431529,53.17966715190277
1714,-1.2072569330043106,5.070469191604519,-3.3202204350237334,0.8839055800632287,3.4766622428451717,3.149516833572392,4.296612702305962,11.740207977447911,53.190102840188864
1715,-0.03548341417458785,5.646404070119016,-4.850978824546947,0.601781994339228,3.4502352485782097,3.255953979850799,4.388502546624033,11.85304715610866,53.200537243101586
1716,0.47849991785884466,4.825840386612711,-6.03268086631813,0.32002783743059693,3.415741358779467,3.356775942427951,4.479115836358147,11.965709235729166,53.21097035112125
1717,-0.39693440538562474,3.7422479359524536,-6.882951974946417,0.04417968653067722,3.3735662977004033,3.451877529234198,4.56842174444513,12.078191031741122,53.221402154728054
1718,0.24910262445938927,2.7044068479091403,-7.4372443767940375,-0.22027800215831037,3.324125414726058,3.5411760440574396,4.656389443821824,12.190489359576139,53.23183264440236
1719,0.48784652799666706,1.9107507400182464,-7.73101029822322,-0.4678798962526585,3.2678033107319937,3.6246386630136262,4.742988107425043,12.302601034665907,53.242261810624385
1720,-0.55462221154271,1.0848682671870642,-7.799701965596151,-0.6932124867905508,3.2049891039761422,3.7022798682580715,4.828186908191631,12.414522872442058,53.25268964387445
1721,0.55987018733302,-0.031745213937921596,-7.678009009786341,-0.8917090395673788,3.136129455852992,3.7741407780781575,4.911955019058392,12.526251688336272,53.263116134632796
1722,-0.5361614689492984,-1.86193537164527,-7.397224869288648,-1.0622983790727454,3.0617543062243855,3.840278598609488,4.99426161296219,12.63778429778018,53.27354127337971
1723,0.5231457241544929,-3.5218959723407965,-6.986497145415392,-1.2060766955696003,2.9823998318948024,3.9007658276357335,5.075075862839799,12.749117516205498,53.28396505059546
1724,0.2121591085827219,-4.0212786365992805,-6.479674212280589,-1.32448598974439,2.898598554374755,3.955678618234524,5.154366941628072,12.86024815904382,53.29438745676037
1725,-0.6537502292131459,-3.52825450962498,-5.923088663881848,-1.4189682622836421,2.8108778773142906,4.005098241344004,5.232104022263884,12.9711730417268,53.30480848235463
1726,0.7643577906239386,-2.7003255988727726,-5.337311225371876,-1.490965513873733,2.719750485630493,4.04912068663519,5.308256277684017,13.08188897968612,53.31522811785861
1727,-0.7496505867980491,-1.7876221900661082,-4.735210508885592,-1.5419197452011397,2.625725480435899,4.087845527583738,5.382792880825286,13.19239278835346,53.325646353752504
1728,-0.9485222064218282,-0.37366147887771706,-4.129655126558013,-1.5732729569523496,2.529311962843046,4.121372337665233,5.455683004624565,13.302681283160414,53.336063180516646
1729,0.965626144792439,1.217409281037111,-3.533513690524209,-1.5864602849146456,2.431012169065246,4.149800690355407,5.526895822018668,13.412751279538698,53.346478588631285
1730,0.5381700205302771,2.4739504953774065,-2.9596548129191484,-1.5828719393139845,2.331283409754476,4.173230159129959,5.596400505944348,13.522599592919967,53.356892568576704
1731,-0.24152836798224506,2.7703359123016487,-2.420947105877819,-1.563804424151634,2.2304892893380135,4.191760317464462,5.664166229338559,13.63222303873583,53.36730511083318
1732,-0.6913224121601375,2.1465943097345046,-1.9286986086603453,-1.5304582554774468,2.1288974242918,4.205490738834641,5.730162165138055,13.741618432417962,53.377716205880965
1733,0.5534232451689465,1.003234403441282,-1.4871860469548968,-1.4839764784308629,2.0267179601812564,4.214520996716191,5.79435748627966,13.850782589398028,53.388125844200395
1734,-0.2954784768482171,-0.3111293139513919,-1.0959694852852828,-1.425503930168761,1.9241628345893607,4.218950664584676,5.8567213657002375,13.959712325107704,53.39853401627167
1735,0.16605648531287684,-1.6109425162670987,-0.7538199661029049,-1.3562057386229471,1.8214642758739084,4.2188793159158315,5.917222976336572,14.06840445497862,53.408940712575145
1736,-0.05234881838400907,-2.0572922026738762,-0.45840619295391977,-1.2772516156556943,1.7188590963231818,4.214405942724823,5.975832072586027,14.176855794442444,53.41934592359102
1737,-0.4003388683333221,-1.7668656073719566,-0.20252910399413898,-1.189811273129215,1.616584108225514,4.205626823940029,6.032521121932672,14.285063158930802,53.429749639799624
1738,-0.0900066585682426,-0.5968374289042427,0.023946340602074963,-1.0950544229058725,1.5148761238692072,4.192635543520548,6.087265286829907,14.393023363875413,53.440151851681215
1739,0.4257673002708004,0.785946741024636,0.23161359042928975,-0.9941507768478396,1.4139719555425547,4.1755230400660635,6.140042375090558,14.500733224707856,53.45055254971607
1740,0.32867725948262244,1.6000665487707977,0.43106609508215354,-0.8882700468174595,1.3141084155338887,4.154379285143796,6.190831161559862,14.608189556859875,53.46095172438447
1741,-0.0506541932729429,1.556165773377802,0.6319048351067961,-0.778581944677005,1.215522316131512,4.129292454101057,6.239612217303058,14.71538917576305,53.47134936616667
1742,-0.421570413052179,0.6024295447259251,0.8361553829287778,-0.666256182288709,1.1184504696237072,4.100349574963657,6.286367260706774,14.822328896849085,53.481745465542964
1743,-0.35421878108152577,-0.43673838437986223,1.0304287142190682,-0.5524624715148645,1.0231296882988372,4.067637489553147,6.331078196361945,14.929005535549615,53.492140012993644
1744,0.38622656988140575,-1.3083019776767848,1.1977302727221215,-0.43837052421780487,0.9297967844451442,4.031243039691028,6.373726928859642,15.035415907296295,53.50253299899895
1745,-0.12516847070807915,-1.1588252561833847,1.3204255372506413,-0.3251500522597225,0.8386885703509913,3.99125306719875,6.4142953627908135,15.141556827520787,53.5129244140392
1746,-0.9265495065449131,-0.2791008880412268,1.3783201268906988,-0.21397076750293065,0.7500418583046811,3.947754413897832,6.4527654027464765,15.24742511165476,53.523314248594616
1747,1.0624904013577203,0.692165880857905,1.3506561508058368,-0.10607883681871348,0.6640934605944859,3.900833921609776,6.48911895331761,15.353017575129856,53.533702493145526
1748,-0.8366022764346913,0.9452302730437423,1.2173569634175054,-0.00340167233650388,0.5810801895087387,3.850578432156071,6.523337919095244,15.458331033377707,53.54408913817219
1749,-1.2501547673859679,0.8262216038807183,0.9719156204452684,0.09046321771078597,0.5012388573357621,3.797074787358217,6.555404204670316,15.563362301830042,53.55447417415485
1750,-0.8402521491044873,0.24923529250760848,0.6563601100276576,0.17117513904150242,0.42480627636388907,3.7404098290376746,6.585299714633864,15.668108195918464,53.56485759157383
1751,0.3104410282605949,-0.10372667696100062,0.32548326807495653,0.23430145716719408,0.35201925888134156,3.6806703990160243,6.613006353576868,15.772565531074633,53.575239380909395
1752,1.2092321817273268,-0.4708276131702308,0.034271256089875246,0.27540953759951015,0.2831146171764827,3.617943339114656,6.638506026090365,15.876731122730181,53.585619532641836
1753,0.856470296235314,-0.4803158300317746,-0.16524632707973136,0.2900675702816484,0.2183274205119284,3.552316409749136,6.661780636765284,15.980601786316837,53.595998037251356
1754,-0.5123021411519879,-0.13343044933988293,-0.2432425768274313,0.27396750202397996,0.15776530690744506,3.4838810457107208,6.682812090192644,16.084174337266216,53.606374885218294
1755,-0.8268679291317508,0.20837703001414726,-0.21641176229627657,0.2254435085643774,0.10095160346838206,3.412729600384761,6.701582290963474,16.187445591009954,53.61675006702293
1756,0.6630211257155908,0.2840005606441362,-0.12118337184708215,0.15271402379418508,0.04688213688286295,3.3389564450162856,6.718073143668751,16.290412362979758,53.62712357314552
1757,-0.50102437775051,0.11616333838936846,-0.005731095781248781,0.07065915862212083,-0.005569372351998801,3.2626689332992513,6.732266552899465,16.393071468607214,53.63749539406634
1758,0.04942229404695574,-0.2884609809671041,0.060108454911355504,-0.004942551912456292,-0.057555037291996874,3.1839981543769165,6.744144423246614,16.495419723324048,53.64786552026567
1759,-0.10839825610040293,-0.03200001565044227,0.02940504464787355,-0.061231543383635234,-0.11024017620576665,3.10308840260552,6.753688659301176,16.597453942561888,53.65823394222379
1760,0.17730441262849533,0.26815256424837763,-0.03578601296370621,-0.09362162273158377,-0.1647881449011466,3.0200860458920378,6.76088116565416,16.69917094175238,53.668600650420984
1761,-0.07697970208313545,0.30575332830456353,-0.05707433882783113,-0.09987813422527608,-0.22219562387309866,2.935137452143504,6.765703846896575,16.800567536327208,53.67896563533749
1762,0.07895873693159912,-0.06217257181254266,-0.01065710897345635,-0.08088054640340428,-0.28274553580013134,2.848388989266884,6.76813860761944,16.90164054171797,53.68932888745364
1763,0.0623399469644363,-0.36309192805804724,0.07173647045130382,-0.04507976193293492,-0.3461362756137236,2.7599870251692113,6.768167349420371,17.002386776349727,53.699690397249654
1764,-0.028977715145192786,-0.3954735722460372,0.15044424421420105,-0.00275490102862999,-0.4119411713021683,2.6700779277575126,6.765771940089344,17.102803092455122,53.710050155205856
1765,-0.367223089638066,-0.10753551366921002,0.1955658455593214,0.03587976899213012,-0.4797238176686004,2.578808064938741,6.7609341487979755,17.202886440885234,53.72040815180248
1766,0.4017102494285388,0.4753698030528994,0.16607937705408424,0.06255201697776544,-0.5490691458620446,2.4863238046199627,6.75363568723254,17.302633829976422,53.73076437751984
1767,-0.3672037402692062,0.5007234767316507,0.020552225958388085,0.07569092914494478,-0.6195537642564466,2.3927715147081416,6.743858250463,17.40204228468134,53.741118822838196
1768,0.13179241439079278,0.13405020954430472,-0.22348022317568078,0.07581314712856967,-0.6906369527481727,2.298297563110313,6.7315835610805275,17.501108802431506,53.75147147823783
1769,0.26341205349401176,-0.3216491175282229,-0.4450602636645465,0.06332564727061551,-0.7615226938390107,2.2030432170692382,6.716798537129983,17.599830285868947,53.76182233419898
1770,-0.3666086069907778,-0.4879364284378758,-0.49969025977520115,0.038512224710262256,-0.8312917888279727,2.107128755541298,6.699511108218241,17.698203614360036,53.772171381201986
1771,0.230869603811652,-0.25262320381043357,-0.2908404403619615,0.002504455378284117,-0.8990583534508737,2.010667014300105,6.679736647134874,17.79622566727129,53.78251860972708
1772,0.23277122164121797,0.07730730379361272,0.08614750737158702,-0.04029477528536183,-0.9639499475334656,1.913770243489562,6.6574911661617655,17.89389327010654,53.79286401025455
1773,0.25508649516566184,0.36295952711851076,0.4879640316345343,-0.08466811548587681,-1.0250941309015709,1.8165506932536626,6.632790907248732,17.991203018701672,53.80320757326467
1774,0.13132749837921776,0.27206467666552303,0.7671509775524046,-0.12539821342850235,-1.081618463380861,1.7191206137363588,6.605652223077615,18.08815139816051,53.813549289237734
1775,-0.43908266016402864,0.33809655627443996,0.8052583115514699,-0.15792946651753753,-1.1326505047971682,1.621592255081614,6.576091480547642,18.184734879369596,53.823889148653976
1776,0.010961208391588076,0.07046221805209822,0.6529703986645325,-0.18045599933248155,-1.1773178149761845,1.5240778674333506,6.544125046558008,18.280949933215364,53.83422714199373
1777,0.4832426256077839,-0.15413095013347586,0.3700656061731804,-0.1922446071688347,-1.2147479537437218,1.4266897009355415,6.509769288007921,18.376793030584395,53.844563259737214
1778,-0.10760428317275209,-0.4425963009697133,0.007195168512709248,-0.1926180753261676,-1.2441152213006725,1.3295400057321392,6.473040571796599,18.472260642363125,53.854897492364735
1779,-0.47820424795470684,-0.33803685688812646,-0.38754115479011314,-0.18062016290325142,-1.264872944048749,1.2327410319671168,6.433955264823207,18.567349239438055,53.86522983035657
1780,0.12224020381848981,0.12652354987192774,-0.763544996961953,-0.15485491854669461,-1.276914158841876,1.136405029784417,6.3925297339869935,18.662055292695698,53.875560264193
1781,0.4649383330411893,0.5092442899317858,-1.0218129824278919,-0.11369360875773964,-1.2803627741023713,1.04064233875108,6.348780346187154,18.756375273022524,53.88588878435428
1782,-0.4681766025749935,0.4458568896039739,-1.0710619135322148,-0.055876263547521315,-1.2755412071372807,0.9455545962393711,6.302723468322897,18.850305651305067,53.89621538132069
1783,-0.05611480568636341,-0.041242324143061684,-0.9022562517527613,0.016485320031499072,-1.2628651315717452,0.851234781826676,6.254375467293428,18.943842898429786,53.90654004557253
1784,0.5165921897279292,-0.5130813619199533,-0.5221596838882384,0.09603924959306481,-1.2427537876803798,0.7577644312963486,6.203752709997955,19.036983485283216,53.91686276759007
1785,-0.5227935942253434,-0.12540585849738461,0.026557954133829925,0.17426384995371122,-1.215622251005993,0.6652209157001381,6.1508717569593525,19.129723689128145,53.92718353785354
1786,0.5032196017332162,0.461558992621276,0.5654766479459227,0.24263744593018485,-1.1818847560375811,0.5736807650357996,6.095749964630442,19.222058991297473,53.93750234684326
1787,-0.22091422905247537,0.3475374284470857,0.9092647186015955,0.2926383623391015,-1.1419586743914873,0.48322364642852605,6.038404968828356,19.313984593759777,53.94781918503951
1788,-0.3115429809825856,-0.17404267106852545,0.9996887319580924,0.3157449239971776,-1.0962712309062108,0.3939390802256464,5.978854426805327,19.40549567704851,53.95813404292256
1789,-0.3572976856874453,-0.3439715948975156,0.8825203465611727,0.30593684674481114,-1.0452747653296384,0.3059365241251853,5.9171159958136545,19.496587421697104,53.96844691097267
1790,0.2687980990131011,-0.2617226422911004,0.6166219035650173,0.26718776730960236,-0.9894569168231512,0.2193516682118219,5.853207333105589,19.587255008238994,53.97875777967013
1791,-0.10710744336607651,0.07339021125227875,0.27902846557123906,0.2059261406106105,-0.9293022611242713,0.1343585344200081,5.787146095933393,19.6774936172076,53.98906663949521
1792,0.2001590304057863,0.21658296600443816,-0.026780040304687613,0.12856877835886674,-0.8653180803929582,0.05116549431464091,5.718949941549375,19.767298429136343,53.9993734809282
1793,-0.2509986997969163,0.19861696247344196,-0.23609946382715402,0.041532492265322005,-0.7980294349680653,-0.03000130236045871,5.648636527205787,19.85666462455869,54.00967829444936
1794,-0.10248099980088617,0.06010484219016387,-0.34388828547550365,-0.04865043056584956,-0.7279659412760743,-0.10891114977374086,5.576223510154891,19.945587384008032,54.01998107053896
1795,0.5640848877598166,-0.1660802513616984,-0.38819118654830553,-0.13489512735667206,-0.655657653094682,-0.18533290474257114,5.501728547648977,20.03406188801784,54.0302817996773
1796,0.34112083332638155,-0.19933535414392406,-0.4190750459464653,-0.20987347135657883,-0.581634624201495,-0.25903542408433516,5.4251692969402745,20.12208331712153,54.040580472344615
1797,-0.8269912093364132,0.015553389490344623,-0.452125953099629,-0.26730910021857635,-0.5064269083742101,-0.32978756461638853,5.346563415281075,20.209646851852543,54.05087707902124
1798,0.8990121810748666,0.2759031891768429,-0.4587692406980241,-0.30207167550718045,-0.43056411374577946,-0.3973581831561169,5.2659285599236805,20.2967476727443,54.06117161018741
1799,-0.9065862107218899,0.050511416619264254,-0.40516564656463616,-0.3108188938984427,-0.35455193368737914,-0.46151613652091594,5.183282388120351,20.383380960330232,54.071464056323414
1800,0.6419963987487333,-0.35111591461000746,-0.274880129931176,-0.29500791213718824,-0.27890102071889933,-0.5220302815280808,5.098642557123307,20.46954189514379,54.081754407909514
1801,0.7762595047762157,-0.30452816094695506,-0.07077228161287086,-0.2571089952667425,-0.20447562928388158,-0.5786694749950376,5.012026724184881,20.55522565771837,54.09204265542601
1802,-0.703996046219202,0.13188763049671973,0.13888543800573241,-0.19954926568950018,-0.13223394735252458,-0.6312025737391517,4.923452546557311,20.64042742858744,54.102328789353166
1803,0.5875139000100094,0.3684780218647942,0.2506036514573796,-0.12475584580790595,-0.06313416289503715,-0.6793984345777585,4.8329376814928695,20.725142388284393,54.112612800171256
1804,0.4016108660609962,0.002664550100223474,0.19050950858693155,-0.0363847284853349,0.0018655361183317458,-0.7230259143282941,4.740499786243848,20.809365717342747,54.12289467836055
1805,-0.43150479830168403,-0.31116843786013726,0.02405666076426602,0.05623995472854407,0.061806961717403464,-0.7618538698080536,4.646156324736077,20.893092789622234,54.133174414401346
1806,0.28122685457684043,-0.2037973332452288,-0.14676060253368478,0.1395545744525085,0.11573192593190888,-0.7956511578344427,4.5499239392890445,20.976319800589145,54.14345199877392
1807,-0.11594816347527113,0.13065000086275996,-0.22728182973315061,0.19949474688836208,0.1626822407916895,-0.8241866352248373,4.451818885692586,21.05904333223935,54.15372742195851
1808,0.14534218951085487,0.06183995387414562,-0.16499474582332174,0.2262239821677302,0.20169971832652647,-0.8472291587966025,4.351857371435686,21.14126001486956,54.16400067443543
1809,0.004753074856255077,-0.03727381839596002,-0.01509050088614655,0.22302329907247587,0.23184522262182364,-0.8645511067371898,4.250055604007366,21.222966478776453,54.17427174668492
1810,0.009910514198965622,-0.10773468025479302,0.15004563057423057,0.1961324736543254,0.2524661131551199,-0.8759498256685019,4.146429790896649,21.304159354256715,54.18454062918729
1811,-0.022342791518782993,-0.08171936097463257,0.2699450597145783,0.1509781344181965,0.2637749193978393,-0.8812746846595785,4.040996139592539,21.384835271607017,54.19480731242282
1812,-0.05138135206211776,0.055212486326599,0.3034535745181177,0.09307326338030736,0.26623406659855925,-0.8804256259071601,3.93377093914988,21.46499086112407,54.20507178687174
1813,0.1317611601869594,0.11827130639122213,0.22940090425680212,0.028835966024735617,0.2604302859931023,-0.8734279674943697,3.824771548522621,21.54462275310456,54.21533404301437
1814,0.2455897149568428,0.13967269819307665,0.060738853887986874,-0.035981524191681706,0.24716097996267056,-0.860522899062634,3.714020527077597,21.62372757784515,54.225594071330995
1815,-0.41184498107756246,-0.01140787626911789,-0.15584846416393452,-0.09586488125066159,0.22738254223482143,-0.8421199224498749,3.601549755031942,21.702301965642548,54.235851862301836
1816,-0.22040048931658737,-0.07329539213960623,-0.3482682322563626,-0.1452997791338305,0.2020862242883458,-0.8186655415490794,3.487393256906443,21.780342546793438,54.24610740640724
1817,0.5944410096530829,0.016918487554133246,-0.47003632567711234,-0.1787718918228249,0.17226466761040618,-0.7906130019209996,3.371590408881349,21.857845951594534,54.25636069412742
1818,-0.019321321636839646,-0.045593487460860435,-0.5203432172452622,-0.19083805164095216,0.1389105136881652,-0.7584393066590562,3.254204344669649,21.934808810342467,54.266611715942695
1819,-0.3603163017728924,-0.029873711353577085,-0.5057426048195561,-0.1779446894571378,0.10311235260831915,-0.7226362140958725,3.1353129532234427,22.011227753333984,54.276860462333296
1820,-0.5616227384735613,-0.034997160866032,-0.4118846466251281,-0.14332212771740058,0.0663216981060431,-0.6836978334590966,3.0149964743898967,22.087099410865726,54.28710692377956
1821,-0.7632543147210302,0.1549743354566378,-0.2397337841635531,-0.092949266194102,0.029974651586110714,-0.6421182739762364,2.893335148016056,22.162420413234408,54.29735109076171
1822,0.7766515230601025,0.10066162090919442,-0.006499624064490412,-0.03298636545573515,-0.004625068019931034,-0.5983916448749299,2.7704092139490157,22.237187390736718,54.30759295376005
1823,-0.7063038219617402,-0.20777570684116312,0.22733062307683885,0.03043853412996599,-0.036205961981253976,-0.5530120553827351,2.646298912035912,22.31139697366933,54.31783250325485
1824,0.5887110279362064,-0.4305465163023383,0.40640823828597294,0.09121476127422025,-0.06351366021963636,-0.5064738551535966,2.52108448212386,22.385045792328924,54.32806972972638
1825,-0.1780136793839948,-0.4510208768316784,0.5390868332987261,0.14325019005167008,-0.08531823505556715,-0.4592654968061616,2.3948461640598553,22.45813047701224,54.33830462365491
1826,-0.25276838208279007,-0.4985279379195941,0.6662597860063211,0.18050950691188075,-0.10048128310845349,-0.41184072103511227,2.2676641976911034,22.530647658015894,54.34853717552076
1827,0.0005165663286878087,-0.5963220023395805,0.7603855429338455,0.19705767800969626,-0.10800781851815322,-0.3646101307199186,2.13961882286464,22.602593965636636,54.35876737580414
1828,0.08187323682478892,-0.4953510164591084,0.7772765404100284,0.18786640668378304,-0.10747405412771577,-0.317942028501315,2.0107896700130645,22.673966030171115,54.368995214985375
1829,-0.3310214065454569,-0.29188883778145963,0.6974365150942726,0.15181252947145765,-0.09942262470692267,-0.27215046677873317,1.8812531257861038,22.744760481916025,54.379220683544716
1830,0.17504420812859472,0.26960080253833596,0.5176460277197488,0.09469065856050486,-0.0849746565624035,-0.22750650643522397,1.751081742919943,22.814973951168053,54.389443771962455
1831,-0.40357503991524385,1.307027085264737,0.23737657778660307,0.024176781250268602,-0.06534726469108054,-0.1842729466640938,1.6203472680260402,22.8846030682239,54.39966447071887
1832,-0.7462442676385934,1.485153107483493,-0.1351122656956704,-0.05197510479093217,-0.041757564089896206,-0.1427125866586692,1.4891214477158132,22.95364446338025,54.4098827702942
1833,1.3119674308744362,0.016534914757107177,-0.5336499050719947,-0.12601100189483888,-0.015422669755792923,-0.10308822561221637,1.3574760286007201,23.022094766933794,54.42009866116877
1834,-1.4741530415720405,-1.5261388089916792,-0.7920543779356459,-0.19017691239320297,0.01244030331435731,-0.06566266271802157,1.225482757292199,23.0899506091812,54.430312133822824
1835,1.5126554779892933,-0.6001320470293879,-0.7762368522943139,-0.2371582496066724,0.040625188552940755,-0.03069869716939125,1.0932133804016775,23.157208620419176,54.440523178736676
1836,-1.375747475350884,0.854015065246217,-0.570902476523984,-0.2622459992237449,0.06800164117819507,0.0015423827986282247,0.9607396445405836,23.22386543094442,54.45073178639056
1837,-1.0530258957433045,1.3166164766768416,-0.3124009338969589,-0.26461001636702364,0.09361961955428823,0.030811835137396906,0.8281332963204158,23.289917671053566,54.460937947264775
1838,0.02332909894733305,0.6185572147777141,-0.11301147325956552,-0.24452874641221278,0.11678794191354208,0.056896258797644386,0.6954660823525818,23.355361971043386,54.47114165183959
1839,0.8234338485212144,-0.3199093307624199,0.008010836703462374,-0.20262015698596658,0.13711716387773795,0.07962003759168121,0.5628097492485195,23.420194961210502,54.481342890595265
1840,-0.6247534413863504,-0.8596276811303332,0.05557466296565699,-0.14053177638448602,0.1543318904933254,0.0988153759587886,0.4302360436196871,23.484413271851608,54.49154165401211
1841,0.47008578868143674,-0.8000519318245943,0.043544143323246694,-0.0636304300867123,0.16816977365706573,0.11431447833825785,0.2978167120775124,23.54801353326342,54.50173793257038
1842,-0.354512925195292,-0.2613492674956394,0.0120970885003132,0.020899496029153843,0.1783684652657102,0.12594941273564975,0.1656236376671439,23.61099237574262,54.51193171675034
1843,-0.054003452407596096,0.1400563899172155,0.022815127918668986,0.10371594014724975,0.18463825695654246,0.13357906168117115,0.03372924916859166,23.673346429585866,54.52212299703229
1844,0.19329265983136734,0.5571095657293286,0.13853607568012916,0.17771052957858904,0.1865416019021724,0.1372193664965157,-0.09779388820448413,23.73507232508989,54.5323117638965
1845,-0.08495215480903866,0.4736465657656611,0.3890504066654397,0.2418814466394911,0.183466985714253,0.13711636516908723,-0.22887431551946724,23.796166692551314,54.54249800782326
1846,0.14810063324292164,-0.15882932739791283,0.6758624999627794,0.2965498951997105,0.17484376363730467,0.13361126362373088,-0.3594466098282504,23.85662616226691,54.5526817192928
1847,-0.1890125050350788,-0.5879143277537403,0.7978782898225723,0.3418104620721316,0.16032159753794153,0.12705912794034274,-0.4894528979029305,23.91644736453333,54.562862888785425
1848,0.20716952631497054,-0.3121688867856687,0.600552217481184,0.37715959111551484,0.1396404734971815,0.11781555932354659,-0.6188369173753844,23.975626929647216,54.57304150678144
1849,0.263141106516058,0.38511126413050484,0.17307629870122712,0.4000090057958207,0.11258952008957022,0.10623615897795607,-0.7475424058775291,24.03416148790532,54.58321756376108
1850,-0.48571865207612125,0.70882401779454,-0.33192691358818227,0.407058147859183,0.07916125313475803,0.09267652810811444,-0.8755131010412213,24.092047669604305,54.59339105020463
1851,0.6015281737187145,-0.045911023414762116,-0.7676153868615948,0.39430350571764905,0.040051141786471234,0.07749226791863538,-1.002692740498348,24.14928210504085,54.60356195659238
1852,-0.6721963518878724,-0.7594202279897884,-0.9436852587535615,0.35715672971577933,-0.0034605067341370566,0.06103897961412252,-1.1290250618808058,24.20586142451168,54.61373027340458
1853,0.6795199281145369,-0.2967713172846442,-0.7204234373314544,0.2927615532644686,-0.049983437776573526,0.04367226439915933,-1.2544538028204617,24.261782258313435,54.62389599112153
1854,0.3032482931197444,0.3102631984178394,-0.20893928609997026,0.20562983175726984,-0.09812739669034486,0.025747723478359505,-1.3789227009492329,24.31704123674282,54.63405910022352
1855,-0.6002194382158115,0.6314526580776071,0.41205341243515853,0.10211545108337026,-0.14650212882492755,0.007620958056256243,-1.5023754938989557,24.37163499009654,54.64421959119076
1856,0.5946954725343423,0.4712659670387778,0.9243543896139987,-0.01142770286804287,-0.19371737952990878,-0.01035243066248649,-1.6247559193015575,24.425560148671277,54.65437745450362
1857,-0.6235269704120863,0.7043449604109693,1.0774688509028651,-0.12942541389081053,-0.23838289415469463,-0.027816841473295252,-1.7460077147889452,24.478813342763722,54.664532680642274
1858,-0.29478103189292004,0.9876727070754185,0.8181542227932094,-0.24752265151990632,-0.27910841804886216,-0.044416673171626786,-1.8660746179928949,24.531391202670502,54.67468526008709
1859,0.7736635269122416,0.5520638585076344,0.2198935432458094,-0.3545460830122371,-0.3145036965619181,-0.059796324552817116,-1.9849003665454044,24.583290358688398,54.68483518331829
1860,-0.7705255555417531,-0.5792170367560082,-0.4731170394642846,-0.43742288263419216,-0.3431784750433389,-0.07360019441232299,-2.10242869807831,24.63450744111404,54.69498244081616
1861,0.5661089110232373,-1.1673060039886445,-0.9780702550757592,-0.48308022465227135,-0.3637424988426615,-0.08547268154554077,-2.2186033502235185,24.68503908024415,54.705127023061
1862,0.3680905883625414,-0.8418181317675661,-1.0847462415003193,-0.47843272980650436,-0.3748180668358526,-0.09505818474787694,-2.3333680606128473,24.73488190637538,54.71526892053305
1863,-0.4446104915446128,0.23045408654032276,-0.8660895044639988,-0.4151082477924254,-0.3754155773732576,-0.10200437200480134,-2.4466665668782728,24.784032549804422,54.725408123712626
1864,0.3748165103012609,0.9479445919064843,-0.44669340057094503,-0.3037374955326953,-0.36592557759568395,-0.10599428576474527,-2.558442606651632,24.832487640828003,54.735544623079946
1865,-0.3888875353594774,1.1002113467782073,0.05489925797789076,-0.15956122704041367,-0.34709406837140794,-0.10685007527809878,-2.668639917564832,24.880243809742776,54.745678409115364
1866,0.4805512691007574,0.39204176703153415,0.5233831786656383,0.002218155164066728,-0.3194965171499107,-0.10460465423409558,-2.7772003577225277,24.927297686845446,54.755809472299084
1867,-0.06333008846503208,-0.39743199775803806,0.8418452450506186,0.16639824856032262,-0.28366174457851256,-0.09934553890162758,-2.8840578294518173,24.97364590243267,54.76593780311142
1868,-0.6723617972190287,-0.8316895498998877,0.8913971059435533,0.31773081427553324,-0.24010474691614075,-0.09117770014023063,-2.9891426048776175,25.019285086801194,54.776063392032626
1869,-0.8854959119780699,-0.5314713756505639,0.6064819944486873,0.4420187787452171,-0.1892837242852007,-0.0802622674814726,-3.092385593589265,25.064211870247657,54.78618622954302
1870,0.9441834576400833,0.16760829147552816,0.13565673920917512,0.5299572749247559,-0.13163705808600873,-0.06677588864607302,-3.1937220057090134,25.108422883068727,54.79630630612283
1871,-0.9265731059868514,0.5459894672547444,-0.3196452831360685,0.5734759464875512,-0.06760163113547983,-0.050895634805041653,-3.2930881264923793,25.15191475556117,54.80642361225236
1872,0.02443181730249827,0.2543065641626887,-0.5936319304310509,0.5645651717600754,0.0023249390964403234,-0.03279857712929771,-3.3904202411948576,25.194684118021623,54.81653813841187
1873,0.7179826206812004,-0.19243391741832924,-0.6536530859064693,0.49592966262297866,0.07711366605388285,-0.012661786789820755,-3.485654635071884,25.236727600746782,54.82664987508166
1874,-0.037388828981321974,-0.3896459086918556,-0.5095222453700858,0.366625157970973,0.15452110663354074,0.009337665042409635,-3.578727593378955,25.278041834033314,54.83675881274197
1875,-0.44342013733817254,-0.264307575694157,-0.2170210121162095,0.19379764201415386,0.23201538725846732,0.03302270719644407,-3.669575401371575,25.318623448177938,54.84686494187312
1876,0.3374524584954982,0.14625609511296195,0.11470974985493679,-0.0010021884438472825,0.30706463435162545,0.05821626850138344,-3.758134344305251,25.35846907347733,54.85696825295536
1877,-0.26599557803838664,0.33468521003108226,0.3653523832227749,-0.1962236365994896,0.3771369743361389,0.08474127778618784,-3.844340707435428,25.39757534022817,54.86706873646896
1878,0.2204169543869811,0.12366086938786705,0.4409772767818481,-0.3721507836754599,0.43970053363507117,0.11242066387991793,-3.928130776017601,25.435938878727168,54.87716638289421
1879,-0.15926883153909666,-0.14220881020723927,0.3535066665781764,-0.5167064857899943,0.49222343867137497,0.14107735561164444,-4.0094408353072275,25.47355631927097,54.887261182711384
1880,0.04599844986841113,-0.18719352190053534,0.1497637546094611,-0.6208470282531491,0.5321738158681941,0.1705342818104079,-4.088207170559861,25.510424292156305,54.89735312640076
1881,-0.0005685882326302774,-0.04421979170082642,-0.08663298894574285,-0.6758283591660915,0.5570197916485923,0.20061614391341273,-4.164367839639174,25.546539427679864,54.907442204442596
1882,0.11119096989413367,-0.1935974148808259,-0.2516301272234107,-0.6734715007916878,0.5647945665971702,0.23116167970856116,-4.23787493675944,25.581898356138314,54.917528407317185
1883,-0.1416616870262782,-0.39644129117823707,-0.2961014697265698,-0.6090599548106497,0.5558424981588055,0.2620225836633366,-4.308710112413543,25.61649770782833,54.9276117255048
1884,-0.13898299053332056,-0.3104739143412418,-0.2002871764847454,-0.48568777472265207,0.5312946532151442,0.2929729033464517,-4.37686196301201,25.650334113046657,54.93769214948572
1885,0.2928299396229162,-0.12196445359297266,-0.018425135397255283,-0.31739818308666445,0.4924058374784456,0.32369720811075925,-4.442319084965341,25.68340420208989,54.947769669740225
1886,-0.3742352779195393,0.27543864593207273,0.16667804973179007,-0.12067114903371698,0.440449454817575,0.353861469152475,-4.505070074684046,25.715704605254814,54.95784427674857
1887,0.46752847501199246,0.39791566699704695,0.2666675476660859,0.08801335830516023,0.37669901003537354,0.38313155673386984,-4.565103528578627,25.747231952838046,54.96791596099104
1888,-0.5522972881094576,0.27431513021236664,0.21944807024188673,0.2913731935786894,0.3024280079346619,0.4111733411172044,-4.622408043059631,25.777982875136328,54.97798471294795
1889,0.1315458662443071,0.199627254565028,0.06307343054760706,0.47015849175176727,0.21890995331825086,0.43765269256469913,-4.676972214537468,25.80795400244629,54.988050523099524
1890,0.6123810624764645,0.09493782450156193,-0.13361332880844426,0.6101699019347684,0.1274183509890014,0.46223548133866516,-4.728784639422749,25.83714196506468,54.998113381926046
1891,-0.5114029797438675,-0.166778760646792,-0.30351935887246423,0.7019854915406245,0.02924527095109583,0.48458757770135313,-4.777833914125893,25.865543393288117,55.00817327990782
1892,-0.36452905561648646,-0.2903429677118443,-0.3895341792353456,0.73689429642116,-0.07413943565348248,0.5043748519150237,-4.82410863505751,25.893154917413383,55.01823020752509
1893,-0.28435681892043163,0.018365738372697206,-0.3633913386069349,0.7081149548573905,-0.18065563431183976,0.5212631742419076,-4.867597398628031,25.91997316773709,55.028284155258156
1894,0.3640428547106943,0.18609808093925964,-0.25317668100625274,0.6194853663312939,-0.28740912281457764,0.5349184149443257,-4.9082888012479735,25.945994774555942,55.03833511358728
1895,-0.3371716630705797,0.07006443095888959,-0.10213288443097347,0.4821337325377672,-0.39132806211110194,0.5450064442844885,-4.946171439327868,25.971216368166637,55.04838307299275
1896,-0.005291335995837444,-0.21360921369744115,0.05657640085375443,0.3076429359232254,-0.4893406131508486,0.5511931325246567,-4.981233909278186,25.995634578865836,55.05842802395484
1897,-0.4596692686978249,0.28188057255314525,0.21177029276455356,0.10699780394170157,-0.578374936883314,0.5531445508810353,-5.0134652433592874,26.01924627184618,55.06846995695381
1898,-0.6111454369610613,0.3865897840706297,0.4194030212727922,-0.10771764563288874,-0.6553591942579643,0.5505305416377788,-5.04285918448322,26.042049251883984,55.07850886246995
1899,1.1105834417460925,-0.06515618805949626,0.6753331415018212,-0.3197363752203484,-0.717221546224165,0.5430376037706546,-5.069426367149542,26.06404155865144,55.08854473098355
1900,-1.249690484632844,-0.5982086141293115,0.7716644306616445,-0.5038487733613259,-0.7608901537314327,0.5303735504228473,-5.093199061243643,26.08522155303922,55.098577552974845
1901,1.2738680002896166,0.009212366408115872,0.5269644695753264,-0.6389832314926152,-0.7832931777292133,0.5122507814662449,-5.114215408253342,26.105588880811712,55.108607318924165
1902,1.1830560896877436,0.8020131192440153,0.04871376743786816,-0.7120695513539761,-0.7814158165186188,0.4884387341244417,-5.13251387088492,26.1251435089517,55.118634019311756
1903,-1.284747016124352,0.818519136969417,-0.4829013645375616,-0.7110247392223127,-0.7532318142620243,0.45897565996158696,-5.148132911844713,26.143885404442102,55.12865764461785
1904,0.08461597009990479,-0.28113340059728603,-0.876283389297645,-0.6206872412166001,-0.7000131723671718,0.42411950762930867,-5.161110993838962,26.16181453426564,55.13867818532281
1905,1.1909583733809341,-0.9673659634103344,-0.895717689392096,-0.43359270403269673,-0.624590824997067,0.38416889071317545,-5.171486703938783,26.178930989770013,55.148695631906854
1906,-1.125083861443226,-0.10138144134026153,-0.3876568961645033,-0.1799510913987237,-0.5299953403898348,0.3394224227986957,-5.179299126674364,26.195235359761917,55.1587099748503
1907,1.0293755409541059,0.9277171374337362,0.3003599453177815,0.09676385450098239,-0.4192572867836598,0.2901787174714583,-5.184587470940745,26.210728357412986,55.168721204633364
1908,-0.05122033832154722,0.8258995507353891,0.7451762557200751,0.35206631396755766,-0.2954072324166969,0.23673638831709204,-5.187391016622128,26.225410766883872,55.17872931173638
1909,-0.7549610811059587,-0.03187642632494991,0.786585019268893,0.5420655693957239,-0.16147574552706057,0.17939404892104505,-5.1877493765152085,26.239283705247903,55.188734286639615
1910,-0.26026636960548466,-0.5251325369369851,0.5283902004969512,0.6336695415446332,-0.02049339435295582,0.11845031286898655,-5.185702500815703,26.25234862697725,55.198736119823295
1911,-0.4607695840044943,-0.35857472745195945,0.10037823680645923,0.6282379385416313,0.12447289376932373,0.05420379374637457,-5.181290671012402,26.264607317837328,55.20873480176774
1912,0.4873499089929907,0.20293629109725234,-0.32397153805383716,0.5363823795184862,0.2701121353537437,-0.013046894861161873,-5.174554239178644,26.276061634177942,55.21873032295323
1913,-0.041918162014964795,0.2199453101188525,-0.4769017942944818,0.36924799366569583,0.4127272430717179,-0.08300313936807423,-5.165533557387677,26.2867134323489,55.228722673860034
1914,-0.37541418391689574,-0.02834014108615769,-0.3035114799584453,0.1429232482191783,0.5487014469754729,-0.1553663261888039,-5.154268977712749,26.296564568699992,55.23871184496841
1915,0.26254232296818153,-0.15098711280971636,-0.03358149009746267,-0.10611246383748801,0.6744627114017144,-0.22983784173778216,-5.140800852227107,26.305616899581008,55.24869782675866
1916,0.21059750122436693,0.009267495087266129,0.127964268420223,-0.33553255103837915,0.7864390006872387,-0.3061190724294806,-5.125169533003991,26.313872281341713,55.258680609711035
1917,-0.40534471997510996,0.20012737733772565,0.16256833506209759,-0.5070752494361918,0.8810582791686611,-0.3839114046782903,-5.1074153721166455,26.32133257033191,55.268660184305844
1918,-0.2492396835751365,0.026395163864042778,0.10924793282930585,-0.597293141688699,0.9547485111827777,-0.46291622489868295,-5.0875787216383515,26.327999622901412,55.278636541023324
1919,0.6000143105788537,-0.2922427549905171,0.02138974687435517,-0.6073361602658979,1.004224745206871,-0.5428349195050998,-5.0656999336423345,26.33387529539998,55.28860967034378
1920,-0.6730771353528471,-0.5268389644004537,-0.040779782842152695,-0.5496618483508634,1.0280184256956613,-0.623382341472379,-5.041819360201834,26.338961444177382,55.29857956274748
1921,0.6653619549187019,-0.27072555681644084,-0.030678931469658086,-0.4430793564282915,1.0276038846691715,-0.7043107757814868,-5.0159773533901575,26.343259925583467,55.308546208714695
1922,0.6378429125148203,-0.00750651211161873,0.028183182648672655,-0.3053250520537155,1.0050575285645709,-0.7853199889759307,-4.988214265280492,26.346772595967977,55.31850959872572
1923,-0.645172055566602,0.358354180816763,0.09092609628239924,-0.14985482474785217,0.962438337359762,-0.866092321139861,-4.958570447946126,26.34950131168072,55.328469723260795
1924,0.32839700076310374,0.7607747899807411,0.11084671911763477,0.011698063052028395,0.9018050429766528,-0.9463098643015744,-4.927086253460237,26.35144792907144,55.338426572800216
1925,0.10681102533136022,1.0074925896534626,0.03816208239699945,0.17078022735219928,0.8252163773371911,-1.0256547104892868,-4.893802033896214,26.352614304490036,55.348380137824265
1926,0.6414803977328096,0.35034775021467984,-0.14368777170437255,0.3183629413526081,0.7347310723633755,-1.1038089517313052,-4.858758141327163,26.35300229428614,55.35833040881323
1927,-0.7783476021423229,-0.5576471307565639,-0.319521488928514,0.4446976706357864,0.6323770280168738,-1.1804546800558755,-4.821994927826423,26.352613754809674,55.36827737624736
1928,0.9626381263311714,-1.0322909445425135,-0.3408869118970054,0.5396693298237574,0.5200255602257391,-1.2552739874912344,-4.783552745467201,26.351450542410365,55.37822103060693
1929,-0.21284554074165732,-0.6720624610257869,-0.1139245188779501,0.5932202542597497,0.39935730296381183,-1.3279489660656683,-4.743471946322757,26.349514513438013,55.38816136237224
1930,-1.2527737620059782,0.14415517217936047,0.23068934364693855,0.6010388267279283,0.2719391234595662,-1.3981617078074131,-4.701792882466366,26.346807524242408,55.39809836202355
1931,1.2514026162205376,0.8156803920105333,0.5060416067153519,0.5602076623993846,0.1394544821557163,-1.4655943047447557,-4.658555905971227,26.34333143117333,55.40803202004115
1932,-1.1256251815396277,0.455721795324007,0.5636586232347403,0.4691659051759682,0.0037586581356294055,-1.5299288489059022,-4.613801368910668,26.33908809058057,55.4179623269053
1933,-0.76502572386895,-0.16652330488442252,0.40677018404365306,0.33448408091883924,-0.13325681244228843,-1.5908474323191792,-4.567569623357847,26.33407935881392,55.42788927309627
1934,0.43349850653142646,-0.4832914507414569,0.0688285036576949,0.17247806105334415,-0.26970039341966134,-1.648032147012803,-4.519901021386102,26.32830709222319,55.437812849094364
1935,0.45627512429602474,-0.1559636491428652,-0.3756540855224012,0.0015179665530479303,-0.4036805486381236,-1.701166006253237,-4.470834993830433,26.321773147158144,55.44773304537984
1936,-0.3534232628980529,0.3228270008844037,-0.667858152007267,-0.16002608160851456,-0.533305741939279,-1.7499377848551476,-4.420405209977688,26.314479379968564,55.45764985243297
1937,0.2338293366675092,0.08957519646902251,-0.5523778660399655,-0.29565154092219187,-0.656684437164742,-1.7940454852531953,-4.368636111494731,26.306427647004252,55.46756326073404
1938,0.2030806348938306,-0.23466191405013356,-0.14504581847502174,-0.3978016196603937,-0.7719250981561565,-1.8331891864775651,-4.315550063452881,26.297619804614996,55.477473260763325
1939,-0.48616640571885555,-0.060544505185221066,0.32333679824630407,-0.4666888522568976,-0.8771361887551066,-1.867068967558422,-4.261169430923478,26.288057709150568,55.48737984300111
1940,0.53383530444253,0.22793546415888727,0.6485318858869616,-0.5040012100697703,-0.9704261728032365,-1.8953849075258709,-4.205516578977941,26.277743216960797,55.497282997927634
1941,-0.49759836779068256,-0.10638535624448796,0.6887538092362344,-0.5122499818836408,-1.0499300456383938,-1.9178370985213584,-4.1486138595762965,26.266678184395417,55.507182716023216
1942,-0.23491890601761137,-0.25936822478867533,0.518237973160879,-0.4971164703090886,-1.1141685702528807,-1.9341257144485038,-4.090483542916501,26.254864467804286,55.517078987768095
1943,0.26073968063725256,-0.3098323747343497,0.2623356749982604,-0.4644185470479986,-1.1630008515992696,-1.9439515406178112,-4.031147768815806,26.24230392353712,55.526971803642596
1944,-0.15093176884700082,0.11328570579703098,0.015847004631826537,-0.41906961105717305,-1.197327199062354,-1.947034087675773,-3.9706296058572472,26.22899840794373,55.53686115412695
1945,0.08402220407172667,0.36747806824575663,-0.19712110717978915,-0.3657640660219172,-1.2181696756049847,-1.943185578916745,-3.908956651669435,26.21494977737392,55.546747029701464
1946,-0.06524927356304748,0.2740702440194067,-0.37148887814666604,-0.30918999801275715,-1.2264355690826108,-1.9323355854221653,-3.8461602488160294,26.20015988817747,55.55662942084641
1947,-0.05687188682328052,0.1628721709002412,-0.5035423390122725,-0.2538792743260157,-1.2229994558587032,-1.9144456930525513,-3.7822724365736082,26.18463059670417,55.566508318042025
1948,0.21878814218262455,-0.0787422362344356,-0.5655753959306168,-0.2036793269061094,-1.2086711866240878,-1.8895422133409645,-3.7173252542188706,26.16836375930384,55.576383711768614
1949,0.24360947189103685,-0.2772635488490272,-0.5393335871605027,-0.1613663497956766,-1.184104771538659,-1.8578072983514782,-3.651350741028396,26.151361232326234,55.58625559250647
1950,-0.1224116000613043,-0.36737884814362853,-0.4195374067041798,-0.12666271075865193,-1.1499169783323189,-1.8194603425780578,-3.584380936278812,26.133624872121104,55.59612395073585
1951,-0.05742913766579656,-0.3786529474493093,-0.2197046472946223,-0.09746538506906113,-1.106724574734939,-1.77472074051486,-3.5164478792467393,26.11515653503828,55.60598877693704
1952,-0.5506230454997415,-0.08813338288429791,0.024868308112528815,-0.07138419440526596,-1.0551443284764115,-1.7238078866558297,-3.4475836092088556,26.0959580774276,55.61585006159028
1953,0.5784413015070284,0.41277245497984827,0.26363040136747257,-0.046028960445587935,-0.9957930072865576,-1.6669411754951238,-3.37782016544174,26.076031355638754,55.62570779517591
1954,-0.20035083366246578,0.27341662886249773,0.4458204831166948,-0.019009504868368728,-0.9292873788953496,-1.6043400015267277,-3.3071895872220316,26.055378226021595,55.635561968174144
1955,-0.50616385252201,0.009942218664257943,0.5329360513221522,0.012064350648090241,-0.856244211032589,-1.5362237592447376,-3.235723913826359,26.0340005449259,55.645412571065286
1956,-0.3039363971491149,-0.28688793486517344,0.4985412566789522,0.048670611407014217,-0.7772802714282077,-1.4628118431431694,-3.163455184531372,26.01190016870145,55.65525959432963
1957,0.22274804684646368,-0.2828465042196755,0.33502929873174175,0.08863859063782564,-0.6930123278120673,-1.3843236477160685,-3.090415438613668,25.98907895369802,55.665103028447426
1958,-0.1844557754130601,-0.02700562242117871,0.07371427650199816,0.1289379318893244,-0.60405714791406,-1.3009785674575114,-3.016636715349897,25.96553875626544,55.67494286389895
1959,0.08818423110625559,0.21154441647025923,-0.21638707319379666,0.16677645204157662,-0.5110314994639867,-1.2129959968615942,-2.942151054016648,25.941281432753442,55.68477909116449
1960,0.038826943050025084,0.2489764970293904,-0.46614548568816744,0.19955947987730294,-0.4145521501918301,-1.1205953304223022,-2.866990493890599,25.916308839511867,55.694611700724316
1961,0.024694932530189936,0.17182929269741562,-0.626018815199269,0.22484997873198198,-0.3152358678274216,-1.0239959626337218,-2.7911870742483598,25.890622832890482,55.704440683058706
1962,0.1631171330935593,-0.004169148024355633,-0.6658729536646041,0.24032321316545577,-0.21369942010064286,-0.9234172879898688,-2.714772834366579,25.864225269239093,55.714266028647934
1963,-0.10814172704851384,-0.16417315694658666,-0.5659131051458649,0.2444455661297747,-0.1105647953618375,-0.8190787009848591,-2.637779813521825,25.83711800490742,55.7240877279723
1964,-0.13976980934118327,-0.22638437001599687,-0.3267888822789576,0.2376587206868601,-0.006484679704632513,-0.7111995961126785,-2.5602400509907874,25.809302896245338,55.733905771512035
1965,0.19123397159098382,-0.09592729148201944,0.0036175563359921474,0.22092741791110046,0.09783135021139204,-0.5999993678674331,-2.482185586050055,25.780781799602597,55.743720149747446
1966,-0.18640089464288379,0.16986886840365595,0.35390035386738294,0.19528594820711603,0.20160416839636403,-0.4856974107431589,-2.403648457976276,25.751556571328994,55.75353085315879
1967,0.18308892536125318,0.027427240647163,0.6518674684309496,0.1618318953889342,0.3039913554510243,-0.3685131192339118,-2.3246607060460502,25.721629067774277,55.76333787222636
1968,-0.18538855990324274,-0.1360522896096191,0.835405428917306,0.12171883227956455,0.40409450296704097,-0.24866588783373755,-2.2452543695360765,25.691001145288336,55.77314119743043
1969,0.19270013731944985,0.0004484892039325498,0.8588933620031335,0.07619013083509057,0.5009889999258428,-0.12637511103669222,-2.165461487722873,25.659674660220833,55.78294081925129
1970,-0.03908999793279016,0.07349327101488705,0.7317811500158395,0.02685768272989766,0.5937439803013164,-0.0018601833368015568,-2.0853140998831887,25.627651468921666,55.79273672816916
1971,-0.1499675828180774,0.09155141881567899,0.48389372050777707,-0.024174014040980085,0.6814188596524215,0.1246595007718282,-2.0048442452935635,25.594933427740514,55.802528914664386
1972,0.1885859258360497,-0.06433018408315352,0.16468662255294123,-0.07472808178044163,0.7630653716656072,0.25296454679517133,-1.9240839632306554,25.56152239302728,55.812317369217205
1973,-0.2086923862289026,-0.13337301423143355,-0.14234540078062563,-0.12259388251486411,0.8377121130481797,0.3828355602391718,-1.8430652929710936,25.527420221131674,55.82210208230791
1974,0.02007876411452841,-0.06562050456431737,-0.36010787226805957,-0.16544115078167285,0.9043460778609642,0.5140531466097837,-1.761820273791507,25.492628768403524,55.831883044416756
1975,0.0839813596361601,0.09769329248886255,-0.47783915283575745,-0.20059265354760747,0.9619300505972945,0.6463979114129513,-1.6803809449685143,25.45714989119257,55.84166024602404
1976,0.09279747050125575,-0.046309768426097735,-0.5440399312349179,-0.22521253765790197,1.009474528983117,0.7796504601545883,-1.5987793457787345,25.420985445848665,55.85143367761001
1977,0.0010878894977198372,0.06260770166647048,-0.6251386581968388,-0.23655889603155816,1.0461174618458056,0.9135913983406789,-1.5170475154988268,25.38413728872156,55.861203329654984
1978,-0.09122034425501689,0.09800791975129071,-0.7162548587934014,-0.23220193613473897,1.0713089125598252,1.0480013314771877,-1.4352174934053896,25.346607276161034,55.87096919263921
1979,0.027905307908815444,0.033373745979709164,-0.8145342008094194,-0.21020021937255154,1.084987298438645,1.1826608650700179,-1.3533213187750923,25.308397264516906,55.88073125704297
1980,0.10377598031130075,0.018479279065784317,-0.8966643695508144,-0.16895769465401714,1.0874086076016234,1.3173506046251542,-1.2713910308845136,25.269509110138948,55.89048951334654
1981,0.028393726859696974,-0.11193016379978481,-0.910115048309612,-0.10781390032608465,1.0788824913067627,1.4518529418721893,-1.1894586690103022,25.22994466937694,55.9002439520302
1982,-0.0840462116585902,-0.10413309917548838,-0.7997770974253232,-0.029856550819149178,1.0597138795058587,1.5859549898468621,-1.107556272429067,25.1897057985807,55.9099945635742
1983,-0.31326482199714567,-0.25437831171648795,-0.5333065433127699,0.058478301149357974,1.030221358509069,1.7194302052266206,-1.0257158804175075,25.148794354099994,55.91974133845887
1984,0.5018681142704104,-0.18403434283804287,-0.16344599455584025,0.15010973661121824,0.9907488261369133,1.852026733178449,-0.9439695322521721,25.107212192284624,55.92948426716443
1985,-0.620019316174066,0.11096068003918222,0.22413365801158774,0.23795683659816277,0.9416443343245431,1.9834885647547509,-0.8623492672097096,25.064961169484352,55.939223340171196
1986,0.7125097325953399,0.45100615258422033,0.5346152412217755,0.3149140911202022,0.8832757243893627,2.1135644926474475,-0.7808871245667692,25.022043142048993,55.94895854795943
1987,-0.5536581108685843,0.44840316902601257,0.685830100720297,0.37370631784344777,0.8161793358294339,2.2420044837116118,-0.6996151435999496,24.97845996632833,55.958689881009406
1988,-0.7307023835512764,0.3151044515080049,0.6643147466957469,0.40744038474788175,0.7412188309098056,2.3685585048022264,-0.6185653635858898,24.93421349867212,55.96841732980138
1989,0.17011270720847624,0.16777326778730836,0.5171289604038118,0.4129248968402994,0.6594069885411248,2.4929765227743244,-0.5377698238012186,24.889305595430184,55.978140884815694
1990,0.6562867383054469,-0.140490073487334,0.3013688794937844,0.39168502524084037,0.5718028400019921,2.615008504482989,-0.45726056352260525,24.843738112952355,55.98786053653252
1991,-0.3713399287446856,-0.4205315065344148,0.07372273851120618,0.3462622182864445,0.47946250070430957,2.7344044167831933,-0.3770696220266082,24.797512907588313,55.997576275432245
1992,-0.4439786917983161,-0.581145206200374,-0.10912122799841109,0.27920017400012254,0.38343983637389867,2.850914226529959,-0.2972290385898765,24.75063183568793,56.007288091995065
1993,0.2635314478209703,-0.423886962453402,-0.20408556690054924,0.19302831235009882,0.2848029907913067,2.964287900578381,-0.2177708524890893,24.703096753600985,56.016995976701295
1994,-0.015852842370512012,-0.19405058093340655,-0.22233964259584899,0.09045261746478515,0.18463270794391873,3.07427540578343,-0.13872710300079513,24.654909517677233,56.0266999200312
1995,0.04542639224432758,0.04053773712537016,-0.18835671193656758,-0.02458828525409304,0.08401100440140954,3.1806277960896967,-0.06012982940167311,24.606071984266478,56.03639991246505
1996,0.06661726124958939,0.2399835532243775,-0.12851709737329048,-0.14587062250909744,-0.01598445162470028,3.283100473799793,0.01798892903165789,24.55658600971853,56.04609594448315
1997,-0.09772352311688189,0.36771901798690687,-0.06888863572084505,-0.2661182984142083,-0.11428035408331555,3.381453203376897,0.09559713302256896,24.50645345038313,56.05578800656574
1998,0.05499962559236866,0.29111616831662196,-0.02684829578926068,-0.37872484557813224,-0.20982292715697928,3.475465279517706,0.1726627432944513,24.45567616261013,56.06547608919309
1999,-0.06534258283950668,0.1284590710968463,-0.0068202761829585295,-0.478223720130547,-0.30158738989717276,3.5649449917878844,0.24915372057064586,24.40425600274927,56.075160182845536
2000,0.18181602223337773,0.009893137842726963,-0.00510953052399782,-0.5598244286780817,-0.38855539130485434,3.6497070597026333,0.32503802557457395,24.352194827150342,56.08484027800329
2001,-0.25240534796206804,-0.17305567473120131,-0.009091945179857733,-0.6195991308623406,-0.46970858038103264,3.7295662027771663,0.4002836190295263,24.299494492163156,56.09451636514665
2002,0.18473989387672549,-0.10295385088953624,-0.012466996015473499,-0.6548352393535205,-0.5440246986971754,3.804337140526624,0.47485846165896445,24.24615685413748,56.104188434755905
2003,0.21479276082378107,-0.04952377331224319,-0.009324816432418162,-0.6641143899259146,-0.6104425197014052,3.8738419776275617,0.5487305141861891,24.192183769423114,56.11385647731133
2004,-0.26272964918853486,0.08206331832683017,-0.004079864504389508,-0.6482537905133139,-0.6679001058856984,3.9379347767674293,0.6218677373346317,24.137577094369867,56.12352048329317
2005,0.24274556602929875,-0.0407157993640823,-0.022562244148965176,-0.6099698866461409,-0.7157532028754626,3.996498346668504,0.6942380918276131,24.082338685327503,56.133180443181736
2006,-0.2198453360137534,-0.04368001371918121,-0.07277934800947758,-0.5545338849380012,-0.7537446527504302,4.049466950939246,0.7658095383885345,24.026470398645777,56.14283634745729
2007,0.17638612498931006,-0.01986604205955077,-0.12195524120261214,-0.48840207414460624,-0.7819707147152883,4.096795632117337,0.8365500377407368,23.969974090674558,56.15248818660011
2008,-0.07608988313075946,0.17646959472289664,-0.12247925121589807,-0.41710256399303836,-0.800654720465221,4.138441704620329,0.9064275506076515,23.912851617763554,56.16213595109049
2009,0.02592810557302916,-0.020665512976236224,3.0137601433113096e-05,-0.3419097104802321,-0.8100406505580667,4.1743631254562175,0.9754100377125893,23.855104836262623,56.171779631408654
2010,0.039625659145178446,-0.3247961636250789,0.18963194590899066,-0.26022547355852416,-0.8103828728351625,4.204526624629203,1.0434654597789617,23.796735602521508,56.181419218034925
2011,0.2729763360167822,-0.5284847783770679,0.3478816823260996,-0.1686986688411613,-0.8019710053145727,4.228934182320222,1.1105617775301193,23.73774577288999,56.19105470144959
2012,-0.4636205787186891,-0.21623247073668592,0.39586245670678055,-0.06399274748746453,-0.7851473423623805,4.247640455058249,1.1766669516894435,23.678137203717892,56.20068607213287
2013,0.5902853524372973,0.7446741116760776,0.25877540446890956,0.05584519548982389,-0.7602951518471773,4.260741072874691,1.2417489429803155,23.61791175135499,56.21031332056507
2014,-0.7144299180520997,0.6327180663079124,-0.08835597677008336,0.1867504428470911,-0.7278141297451018,4.268348093908645,1.3057757121260862,23.55707127215108,56.21993643722647
2015,0.8057443378009215,-0.40501405267167107,-0.48761099994001633,0.3205228556405457,-0.6881100266289694,4.270579630895751,1.3687152198501469,23.49561762245591,56.229555412597385
2016,-0.8319476108570242,-0.8614562744841748,-0.734079355730594,0.448259714918462,-0.641589598124594,4.267553841938475,1.4305363865621197,23.433552658619323,56.239170237158014
2017,0.7788303021733015,0.1848976370869359,-0.6767606481341861,0.5614361525411178,-0.5886595998577895,4.259379287091392,1.4912177307194552,23.37087823699109,56.248780901388685
2018,-0.6350961258700082,0.8408954774963495,-0.3819042374638238,0.6529457664124847,-0.5297267874543696,4.2461405295125845,1.5507617676761787,23.30759621392097,56.258387395769645
2019,-0.15194397503280394,0.5961332763072511,0.03652905714529348,0.7156882564340596,-0.46519791654017856,4.227916373057484,1.6091767720889167,23.24370844575879,56.26798971078118
2020,0.08329451337131237,-0.0028612998277555133,0.4845148779400127,0.7424703853037226,-0.3954797427409999,4.20478562158147,1.666471018614316,23.179216788854315,56.2775878369036
2021,0.012674210652210985,-0.4730326815444665,0.8544538518320258,0.7260635523099251,-0.32094365827318905,4.176827078939994,1.7226527819090032,23.114123099557382,56.2871817646171
2022,0.3617194768513698,-0.6054325567113319,1.0493843742341247,0.6592828693478722,-0.2420047679599247,4.144119548988456,1.7777304980377198,23.048429072809654,56.29677148440206
2023,-0.467349995954916,-0.3337237267904127,1.035041709985758,0.5388676620138424,-0.15978347819328376,4.106741835582327,1.8317132486972032,22.9821357579208,56.30635698673869
2024,0.202008995885901,0.1305850278571355,0.8373578326918764,0.3750681807060502,-0.07558536160995988,4.064772742576999,1.8846102769923658,22.915244042792384,56.31593826210725
2025,0.6818239470758997,0.4566988976657049,0.501047101864619,0.18315402807047737,0.009284009153302955,4.0182910738279105,1.9364308260280498,22.84775481532596,56.32551530098807
2026,0.6751430375790476,0.07407126461177364,0.09910489018333497,-0.021155083218139855,0.09351906145989153,3.9673756331904726,1.9871841389090874,22.77966896342314,56.335088093861394
2027,-0.9479547811336692,-0.3517856431448198,-0.308563047363114,-0.22213944048493456,0.17581422267307192,3.912105224520157,2.036879458740371,22.71098737498541,56.34465663120752
2028,0.5492378893760286,-0.4565820714808752,-0.6674569287164509,-0.40407933105502974,0.2548697933791427,3.852552778449291,2.085526028626783,22.641710937914407,56.3542209035067
2029,0.7756389071798719,0.029682250839027036,-0.9209979485640504,-0.5512550422537192,0.3294074746917248,3.788769825083112,2.1331330916731153,22.571840540111687,56.36378090123923
2030,0.38473302510198026,0.5366170016041051,-1.006783602899545,-0.647946861406086,0.39814532647543505,3.7208115357756486,2.1797098909842703,22.501377069478828,56.37333661488536
2031,0.1765913548472671,0.7051360537621961,-0.8662472909096359,-0.6825552477339222,0.45986287819987876,3.6487371333263448,2.2252656696651103,22.430321413917355,56.38288803492542
2032,0.14424402048375226,0.2571566657436052,-0.4685662062415018,-0.6600787427681111,0.5137284771270666,3.572596501666219,2.2698096708204774,22.35867446132889,56.3924351518396
2033,0.2855948224864222,-0.4908534993131045,0.05171302718871003,-0.5901085786745824,0.5594366214351653,3.4924514135989346,2.313351137555234,22.286437099614982,56.40197795610824
2034,0.8137739491484908,-1.112006894460454,0.5043975138377069,-0.48236514173051676,0.596752924040813,3.4084216813009123,2.355899312974222,22.213610216677214,56.411516438211606
2035,-0.24339185484186368,-0.6472193783396406,0.7324012073559794,-0.3465717580599844,0.6254314278644991,3.320641626791572,2.397463440182344,22.140194700417116,56.42105058862998
2036,-1.1652469269248975,0.4731606076567378,0.7255211092441956,-0.1927311367575861,0.6452261758267226,3.2292455720904956,2.4380527622844226,22.066191438736322,56.4305803978436
2037,1.2352105181953346,1.5757875831799368,0.5110492673586823,-0.03169011705356664,0.6558912108480532,3.1343678392171026,2.477676522385349,21.991601319536304,56.4401058563328
2038,-1.3035677952144666,0.9641425359910875,0.1371991375636946,0.12650664673331966,0.6571818912646815,3.0361414347752125,2.516343963589906,21.916425230718755,56.44962695457781
2039,0.04317484430265097,-0.5314929050168418,-0.2611466979361456,0.2720391042245606,0.6488597287578177,2.9346938534208196,2.5540639666785157,21.840664422509693,56.45914368305892
2040,1.1101481704500602,-1.8725137261165803,-0.5273700249146711,0.39506588546392724,0.6306978320385838,2.8301502732555863,2.5908439631333473,21.76432159443333,56.46865603225641
2041,1.4208540798213019,-1.7511345510391831,-0.5436060063929551,0.4864989713663293,0.6024970610469532,2.722635622096457,2.6266910221121704,21.687399808338377,56.47816399265054
2042,-1.5081089967228027,0.505241217055371,-0.3653865963914966,0.5426305428203021,0.5641671119103913,2.6122748277604058,2.6616122127726136,21.609902126073578,56.48766755472163
2043,1.4040162079395897,1.947094476619144,-0.16048736829089053,0.569471320865026,0.5160996220927795,2.499192818064348,2.6956146042724565,21.531831609487632,56.49716670894992
2044,-1.2053377831136964,-0.04004443286759105,-0.06954961954415374,0.5737015812089904,0.4591577014768299,2.383514520825308,2.728705265769318,21.453191320429326,56.50666144581567
2045,0.8028987989264024,-1.8194542421605726,-0.050304945343440655,0.5558895129855814,0.39457866876434694,2.2653648638601807,2.760891266420977,21.373984320747304,56.51615175579921
2046,-0.6123785797375927,-1.4730140228462505,-0.014993106028321896,0.5098160019984903,0.3236699545715027,2.14486877498597,2.792179675385093,21.294213672290358,56.52563762938075
2047,0.8825682117544157,-1.1846995467829469,0.0994335566641308,0.43122990473159034,0.24773763584597955,2.022151182019631,2.822577561819385,21.213882436907177,56.535119057040625
2048,-0.8580282354825263,-1.013902891245378,0.31115060483094514,0.3256740189962379,0.16808778953545983,1.8973370127781382,2.8520919948815626,21.132993676446485,56.54459602925907
2049,-1.2062114755202793,-0.4080511422228916,0.5302629952107821,0.20107290186360408,0.08602649258766613,1.7705511950783757,2.880730043729355,21.051550452756995,56.55406853651639
2050,-0.5572699713316054,0.7170657412097569,0.6584660919507699,0.06536848498273741,0.0028598219502405215,1.641918656737389,2.9084987775203905,20.969555827687465,56.56353656929285
2051,1.3631741088462428,1.1939044641463503,0.6393401542068858,-0.07329515391022855,-0.08010614542910446,1.511564325572122,2.9354052654124185,20.8870128630866,56.57300011806872
2052,-1.2223820221094168,0.30090201090894003,0.45164300852418554,-0.20605116481105223,-0.1615653326027066,1.3796131293994895,2.9614565765631586,20.80392462080313,56.58245917332426
2053,-0.4443085781077953,-0.34353007780952616,0.10619347774446397,-0.32320082359662483,-0.24021166262289365,1.2461899960364762,2.98665978013031,20.72029416268576,56.591913725539825
2054,0.6101378862184146,-0.45617298803413725,-0.3542853544347342,-0.41487059955799926,-0.31473905854199324,1.1114198533000668,3.0110219452715614,20.63612455058325,56.60136376519557
2055,-0.16736497249714402,0.07710877981983888,-0.77692130119208,-0.47118696198628895,-0.38384144341228293,0.9754276290071755,3.034550141144622,20.551418846344294,56.61080928277187
2056,0.17768252729685358,0.07772410519609134,-0.9789375804827838,-0.482269715136784,-0.4462194053219537,0.8383382509748172,3.0572514369071815,20.46618011181763,56.62025026874895
2057,-0.4470913260305048,-0.07439519437609854,-0.9160661902957707,-0.44126517920353914,-0.5006897812900529,0.7002766470198963,3.0791329017169886,20.38041140885196,56.62968671360712
2058,0.6673251812477078,-0.5929462624582315,-0.6282376346384502,-0.3544180833372764,-0.5465269576275099,0.5613677449593875,3.1002016047317023,20.294115799296044,56.639118607826624
2059,0.6771115982434034,-0.9578925186116282,-0.16920161695482194,-0.23459581142633407,-0.5834650258562785,0.42173647261026537,3.120464615109042,20.207296344998593,56.648545941887754
2060,-0.7664311303880809,-0.7509031393227017,0.37486141946238066,-0.09555811702272865,-0.6113306066041877,0.2815077577894845,3.139929002006727,20.11995610780831,56.657968706270786
2061,-1.7485160401974984,-0.10809806200214636,0.86873577245088,0.048935246321402524,-0.6299503204990166,0.14080652831399953,3.1586018345824365,20.032098149573944,56.667386891456
2062,1.9022811835502327,0.8826385098024176,1.1623326556994908,0.18512452505394225,-0.6391510411849005,-0.000242034982918719,3.176490181993869,19.943725532144207,56.676800487923664
2063,1.9270601168994288,0.9815410968281325,1.1261846050775122,0.30083465784828034,-0.6387639535886185,-0.1415084399853861,3.1936011133987643,19.854841317367843,56.68620948615405
2064,-1.7674793106745428,0.1866069188980657,0.7506312685488086,0.39072041876626534,-0.6286314842745317,-0.2828519529398555,3.209941697954801,19.76544856709354,56.69561387662745
2065,-1.0928022229332173,-0.6332272391662306,0.17968882414294646,0.45298554004248504,-0.608589107913,-0.42413879198686183,3.2255190048197093,19.675550343170045,56.705013649824124
2066,1.187923620279374,-0.9307597999650076,-0.4096797730930572,0.4863248203983504,-0.578464418470755,-0.565243055970488,3.240340103151157,19.585149707446096,56.71440879622434
2067,0.20397584398280216,-0.17444820580440962,-0.8572979332699258,0.4894903872455976,-0.5381409204912974,-0.7060402618484433,3.2544120621068746,19.494249721770384,56.723799306308415
2068,-0.6038718993473939,0.6622021812791647,-1.0694371742239956,0.4615712933512483,-0.4878390438735134,-0.8464059265783064,3.26774195084456,19.402853447991646,56.73318517055659
2069,-0.3062130409741936,0.8230823095971966,-0.978570207177404,0.40239873751474203,-0.4283493977723089,-0.9862155671177264,3.2803368385219134,19.31096394795863,56.742566379449144
2070,0.5058298479285311,0.3032653033288655,-0.589559063399916,0.31401398060396307,-0.36093543255887806,-1.1253456371856099,3.292203794296623,19.218584283520038,56.75194292346639
2071,-0.17610581718547563,-0.31375588954312794,-0.05281121931028488,0.2030524648870686,-0.28708245204076605,-1.2636792837469524,3.3033498873264184,19.12571751652458,56.76131479308854
2072,-0.1489780556069346,-0.6334261149401696,0.4477506603359885,0.07723458424066384,-0.20829914679547545,-1.4011128016200076,3.313782186768999,19.032366708821026,56.77068197879591
2073,-0.9418773833025347,-0.11291470501501412,0.7520608936907927,-0.05571926745864594,-0.12608955604558544,-1.537547136977882,3.323507761782074,18.93853492225803,56.780044471068756
2074,1.0515199287146446,0.48683146698899354,0.7881983771242904,-0.1878699784155888,-0.04195729272517665,-1.6728836622822807,3.332533681523332,18.844225218684397,56.78940226038739
2075,-0.5541849142879074,0.24015857401389723,0.5405351964376317,-0.31114214873182333,0.04259403023165023,-1.8070237499947792,3.34086695295481,18.749440722144456,56.79875533723207
2076,-1.0336848685376006,-0.30711863920294036,0.13400464349831182,-0.4202099721969759,0.12607477721203583,-1.9398687725770731,3.348514318115491,18.654184821605703,56.80810369208305
2077,-0.1408085559122424,-0.3650765827850447,-0.27069458574364874,-0.510578176510729,0.20708726294186128,-2.071320102490747,3.3554823922875765,18.558461032792344,56.81744731542063
2078,-0.053418185385237266,0.0031942905247833307,-0.5258161656232788,-0.5779211532622092,0.2844034660364918,-2.201279112197527,3.3617777746129645,18.462272887568922,56.8267861977251
2079,0.7187341075459861,0.34055851298615747,-0.5482764397110036,-0.6174170084472641,0.3568966902748783,-2.3296471741589375,3.3674070642335048,18.365623917799976,56.83612032947669
2080,-0.1552605148638157,0.02020298487664305,-0.3249498066381572,-0.6236467647106374,0.4236355453757627,-2.456325660836664,3.372376852181265,18.268517663459914,56.8454497011557
2081,-0.039073227714429,-0.35168510923874513,0.0028459922211529886,-0.5974704585069527,0.4841743306923011,-2.581217224707154,3.376693690099247,18.17095770391213,56.85477430324244
2082,-0.7291401851715533,-0.06740059565785515,0.27663825915845797,-0.5416019680703336,0.538330731045689,-2.7042321156720535,3.380364093721053,18.07294765442946,56.86409412621713
2083,0.5205310471371323,0.3068064351767722,0.41948097207187734,-0.45879236745181007,0.5859792829591216,-2.825300239518216,3.3833945818771984,17.97449112718785,56.87340916056008
2084,0.7420859702239719,0.16145346772058985,0.40275134940724006,-0.3530366127881892,0.6270308659412633,-2.9443878450177805,3.3857917161406825,17.87559169162066,56.88271939675156
2085,-0.35622531002301494,-0.14583737668774818,0.309613200395402,-0.23332549276009387,0.6614048259054327,-3.0614696473476926,3.3875620949565417,17.776252880289338,56.89202482527185
2086,-0.6333831329976756,-0.21343353721182715,0.24726950421775884,-0.10946896021470899,0.689020508765039,-3.176520361684877,3.3887123922815374,17.67647815024355,56.901325436601205
2087,0.5312663067523413,0.1547564964696915,0.2547487327625649,0.012804444962946984,0.7097972604333908,-3.289514703206229,3.3892493377272097,17.576270902878164,56.91062122121992
2088,-0.4813175241705785,0.17890925745663142,0.15852630418526767,0.13592855269203327,0.7236547766058634,-3.400427736870639,3.3891797335605403,17.47563446693264,56.919912169608246
2089,0.5549586593435478,-0.16960479494398437,-0.18029509324587742,0.2613821780641413,0.7305163918578175,-3.509238166517064,3.3885104574799803,17.37457209571492,56.92919827224651
2090,-0.7603601175217996,0.19023117594754108,-0.5114110861704179,0.38834433363253007,0.7303161597132415,-3.615935414933059,3.3872484175435287,17.273087012173484,56.938479519614944
2091,1.005172283721759,-0.19638906219520208,-0.4392293920242644,0.5136280784479633,0.7229963199303993,-3.7205170911404033,3.385400525733851,17.17118243533204,56.94775590219386
2092,-1.1524444008414425,-0.3446511614469089,-0.07394017411158346,0.6266547395818352,0.7084999091649503,-3.8229816010583733,3.3829736940335025,17.06886158421454,56.95702741046348
2093,1.1251209807198683,0.4562175906416137,0.30622046633106265,0.7166018016670965,0.6867606701827399,-3.9233180567163193,3.3799748344251204,16.966127677844682,56.96629403490414
2094,-0.8981906501662911,0.28890325601526967,0.5550655515929427,0.7730745068184012,0.6576997996860512,-4.021503024080121,3.3764108588913095,16.862983935246366,56.97555576599607
2095,-0.15743775574814492,-0.6142848270041431,0.6643890534000451,0.7870155903930545,0.621287117210397,-4.117504027328818,3.3722886794146563,16.7594335754434,56.984812594219555
2096,-0.6051451144408765,-0.8399469425443753,0.6662001237407212,0.755167024842672,0.5778522663673811,-4.211286893457793,3.367615207977797,16.655479817459565,56.9940645100549
2097,0.7472538373069709,-1.0408848671421305,0.5925660570533137,0.6787416748729608,0.5283060065068447,-4.3028174494623705,3.3623973565633265,16.55112588031871,57.00331150398238
2098,-0.8697279481474152,-0.5917013610926457,0.4594832457623213,0.564747039376481,0.47368995975837674,-4.392061522337854,3.3566420371538115,16.446374983044713,57.0125535664822
2099,0.9818017714807105,0.6845906507321674,0.25264261442546687,0.4215269597617812,0.4150457482515261,-4.478984939079626,3.3503561617319577,16.341230344661295,57.02179068803471
2100,-1.0199061552909952,1.4386875277054445,-0.006332802877362291,0.25742527743725885,0.3534149941158115,-4.563553526682962,3.343546642280291,16.23569518419231,57.03102285912019
2101,-0.572603393433253,1.463415789426245,-0.2919476188039046,0.08078583381144239,0.2898393194808119,-4.645733112143234,3.336220390781427,16.129772720661585,57.04025007021888
2102,0.9229164292218002,0.687421726448482,-0.5814842541053475,-0.10004752970725059,0.22536034647609612,-4.725489522455837,3.3283843192180225,16.023466173092963,57.049472311811066
2103,-0.8812151044821427,-0.7077064448142905,-0.768092266068275,-0.27673097171033195,0.16101969723113266,-4.802788584615984,3.3200453395726224,15.916778760510253,57.058689574377006
2104,0.886405110258058,-1.5422478163860809,-0.7228064972790453,-0.440439579011519,0.09785899387551054,-4.877596125619067,3.311210363827843,15.809713701937278,57.06790184839703
2105,-0.9209061050547673,-0.6134303053758176,-0.3737982246012284,-0.5801768957620627,0.036919858538778584,-4.949877972460442,3.30188630396634,15.702274216397843,57.07710912435136
2106,0.9507701179973913,1.1107756906514206,0.13017093573059446,-0.6842156932012423,-0.020756086649494264,-5.019599952135421,3.2920800719706698,15.594463522915783,57.0863113927203
2107,0.9132233066317167,1.3494940069461177,0.5880845045988952,-0.7435387713000546,-0.07412721955981953,-5.086727891639339,3.281798579823488,15.486284840514912,57.09550864398409
2108,-0.8483959173543949,0.1971129207808357,0.8313682187763581,-0.7501539444977993,-0.1221946560869156,-5.151227617967548,3.27104873950736,15.37774138821902,57.10470086862308
2109,0.5559227557445521,-0.9723368320708201,0.8208565265049167,-0.6995370879102755,-0.16440230932740788,-5.213064958115343,3.259837463004913,15.268836385051994,57.11388805711748
2110,0.18496548570216095,-1.0100103778335632,0.5654931216950753,-0.5977331919496187,-0.201326531541795,-5.272203418356205,3.2481716622987418,15.159573050037618,57.123070199947584
2111,-0.4303168678348677,-0.28097636374350043,0.1224967457938392,-0.45704162832160994,-0.23382480298269162,-5.328597222076015,3.2360582493714527,15.04995460219974,57.13224728759366
2112,0.31619069623868906,0.38307036493832725,-0.3584695296337824,-0.2907440422836924,-0.262756924624645,-5.382198271938733,3.2235041362056913,14.93998426056213,57.14141931053601
2113,0.2891570837340402,0.5142265980041134,-0.7300881727818689,-0.11212309753198561,-0.2889840271757238,-5.43295612243609,3.2105162347839937,14.829665244148648,57.15058625925489
2114,-0.5165380406178518,0.23592123383426514,-0.9365845193525936,0.06553374772803601,-0.313374108337452,-5.480808666557127,3.1971014570890564,14.719000771983085,57.159748124230575
2115,-0.027985947393115634,-0.019556925365524457,-0.9292425500866577,0.22910680025002184,-0.33680467767659783,-5.525682373864205,3.1832667151034144,14.607994063089302,57.168904895943356
2116,0.7959871646334373,-0.2590513254154425,-0.6697911057921604,0.36679564191054087,-0.3601627524045748,-5.567501445106093,3.169018920809714,14.496648336491086,57.17805656487349
2117,-0.8962026090811401,-0.04421164747149373,-0.19509808353394575,0.4695048418433753,-0.384335700591395,-5.606191720069493,3.154364986190541,14.38496681121226,57.18720312150129
2118,0.9195657002569527,0.2563724394883701,0.36857040389829915,0.5287722993923681,-0.4102043341557169,-5.64168559469245,3.1393118232285016,14.272952706276703,57.19634455630697
2119,-0.0963472119133182,-0.07673937810302853,0.8495591616589157,0.5361235893359607,-0.43863550141279767,-5.6739171039509655,3.123866343906231,14.160609240708144,57.20548085977086
2120,-0.5985441407397473,-0.46462925705324787,0.980871583222381,0.48485839732810004,-0.4703234160464486,-5.702820282821044,3.108035460206306,14.047939633530486,57.21461202237321
2121,-0.694748971828996,-0.08459814255744456,0.6040050669372136,0.3786166129505735,-0.5054566216958846,-5.72832916627859,3.0918260841113216,13.934947103767486,57.22373803459432
2122,0.6385189404751361,0.804283209230809,-0.04316002243777921,0.23509710270058296,-0.5441003256304615,-5.750377789299665,3.0752451276039348,13.821634870443006,57.232858886914435
2123,-0.6630853515896861,1.0661018358737575,-0.6011344123855505,0.07505762501975737,-0.5863188011001661,-5.768901120879552,3.0582995026667406,13.708006152580845,57.241974569813856
2124,0.006109418391501197,0.05019175571145002,-0.8956920253441693,-0.08074406165016368,-0.6321725852777093,-5.783837866090911,3.040996121282315,13.594064169204845,57.25108507377284
2125,0.4801643284032563,-1.1830349840099657,-0.8816243481007889,-0.21200047499411817,-0.681721281316312,-5.7951276640258484,3.0233418954332945,13.479812139338794,57.260190389271685
2126,1.1191972078045895,-1.646625395634652,-0.5320427013081894,-0.30268199061554263,-0.735024492369286,-5.8027101537763714,3.0053437371022342,13.365253282006563,57.26929050679065
2127,-1.3943961194720842,-0.06504716095325047,0.09944155902875353,-0.3471162738926899,-0.7921418215899229,-5.80652497443458,2.987008558271851,13.250390816231922,57.27838541681
2128,1.5594785508986422,1.8576590521694754,0.6235684359983498,-0.3421839325020229,-0.8530566832454038,-5.806511353508008,2.9683428593402175,13.13522796103871,57.287475109810046
2129,-1.5755245412091594,1.424015064098467,0.682542786113134,-0.2868635923789163,-0.9172418505464978,-5.802606872166664,2.94935149436784,13.01976793545077,57.29655957627103
2130,-1.3857417827925724,-0.15941505005637752,0.38296590133811914,-0.18948671296968653,-0.983265326519406,-5.794748777825721,2.9300389836604803,12.904013958491909,57.30563880667326
2131,0.6928125742701148,-1.6103764433354275,-0.04459223806496123,-0.06859239150292815,-1.0494690716732864,-5.782874629219551,2.9104101588431477,12.78796924918592,57.31471279149697
2132,1.395698004902977,-1.675878578895846,-0.3697725140042929,0.05517668102568684,-1.1141900072658228,-5.766922062912301,2.890469929370449,12.67163702655666,57.323781521222486
2133,-1.1648600365866397,0.2009434833242096,-0.42325947700310623,0.161681099633347,-1.1757650545547995,-5.7468287154681335,2.8702232046971323,12.55502050962794,57.332844986330045
2134,0.8919026009222267,1.3559362666988093,-0.24755321242792375,0.23507671405457575,-1.2325311347979409,-5.722532223451186,2.8496748942779146,12.438122917423573,57.341903177299955
2135,-0.6384251401277465,0.12984126787642303,0.03549470108116292,0.26916055454813853,-1.282834621099736,-5.693970223425598,2.8288299075675143,12.320947468967386,57.35095608461245
2136,0.1657416168204097,-1.0089277556645935,0.22808237927375158,0.26036802090226824,-1.3253750045561203,-5.661083492827337,2.8076931540205687,12.2034973832832,57.36000369874785
2137,-0.3992227307786879,-0.5565762920233909,0.17941268302708255,0.20924651633520744,-1.3601235634649682,-5.623828045768341,2.786269543091835,12.085775879394856,57.36904601018641
2138,0.43081304596951375,0.33994624559779524,0.00037564867304216184,0.1279768782514412,-1.3873703340024013,-5.582174654459927,2.764563984236011,11.967786176326142,57.378083009408385
2139,-0.42245916950656015,0.5021285602865723,-0.13696243783237275,0.03156868973292463,-1.4074011904777801,-5.536102003911753,2.7425813717139786,11.849531493100889,57.3871146868941
2140,0.36398098572695275,-0.08906949870027786,-0.12128188819635248,-0.06502149414982628,-1.4204842038044545,-5.485606377765336,2.720326395022555,11.731015048742927,57.396141033123804
2141,-0.11898575914503513,-0.3310331092502719,-0.01932404164544637,-0.14829142991366434,-1.4268432693262163,-5.430727644081975,2.697803152508788,11.612240062276058,57.405162038577764
2142,0.03180496007203604,-0.16276101731504242,0.07664872588504293,-0.2098879043122503,-1.426682455758179,-5.371525353562724,2.675015598530699,11.49320975272415,57.414177693736264
2143,0.05750310451051181,0.08607341212667823,0.12881407632320616,-0.24320764313618057,-1.4201702942447239,-5.3080956712165355,2.6519676874465,11.373927339110953,57.42318798907959
2144,-0.04110107009306068,0.18068841291431767,0.11557598677556045,-0.2423541252680939,-1.407517185703755,-5.240544347787487,2.628663373614163,11.254396040460328,57.432192915088024
2145,-0.21831174051016294,0.25044084356219387,0.03132786009130656,-0.206272392865784,-1.3891243280130023,-5.16897839169429,2.60510661139181,11.134619075796127,57.44119246224181
2146,0.12865660112345015,0.0733713160443349,-0.09430583449453878,-0.14482416819909885,-1.365475569576081,-5.093509985198974,2.5813013551375734,11.014599664142096,57.45018662102124
2147,0.4723356323006347,-0.11396099057545629,-0.18633944505594657,-0.07137014455849791,-1.3371781347452958,-5.014254883003638,2.557251559209465,10.894341024522127,57.459175381906604
2148,0.5177181507830478,-0.39710049990281543,-0.16229427822396206,0.0029095669064289043,-1.3048697813284813,-4.931329447537998,2.5329611779656163,10.773846375959993,57.468158735378175
2149,-0.17406595198143868,-0.27991372568957257,0.015916451915330684,0.07341175896104621,-1.2691882671333812,-4.84485004123183,2.508434165764079,10.653118937479569,57.4771366719162
2150,-0.9843855961230753,0.12767494452272912,0.2333480117289321,0.13712142928553908,-1.2307713499677693,-4.754933026514928,2.483674476962997,10.532161928104598,57.48610918200099
2151,1.0024930776046599,0.5371865492436598,0.3365074621559822,0.1910235755600021,-1.1902568318027773,-4.661694721653692,2.4586860659204,10.410978566858958,57.49507625611281
2152,-0.9284791541349753,-0.022359331590377726,0.21432175455336028,0.2329678462032832,-1.1482827664387782,-4.565251193085289,2.433472886994391,10.289572072766473,57.50403788473192
2153,0.043219689787562104,-0.6213856890230214,-0.07386939616312019,0.2642624925890027,-1.1054876591625982,-4.4657180557604415,2.408038894543072,10.16794566485091,57.51299405833863
2154,-0.3276052900154887,0.04859794118661949,-0.40278750058347546,0.28708041682942365,-1.0625105169186289,-4.363210422972298,2.382388042924495,10.04610256213617,57.521944767413174
2155,0.5710563489781654,0.8155343469515428,-0.5538117348799348,0.30359452103683926,-1.019990453271692,-4.257843301393585,2.3565242864967915,9.924045983646003,57.53089000243587
2156,0.36105017343740936,0.43920826247302164,-0.359260293724416,0.31523965538834325,-0.9785665817866697,-4.1497316976969225,2.330451579618004,9.801779148404258,57.53982975388697
2157,-0.2960860066263167,-0.4802372052332533,0.05145021979490519,0.32044559804683864,-0.9388251888325948,-4.038990581477322,2.304173876646234,9.679305275434768,57.54876401224675
2158,0.01644865930939007,-1.202909335623253,0.474628600485773,0.3166059175800739,-0.9010545514297111,-3.925734774018665,2.2776951319395637,9.55662758376136,57.557692767995476
2159,-1.0353435127766835,-0.28748503337133746,0.7359518029179075,0.30069487062686323,-0.8651236717470112,-3.8100790595270935,2.2510192998561056,9.433749292407796,57.56661601161346
2160,1.2747671120909594,1.1696588388031017,0.7783832367732574,0.26970921380680446,-0.8307386458146452,-3.6921374443923023,2.2241503347539004,9.310673620397965,57.575533733580954
2161,-1.4720021049596252,1.565895674097387,0.5742530617943301,0.2225277189407135,-0.7975962242846252,-3.5720200277131524,2.1970921909910817,9.18740378675566,57.58444592437822
2162,-0.6702879393549777,0.7294075071421164,0.13614862040421086,0.1628190684710392,-0.7653990918389817,-3.4498325727393686,2.1698488229257102,9.063943010504687,57.593352574485564
2163,1.6383823409684404,-0.9065072428742299,-0.37271916914813924,0.09540247696638357,-0.7338520595574958,-3.3256787163229546,2.1424241849158583,8.940294510668886,57.60225367438325
2164,-1.598022834400005,-1.7455159167347,-0.7516693261679853,0.025097158995268206,-0.7026591136895398,-3.1996629201462947,2.114822231319598,8.816461506272102,57.61114921455155
2165,1.4852842181087367,-0.8249667290737379,-0.8531592500889449,-0.043277670873664666,-0.671521925749034,-3.0718919606273034,2.087046916495101,8.692447216338092,57.62003918547075
2166,-0.2682189652449427,0.7116557732958727,-0.7414130786363202,-0.10568958029313481,-0.6401416299045447,-2.94247315152916,2.05910219480036,8.568254859890754,57.62892357762111
2167,-1.1206048507537654,1.6495554262428016,-0.5306462007786398,-0.16125326580097815,-0.6082193603246484,-2.8115138066150234,2.030992020593496,8.443887655953821,57.63780238148295
2168,0.911717016500952,1.5009146315628779,-0.3169287104018313,-0.20987020615616128,-0.5754562511779919,-2.679121239648123,2.002720348232602,8.319348823551215,57.64667558753645
2169,-0.7163649766433487,0.578900201104243,-0.12861304336276272,-0.2514418801178017,-0.5415529123967161,-2.5454032886280227,1.9742911320757588,8.194641581706671,57.65554318626198
2170,0.11005745143187017,-0.013833887261274345,0.016441303676838173,-0.28587296975184867,-0.5062046536606793,-2.410469888499788,1.9457083264810293,8.069769149444072,57.66440516813978
2171,0.46501163783430327,-0.24347502756486397,0.11009715046913725,-0.3130860455586998,-0.4690883719788664,-2.2744314984448692,1.9169758858065453,7.944734745787177,57.67326152365014
2172,-0.1891072707786426,-0.49746309419060697,0.1871019875694347,-0.3330329500719946,-0.4298512147291689,-2.137399055242557,1.8880977644103585,7.819541589759848,57.68211224327333
2173,0.3399959249696583,-0.9859810186836538,0.27504630997492613,-0.3456936726271554,-0.3881102720962216,-1.9994854060636482,1.859077916650561,7.694192900385924,57.690957317489605
2174,-0.47412994908006295,-1.011880982173605,0.3729362358031658,-0.3510495294543638,-0.34348082977205907,-1.8608038756767584,1.8299202968852348,7.568691896689175,57.69979673677927
2175,-0.5784475274903584,-0.3357115268127464,0.47798570459760903,-0.34904230597407554,-0.2956176393214639,-1.7214678537874921,1.800628859472502,7.443041797693451,57.70863049162258
2176,0.5652069981339514,0.36674970471787316,0.5675113134728257,-0.3394627053018573,-0.24432730107888118,-1.5815899636366908,1.7712075587703742,7.317245822422572,57.71745857249984
2177,0.682559757247665,0.7378235635079292,0.6131996032504851,-0.32184198903707995,-0.18971107138205914,-1.441278372515592,1.7416603491369937,7.191307189900368,57.726280969891285
2178,-0.6678250320336961,0.10737534126110695,0.5867555602972429,-0.295915427015864,-0.1320708970355358,-1.3006375238315522,1.7119911849304426,7.06522911915064,57.73509767427722
2179,0.2578164933074803,-0.46839919812178515,0.4597126791486286,-0.2626793958743784,-0.07181127721184274,-1.1597668270920203,1.6822040205087923,6.939014829197218,57.74390867613791
2180,0.2604669512705508,-0.5330668408998183,0.21729060639760164,-0.22425578370035706,-0.009356525168770509,-1.018762723146918,1.6523028102301354,6.812667539063922,57.752713965953646
2181,-0.21582923350480543,-0.06551045106118603,-0.09282063622157831,-0.1829825826339763,0.054868562051424825,-0.8777211690617014,1.6222915084525635,6.686190467774581,57.76151353420468
2182,-0.10235566573963882,0.3055929192029261,-0.36780880941108174,-0.1411977848153721,0.12043918740648717,-0.7367381219017861,1.5921740695341486,6.559586834353006,57.77030737137132
2183,-0.0007911807150007432,0.524549802326795,-0.497437814432774,-0.1012515958903906,0.1869305538542208,-0.5959095387326383,1.5619544478329728,6.432859857822997,57.77909546793383
2184,0.3553100400260827,0.20210850947983167,-0.41663671329322005,-0.06489549323335904,0.2539178643523495,-0.45533137661970396,1.531636597707138,6.306012757208424,57.78787781437246
2185,-0.3688578857676929,-0.3585251277161795,-0.19411850341265502,-0.031302838548981186,0.32097632185861713,-0.31509959262840886,1.501224473514706,6.179048751533118,57.79665440116749
2186,0.2647167855607535,-0.5694989040204843,0.07329223596737411,0.0010005887519455785,0.38768112933075766,-0.17531014382418894,1.4707220296138093,6.051971059820798,57.80542521879924
2187,0.162264559335959,-0.24938904195954129,0.3069805917052137,0.033489009258472986,0.45360748972656517,-0.03605898727250019,1.4401332203625095,5.924782901095374,57.814190257747946
2188,-0.32388522291063493,0.3325875889262179,0.4328734614661846,0.06763664355982375,0.5183306060037636,0.10255791996123154,1.4094620001188383,5.797487494380677,57.8229495084939
2189,0.10464259190145178,0.6011711357387087,0.3770594921089752,0.10475313486038992,0.5814256811201067,0.24044462081155024,1.3787123232409682,5.6700880587004665,57.83170296151738
2190,0.4546606090702013,0.4287514338425889,0.11058261302250817,0.14510570335412915,0.6424679180333588,0.3775051582130301,1.3478881440869208,5.5425878130786135,57.84045060729865
2191,0.5719652821676487,-0.1669169677506018,-0.218160777054681,0.18726053796446435,0.7010325197012333,0.513643575100205,1.3169934170148483,5.414989976538877,57.849192436318
2192,-0.6960518666229977,-0.5835874481601979,-0.4164773063927531,0.22939971414313343,0.7566946890815448,0.648763914407639,1.2860320963827927,5.287297768105157,57.85792843905568
2193,0.7032178427946322,-0.26766532226559686,-0.34762679477913055,0.2690932767061503,0.8090309739568674,0.7827688742450358,1.2550081365488057,5.159514406801234,57.86665860599201
2194,-0.5536080095818205,0.5066960837654362,-0.09861147934537935,0.3013927992006537,0.857624914360966,0.9155541604709587,1.2239254918710296,5.031643111650939,57.87538292760723
2195,-0.13165167878872763,0.4293747498950481,0.1921683572175775,0.32045642963732096,0.9020681169656759,1.0470074123058903,1.192788116707526,4.9036871016780506,57.88410139438163
2196,0.76579133953808,-0.11731230193800761,0.4021169795668208,0.3203681550954837,0.9419586936297909,1.1770135759894862,1.1615999654164175,4.77564959590645,57.89281399679546
2197,-0.76164022647013,-0.40281280219397503,0.40708564644289735,0.29551505717598875,0.9769754662462659,1.3054573277542485,1.1303649923557253,4.647533813359927,57.901520725329064
2198,0.7450249053568079,0.05996097901040359,0.14402004666437637,0.24303687268623725,1.0070820849505089,1.4322234159231348,1.0990871518835517,4.519342973062342,57.91022157046263
2199,-0.6808609969869411,0.3272922050151303,-0.20010775416124285,0.16632405788978805,1.0323878943161537,1.5571973788551292,1.0677703983580287,4.3910802940374545,57.9189165226765
2200,-0.04201253088090213,-0.000984136891640091,-0.42731406634653063,0.07025016307771924,1.0530200972959245,1.6802672198481912,1.0364186861371882,4.262748995309135,57.927605572450915
2201,0.5394018887532821,-0.31688200531381927,-0.46831243676992884,-0.04031126145884083,1.0691038505624206,1.8013229884803834,1.0050359695791826,4.134352295901133,57.93628871026618
2202,0.06322190987515329,-0.1809397444523133,-0.30879251439074706,-0.1589942406319999,1.0807661452147839,1.9202528999031871,0.9736262030420133,4.005893414837379,57.94496592660254
2203,-0.7022084176922995,0.23858495637411103,-0.031107240656569633,-0.27355456361126695,1.0881428546650924,2.036936286955187,0.9421933408838427,3.877375571141603,57.9536372119403
2204,-0.8470105620560615,0.43470829014873613,0.2584555075927691,-0.3706214485459762,1.0913720729034775,2.1512502618969758,0.9107413374626822,3.748801983837696,57.9623025567597
2205,0.9493231233599422,0.4309177033704534,0.4625989487630513,-0.4369155770296466,1.0905918939200998,2.263071936988964,0.8792741471366944,3.620175871949377,57.97096195154107
2206,-0.9532377247424563,-0.23534391949944491,0.5317217145758506,-0.4602861734653189,1.0859561131105648,2.372278424491684,0.8477957242638908,3.4915004545005868,57.97961538676465
2207,0.9089158311065781,-0.6468311949994844,0.4694062240733182,-0.43548968934379845,1.0779001658696172,2.478746836665567,0.8163100232024136,3.362778950515085,57.988262852910694
2208,-0.5881120134394796,-0.30172063636587276,0.3019712621063981,-0.36796127284050945,1.0677284569817664,2.5823542857711455,0.7848209983103349,3.234014579016692,57.99690434045952
2209,-0.7490885800137554,0.04818637408345602,0.07240622136707563,-0.26543597600438745,1.0568735913801932,2.682975366321071,0.7533326039457265,3.105210559029228,58.00553983989139
2210,0.722226370545201,0.426456796643946,-0.17267540886060329,-0.13560728585403217,1.0467380408821758,2.780473240913524,0.7218487944666703,2.9763701095765427,58.01416934168657
2211,-0.23824039189624027,0.6769710609061196,-0.38666013929263293,0.013836184468382327,1.0387215016312803,2.8747089739440397,0.6903735242312785,2.847496449682416,58.022792836325365
2212,-0.6869318811047789,0.7824461471422446,-0.5294012476936266,0.17520582182051095,1.0342015777406837,2.965565721838634,0.6589107475976229,2.7185927983706892,58.031410314288024
2213,-0.6849788510274294,0.7915045215818937,-0.5814038579954653,0.3402471134503495,1.0345500100850658,3.0529325042617903,0.6274644189237855,2.5896623746652017,58.040021766054814
2214,0.5227542454386211,0.6010704411955843,-0.514235676312925,0.49720003699807097,1.041138539539036,3.136698340877981,0.5960384925678481,2.4607083975897432,58.048627182106046
2215,1.1081905073773952,0.14266453830177703,-0.3253147918052151,0.6287710258190122,1.055334399112928,3.2167567592160853,0.5646369228879031,2.331734086168134,58.05722655292198
2216,-0.4710466042041149,-0.4542391339081251,-0.0544711652587801,0.716424602099927,1.0784839014012948,3.293022207220632,0.5332636642420421,2.2027426594242447,58.065819868982864
2217,-0.44135939770758936,-0.6570488938391278,0.2493733835450853,0.741808229838034,1.1117343534919053,3.36542519653248,0.5019226709883372,2.073737336381845,58.07440712076904
2218,-1.1885458466750958,-0.21394869111715892,0.5074683311863135,0.6874918039997056,1.1553077425455127,3.43389912775036,0.4706178974849005,1.944721336064755,58.08298829876071
2219,1.0290502130113854,0.5309421980376937,0.5152726976673997,0.5412624617803209,1.2084804590053764,3.4983774014730122,0.43935329808979384,1.815697877496825,58.09156339343819
2220,-0.7848112056991838,0.17464008132269024,0.1336908218969533,0.31241325244760565,1.2703382295880044,3.5587934182991985,0.40813282716108906,1.6866701797018853,58.10013239528176
2221,0.5507103642015554,-0.3616272007983353,-0.3288512547507736,0.031423535977636495,1.339966781009924,3.615080578827679,0.37696043905691845,1.5576414617037155,58.10869529477167
2222,-0.4248632118901383,0.248509515961274,-0.4819788794114019,-0.26699866135428046,1.4164518399876136,3.667172283657225,0.3458400881353136,1.4286149425261658,58.11725208238823
2223,0.4335895675630397,0.04643802313142954,-0.17595089040106016,-0.5481300854766863,1.4988791332376004,3.715001933386558,0.3147757287543968,1.2995938411930266,58.12580274861169
2224,-0.5235329220392759,-0.16634633330727316,0.2436378290988597,-0.7772958657658894,1.5863343874763822,3.7585029286144676,0.2837713152722398,1.1705813767281577,58.13434728392234
2225,0.622959673310197,0.1952839026685651,0.41196982538307364,-0.9230226497247146,1.6779033294204668,3.7976086699396454,0.25283080204696495,1.0415807681553495,58.142885678800454
2226,-0.48483283850419573,0.27737238810076204,0.32778247719769094,-0.9712070665648312,1.7726611801483514,3.8322531267646553,0.22195757463281096,0.9125952344984518,58.1514179237263
2227,-0.7771408783692518,0.12723464193200623,0.0982627901295475,-0.9350126821576937,1.8695588374277645,3.8623731078584327,0.19115217921778538,0.7836279947812449,58.159944009180165
2228,-0.2500392364000355,-0.1776975905663806,-0.18752116419042675,-0.8334398294598853,1.9672310429672188,3.8879082473989226,0.16041233658067566,0.654682268027609,58.16846392564231
2229,0.1605910171353132,-0.48898357867024594,-0.4217040194310105,-0.6855007511183986,2.0643244481654968,3.9087987437154617,0.12973520334904828,0.525761273261324,58.176977663593014
2230,0.9585061380852233,-0.6658967679730606,-0.4880780546590956,-0.5104967467931896,2.1595092570335725,3.924984297829965,0.09911843345781143,0.39686822950620004,58.18548521351257
2231,0.16182036730042695,-0.7009084102775154,-0.30277483793390964,-0.3265500059449567,2.2514556735824107,3.9364024065701404,0.06856188503606919,0.26800635578608734,58.19398656588124
2232,-0.07346056659206168,-0.6348827442934172,0.06987655500673476,-0.14308371122504118,2.338833901822967,3.942989209599052,0.038066773377651346,0.13917887112479596,58.202481711179324
2233,-1.0727018311688812,0.17179433951278109,0.46419846858255437,0.03272008251803417,2.4203141457662762,3.944679947208858,0.007635213147192605,0.01038899454611578,58.21097063988707
2234,1.0217337555596633,1.0958343192247142,0.7144135290970653,0.1936793204355152,2.494566609423243,3.941407122066141,-0.022727943365017846,-0.11836005492605259,58.21945334248474
2235,0.123012866010928,1.0348237226801018,0.6977981836095245,0.3331535867411205,2.560261496804922,3.9331025524309062,-0.05301715946220174,-0.24706505826795946,58.22792980945266
2236,-0.7058478166579382,0.1747505548975905,0.44975545399741884,0.4480918075917231,2.616101607240207,3.919698056563268,-0.08322689844756072,-0.37572279645575457,58.236400031271046
2237,0.5456138163014752,-0.7974212650494379,0.060903859382469054,0.5415452539877207,2.661050558324221,3.9011254527233223,-0.1133516236243869,-0.5043300504655976,58.244863998420215
2238,0.11634405357929388,-1.2388497399850293,-0.37395572016973067,0.6174662346472629,2.694626310946261,3.8773165591710725,-0.14338579829583165,-0.6328836012737592,58.253321701380465
2239,0.30576682086296686,-1.3322525151055973,-0.7649403992185781,0.6796766212944255,2.7164662112538136,3.8482142459024873,-0.1733238857652273,-0.7613802298562984,58.261773130632
2240,-0.004095710632412665,-0.5412896978820818,-1.053823075576528,0.7319982856532742,2.726144447783837,3.813824540523985,-0.2031603493357655,-0.8898167171894755,58.27021827665517
2241,-0.5400126076933394,0.36202305585427635,-1.2352298606941867,0.7782530994478545,2.723142158622607,3.774246521092684,-0.23288965231067796,-1.0181898442494102,58.27865712993019
2242,0.6103769239457275,1.1585240339735818,-1.315880630521833,0.8223728941485644,2.7068929081385478,3.729626839383576,-0.26250625799321664,-1.1464963920123328,58.287089680937385
2243,-0.6442707819500508,1.124007500543327,-1.3034837816028246,0.868026506121836,2.676808533086164,3.680133874785542,-0.2920046296865932,-1.2747331414544028,58.295515920156994
2244,-0.506580292549425,0.7518286040735097,-1.2088155356794066,0.9156706134243978,2.6322957670416036,3.625941109865839,-0.32137923069403945,-1.4028968735518301,58.30393583806935
2245,-0.23595677735303625,0.3384702939844333,-1.0463196456445918,0.963082226685337,2.5727586935569757,3.5672246772157834,-0.3506245243188375,-1.5309843692807148,58.31234942515466
2246,0.065645653096753,0.06423838145829489,-0.8314681772557276,1.0077927486779188,2.497599899208873,3.504162206402139,-0.3797349738641588,-1.6589924096173168,58.32075667189323
2247,0.6098173179756993,-0.3741057520407222,-0.5799620140514652,1.0475623999565613,2.406221736308766,3.436931561256889,-0.40870504263331553,-1.7869177755377557,58.329157568765346
2248,0.15653858310561378,-0.688190771694542,-0.30821086054367514,1.0808602220490036,2.2980265571681673,3.3657106056118873,-0.43752919392946915,-1.9147572480182615,58.33755210625127
2249,-0.5815633252989366,-0.4865493392739216,-0.028717900239808043,1.106494223379288,2.172428362393887,3.290677203299108,-0.46620189105591187,-2.0425076080349642,58.345940274831264
2250,0.5276053725114538,-0.17507391736340813,0.2640354225262213,1.1230542242711945,2.028930848798369,3.2120092181504636,-0.4947175973158653,-2.170165636564074,58.354322064985645
2251,0.22821561582501776,0.1905499257402997,0.5832333455197437,1.1287851825764201,1.8674328397403113,3.129884513997849,-0.5230707760125312,-2.29772811458177,58.362697467194664
2252,-0.520609119542454,0.48881938271864206,0.9425365371171915,1.1213067289388432,1.6888467576693607,3.0444809546732268,-0.5512558904491612,-2.425191823064243,58.3710664719386
2253,0.5102236918020803,0.14677678678475384,1.3369944076152684,1.0975770456245388,1.494843541383794,2.9559764040085112,-0.5792674039290379,-2.552553542987622,58.37942906969772
2254,-0.5195703006601111,-0.2642631957040204,1.6867391783518804,1.054279717611264,1.2873904586965168,2.8645487258356157,-0.6070997797553221,-2.6798100553281374,58.38778525095231
2255,0.05196928120425893,-0.5340307358622233,1.8906162525793133,0.9881427323913055,1.0684973018114692,2.770375783986474,-0.6347474812313064,-2.806958141061929,58.39613500618264
2256,0.6266587550814723,-0.3574496962484101,1.8720040229952528,0.8966988399026086,0.84017386293249,2.6736354422929995,-0.6622049716602224,-2.933994581165177,58.404478325868986
2257,-0.38209981154827427,0.3543008077620854,1.6452621351528793,0.7811690402504547,0.6044299342634383,2.5745055645871466,-0.6894667143452518,-3.0609161566141307,58.41281520049165
2258,-0.8416817654966894,0.7033413288419047,1.2492204409678638,0.6457818734216036,0.3632753080082236,2.473164014700788,-0.7165271725896863,-3.1877196483848804,58.42114562053087
2259,0.9656840126715464,0.34799231797800523,0.7408063005041368,0.4953220066931713,0.11871977637069508,2.3697886564659076,-0.7433808096967682,-3.314401837453636,58.42946957646694
2260,-0.5958879025560079,-0.4547191403942114,0.1918969853248705,0.3345741073423642,-0.12722686844525793,2.264557353714379,-0.7700220889696789,-3.4409595047966075,58.43778705878015
2261,-1.1496928187796156,-0.96309914712206,-0.3228871656362586,0.16832284264643946,-0.3725548342357763,2.1576479702781564,-0.7964454737116903,-3.567389431389944,58.446098057950756
2262,1.1649550488068123,-0.5253709224820488,-0.7429897864226584,0.001352879882533136,-0.6152543287969707,2.0492383699891628,-0.8226454272260545,-3.6936883982098165,58.45440256445904
2263,0.4149387282498569,0.40108311458787066,-1.0648925556567972,-0.161551113672138,-0.853315559925002,1.9395064166793219,-0.8486164128159629,-3.819853186232414,58.462700568785266
2264,-1.0047513177015541,1.168615938480488,-1.3029199799942865,-0.3156044707403875,-1.0847287354159407,1.8286299741805276,-0.8743528937846573,-3.945880576433927,58.47099206140973
2265,0.8295023222479925,1.0426760651291782,-1.473119056177736,-0.45602252404499866,-1.3074840630659277,1.7167869063247334,-0.8998493334354302,-4.071767349790515,58.4792770328127
2266,0.463380943209715,0.38756367334485275,-1.5824523276431433,-0.5780206063087749,-1.519571750671144,1.604155076943873,-0.9251001950714627,-4.197510287278358,58.487555473474444
2267,-0.5177372022443782,-0.3461472050349009,-1.6238186204591318,-0.676848578109392,-1.7189820060276597,1.4909123498698702,-0.9500999419959969,-4.323106169873666,58.49582737387526
2268,-0.11823205829232418,-0.9412164787804272,-1.5866883346320249,-0.7480925887287729,-1.9037050369316062,1.3772365889346183,-0.9748430375123047,-4.448551778552549,58.504092724495386
2269,0.3855672983403874,-1.2296984639395387,-1.4581358783556473,-0.78849123943644,-2.071731051179134,1.263305657970061,-0.9993239449235577,-4.5738438942912865,58.51235151581515
2270,-0.10105619724762986,-1.3603810874306086,-1.2184439470736346,-0.7964544988463429,-2.2210490029256684,1.1492974208081221,-1.0235371275330378,-4.698979298065999,58.5206037383148
2271,0.26359961529833675,-1.4812573754387113,-0.8535852483264058,-0.7719080723613755,-2.3496562234303378,1.0353897412807251,-1.047477048643977,-4.823954770852835,58.52884938247458
2272,-0.9371623990095954,-0.4366460750632572,-0.3923614153060565,-0.7171232627781228,-2.4556505046499564,0.9217604832198038,-1.071138171559607,-4.948767093628036,58.53708843877483
2273,1.1714676803242896,1.0136053330443222,0.09182862684245945,-0.6354762608015617,-2.5374057806116537,0.8085875104572515,-1.0945149595831496,-5.073413047367762,58.5453208976958
2274,-1.3115610348627056,1.473114987857329,0.518197751226065,-0.5301616120671541,-2.5936942396303078,0.6960486868250523,-1.1176018760178665,-5.197889413048151,58.55354674971774
2275,-0.4188082538756867,1.302210812877604,0.820757867565497,-0.40402583144758963,-2.623636100783428,0.5843218761550695,-1.1403933841669798,-5.322192971645444,58.56176598532096
2276,0.5878676679610508,0.818917958735036,0.9751223044726486,-0.2598459660531683,-2.626410923817176,0.4735748151853883,-1.1628839473337211,-5.4463205041357625,58.5699785949857
2277,1.151853325939658,0.00043335338647629366,0.9928989135114201,-0.10081031388954192,-2.601145790992343,0.36392276316870487,-1.1850680288213324,-5.570268791495324,58.57818456919229
2278,-0.9881778332824703,-0.6081568987531795,0.8949364638351244,0.0674758816248616,-2.546922832890541,0.255436027678574,-1.2069400919330353,-5.694034614700309,58.58638389842097
2279,0.7820202464622127,-1.2373393027791955,0.7056389730843904,0.236022543416431,-2.463035737925799,0.14822605928891738,-1.2284945999720918,-5.817614754726877,58.59457657315201
2280,0.5228988389027878,-1.3139559469643032,0.45055768741347746,0.3956425544166649,-2.3496022659055287,0.042428557064125,-1.2497260162417336,-5.94100599255118,58.60276258386569
2281,0.0051128696856351935,-0.8985995165658611,0.15884702831067612,0.5377356364201414,-2.2074144619082947,-0.06178956378995255,-1.2706288040451625,-6.064205109149496,58.61094192104232
2282,-0.37386095743165926,-0.1907040752467505,-0.1283189824414804,0.6538196747958814,-2.0373901124490357,-0.16425381020554355,-1.2911974266856707,-6.187208885497885,58.61911457516214
2283,0.27325298727303515,0.5072026877085588,-0.36647162340338085,0.7354125549129865,-1.840447004042792,-0.264789689114826,-1.3114263474664196,-6.310014102572607,58.62728053670544
2284,-0.03956968308228261,0.9558057953563641,-0.5110548688720078,0.7740321621404272,-1.6175029232044922,-0.3632227074499878,-1.331310029690701,-6.432617541349782,58.63543979615246
2285,-0.08692981447139835,1.0020795811896968,-0.5261433075537761,0.7622626577944684,-1.3696312546049854,-0.45937128687012235,-1.3508429366617671,-6.555015982805661,58.64359234398355
2286,0.09018148635731077,0.5360049808289855,-0.4170799926265477,0.6982974663049799,-1.0988908640024018,-0.5530255079421047,-1.3700195316827892,-6.677206207916382,58.65173817067895
2287,-0.09315050669206955,0.07225914447846994,-0.22482261901253545,0.5869730829884665,-0.8091487268064581,-0.6439683659596248,-1.3888342780570295,-6.799184997658106,58.65987726671889
2288,0.04937581000349555,-0.22993217140387526,0.002925111532431251,0.4353377326534525,-0.5055024770580027,-0.7319828562164328,-1.4072816390877598,-6.9209491330070225,58.66800962258371
2289,0.14149219021788026,-0.49877336051084936,0.21845949725248265,0.2509216397058048,-0.19353174839525636,-0.8168519740061982,-1.4253560780781718,-7.042495394939332,58.676135228753644
2290,-0.09404266047654654,-0.7223125133691711,0.374893581427068,0.04137830228006508,0.12106055181500598,-0.8983587146227119,-1.4430520583315174,-7.163820564431214,58.68425407570901
2291,-0.19077037547376569,-0.5442077142488277,0.43688230611906514,-0.18525626403242415,0.4325574326754185,-0.9762860733596734,-1.4603640431510585,-7.284921422458778,58.692366153930045
2292,-0.08947375632667927,-0.036266034569054126,0.4021822213801728,-0.41865749632108773,0.7352419032886858,-1.050417045510813,-1.4772864958399667,-7.405794749998324,58.70047145389706
2293,0.30518627824942834,0.5449402188451893,0.27356554944805717,-0.6448731512931365,1.0233969727575023,-1.1205346263698708,-1.493813879701534,-7.526437328025932,58.7085699660903
2294,0.13982197184779474,0.6466745354271466,0.05788074237961829,-0.8491361740417903,1.2913056501845321,-1.1864218112305567,-1.509940658038982,-7.646845937517823,58.716661680990065
2295,-0.3499657888133929,0.36029978896759207,-0.21111177525067112,-1.0166795096602792,1.5332509446724503,-1.247861595386611,-1.5256612941555228,-7.7670173594501755,58.72474658907661
2296,0.37239532503621625,-0.34807485736622457,-0.46536931029697326,-1.1327361032418533,1.7435158653239606,-1.3046369741317634,-1.5409702513544281,-7.88694837479914,58.73282468083021
2297,0.04206090076584727,-0.6482713057904826,-0.6295013628289077,-1.1827598306462792,1.9166126860655568,-1.3565392768170668,-1.5558619929389097,-8.006635764540926,58.740895946731165
2298,-0.43348345909589464,-0.2764271774569673,-0.6339262528067614,-1.1538406280024116,2.0485176009892188,-1.4033931690229937,-1.5703309822122296,-8.126076309651703,58.74896037725975
2299,0.4764210476061663,0.6422038917507136,-0.42953730774115656,-1.0395090000734906,2.1380735295341133,-1.4450316503873193,-1.5843716824775793,-8.245266791107642,58.7570179628962
2300,-0.5353017925361734,0.48323026254687945,0.010891728204249985,-0.8468889450460262,2.1864703201812477,-1.4812877205478487,-1.5979785570382308,-8.364203989884933,58.765068694120835
2301,0.608731549613945,-0.5401624505525652,0.585310386531242,-0.586314750161571,2.1953707250144197,-1.5120172657022284,-1.611146069197406,-8.482884686959764,58.773112561413924
2302,-0.6699426140942699,-0.47216966896960816,1.054896451967125,-0.26812070266157645,2.166560975698277,-1.5371996516290454,-1.6238686822583464,-8.601305663308286,58.78114955525574
2303,0.6797154265149074,0.40700709735811713,1.0873303994283543,0.09735891021239484,2.101977923824311,-1.55696486403363,-1.6361408595242943,-8.7194636999067,58.78917966612654
2304,-0.6314967333633825,-0.06302207052370314,0.44520432787235187,0.4953087011751618,2.00359035432567,-1.5714748219630787,-1.6479570642984511,-8.837355577731175,58.79720288450661
2305,0.2967778735479159,-0.2750084714707717,-0.5381632557491657,0.8929888827666258,1.8733670521355412,-1.5808914444643878,-1.659311759884099,-8.95497807775791,58.80521920087625
2306,-0.23996854995249225,0.24553908839139135,-1.3573504726925558,1.253178567483029,1.7132768021871123,-1.585376650584694,-1.6701994095844495,-9.072327980963028,58.813228605715686
2307,0.7872760153298818,0.025011682023302652,-1.523016410691708,1.5391424309762607,1.5254640972535383,-1.5850923398013357,-1.680614496272432,-9.189402068322766,58.82123108950525
2308,0.01475216463304236,-0.22715328505962085,-1.0547688694859936,1.7220963525393844,1.3127960298739287,-1.580200421500436,-1.6905514929122119,-9.306197120813293,58.8292266427252
2309,-0.8086813305665965,-0.34250698261651047,-0.23862139847279484,1.7976322891629892,1.0785397635839582,-1.5708622676325092,-1.7000054099035624,-9.42270991941077,58.837215255855796
2310,-1.6468423504460443,0.1366489946031863,0.6368108101697266,1.7666050634269939,0.8267283157545731,-1.5572358558722217,-1.708974651922136,-9.53893724509139,58.845196919377315
2311,1.7917270406770232,0.6659921111507215,1.3896576891033439,1.6290644991846535,0.5621997024833226,-1.539478293278348,-1.7174584942594462,-9.654875878831307,58.85317162377004
2312,-1.6141946774411182,0.19579441319693777,1.8848994412468014,1.3861300970403263,0.28995686716620933,-1.517746686909673,-1.725456212207006,-9.770522601606736,58.86113935951426
2313,-1.4828788512145292,-0.609117819918955,2.0750734463227944,1.0438597737963196,0.015002753199275635,-1.4921981438249814,-1.7329670810563187,-9.885874194393844,58.869100117090234
2314,-0.6891914302551521,-1.2998608616070186,1.9497868912482117,0.6137787950079353,-0.25765969602146616,-1.4629897710830788,-1.7399903760988875,-10.000927438168803,58.87705388697825
2315,0.18757787511975077,-1.1346726569951615,1.493261416549116,0.12434340504444347,-0.5230275370999735,-1.4302786757427295,-1.7465253726262255,-10.115679113907792,58.88500065965857
2316,-0.21007717584944163,0.07987184605693225,0.7420394512222349,-0.3917574070213868,-0.7760978266402442,-1.3942219648627587,-1.7525713459298262,-10.230126002587,58.89294042561149
2317,-0.3196965332511428,1.414422496504177,-0.13452766322150836,-0.9018346521168215,-1.0118676212462456,-1.354976745501901,-1.7581275713012328,-10.344264885182607,58.90087317531729
2318,0.3662725297324698,2.288648617516783,-0.9412007363927436,-1.3731993411690762,-1.2253339775219405,-1.3127001247190118,-1.7631933240319082,-10.458092542670764,58.9087988992562
2319,0.4162432970065881,2.4002178593525665,-1.5615994620770532,-1.7731624851053964,-1.4114939520713516,-1.2675492095728258,-1.7677678794134062,-10.57160575602765,58.91671758790853
2320,-0.5293444490937094,2.0042688172560785,-1.9888409774766365,-2.0690350948530387,-1.5653446014984114,-1.2196811071221376,-1.7718505127372095,-10.684801306229495,58.924629231754565
2321,0.5894193586880359,1.0460525578001487,-2.2056251760433576,-2.2281281813392586,-1.6818829824071122,-1.1692529244257626,-1.7754404992948116,-10.79767597425244,58.93253382127455
2322,-0.6176471598088962,-0.5882533748530526,-2.1799476523317263,-2.2224753772223216,-1.7569223587399279,-1.1164217685424604,-1.7785371143777455,-10.910226541072664,58.9404313469488
2323,0.5822110376288733,-2.1254083589155552,-1.8510946485598387,-2.048946147823342,-1.7901372731329284,-1.0613569875109004,-1.781139633277515,-11.022449787666355,58.94832179925756
2324,-0.5107115801031269,-2.9037180489496173,-1.1425905839752262,-1.7329139631493047,-1.7844110835054723,-1.0042700827030677,-1.7832473312856225,-11.134342495009687,58.95620516868113
2325,0.4664563600869376,-1.9961012243103953,-0.09936962117060885,-1.3056976389458628,-1.7432536143388673,-0.9453547792485533,-1.7848594799231008,-11.245901447849297,58.964081445699755
2326,-0.4936681105262144,0.506735540099251,0.9616762146260696,-0.798615990958629,-1.6701818522577383,-0.8847976401335993,-1.7859753075704035,-11.357123474072479,58.97195062079375
2327,0.5044382065120552,2.5251706802724394,1.6596637201110314,-0.24298783493329087,-1.568672566945205,-0.8228254452859993,-1.7865939164897944,-11.468005527684587,58.97981268444335
2328,0.7411965241834473,2.479702439075866,1.668273332489486,0.3302865514748349,-1.442191780129574,-0.7596757225883195,-1.7867143078619938,-11.578544663772625,58.987667627128886
2329,-0.929965684841687,0.36000086223123323,0.970216012896103,0.8890983041373717,-1.2942055135391415,-0.6955859999231663,-1.786335328448217,-11.688738091843044,58.995515439330546
2330,-0.7266476489653503,-1.8197923743033453,-0.033668086308683974,1.389764438536004,-1.128179788902159,-0.6307938051731462,-1.7854557363779,-11.79858311003412,59.003356111528696
2331,1.3413088565166567,-1.6896641864505815,-0.8614381225834125,1.7838724187461452,-0.9475806279469378,-0.5655366662208807,-1.784074275756598,-11.90807703050796,59.011189634203575
2332,-1.5973400885392426,0.29898356912298035,-1.143657753888704,2.028331294936788,-0.7558740524017693,-0.5000521109489311,-1.782189690687468,-12.017217165429113,59.01901599783546
2333,0.22051134377602533,1.1462996810659523,-0.7949728759177105,2.1082319616417124,-0.5565260839949099,-0.434577667239929,-1.7798007252735555,-12.126000826962205,59.02683519290462
2334,2.0625436721410515,0.2622686725261184,0.059582151458525724,2.0344446707381305,-0.352804062888924,-0.36935086297644565,-1.7769060935883092,-12.234425357301495,59.03464720989135
2335,-2.1657435222378925,-0.9868696373618627,0.785849922436359,1.8221727307275584,-0.1472596984525943,-0.30460922604110763,-1.7735043303322946,-12.342488278014049,59.04245203927588
2336,-0.021555651374028276,-0.27132372351975276,0.7944268948569861,1.4911365740540157,0.05743759963387605,-0.2405902843165113,-1.7695936930393996,-12.450187387833763,59.05024967153857
2337,2.033654995636191,1.0809037772737797,0.3315901894910406,1.0774961046415417,0.25853932622093756,-0.17753156568524306,-1.7651723395068015,-12.557520585231064,59.05804009715961
2338,-1.8648300639814805,0.8792677805217846,-0.19002458107206674,0.6168613759914512,0.45329697615907116,-0.11567059802992444,-1.7602384174109948,-12.664485778797184,59.065823306619336
2339,0.381551319163465,-0.6804399905588481,-0.556161925608127,0.14360512309166096,0.6389620442987525,-0.05524490923314683,-1.7547900744285698,-12.771080877123186,59.073599290398
2340,1.5585906123922908,-1.5197527707122245,-0.6023771264253862,-0.30799350550719495,0.8127860254904775,0.0035079728224732412,-1.748825458236011,-12.877303788800294,59.08136803897587
2341,0.48521608206623296,-0.5264178338736198,-0.24749084554968048,-0.7073127413856787,0.9720204145846567,0.06035052025438966,-1.7423427165098986,-12.983152422419632,59.08912954283323
2342,-1.5200052187629347,1.1998697987264801,0.2552109395639382,-1.0369565400905203,1.113916706431816,0.11504520517994568,-1.7353399969267322,-13.08862468657235,59.096883792450356
2343,1.6098072532751901,1.9780243753878872,0.5688025259937683,-1.282811891550682,1.2357263958824312,0.16735449971655997,-1.727815447163062,-13.193718489849626,59.10463077830753
2344,-1.7127643945119764,0.9588895710502254,0.452529659486652,-1.4345682249404987,1.3347009777869532,0.21704087598161095,-1.7197672148954075,-13.29843174084259,59.11237049088503
2345,-0.12934046919612066,-0.7019645626602191,0.05032388046354972,-1.4971247264160128,1.4080919469958573,0.26386680609252744,-1.711193447800314,-13.402762348142387,59.120102920663115
2346,1.669660433526114,-2.072538694915363,-0.39771182198603444,-1.4798386025134427,1.453806379494453,0.3075947621667079,-1.7020922935543463,-13.506708220340178,59.127828058122084
2347,-1.431415251767203,-2.0958880498608767,-0.6611849340735477,-1.3948809681113352,1.4725512707298876,0.34800120520200173,-1.6924618998340244,-13.610267266027087,59.13554589374218
2348,1.0811702315115899,-0.7476576970383395,-0.5967692091175675,-1.2555800639416204,1.4663819778240423,0.38493615086833544,-1.6823004143158227,-13.713437393794338,59.14325641800372
2349,0.07120845302259339,-0.17080257010019917,-0.26494151137211336,-1.0743965525653862,1.437439438934438,0.4183556176030869,-1.6716059846763667,-13.816216512233025,59.150959621386974
2350,-0.5684113807130259,-0.11304362451871885,0.20922488937409656,-0.8635263060503073,1.3877605239243203,0.4483196921378743,-1.6603767585921159,-13.918602529934299,59.15865549437217
2351,0.6803308851508985,-0.02179358944467707,0.6552175486858898,-0.6351651964639834,1.3193604853708443,0.47491007849039135,-1.6486108837396753,-14.020593355489314,59.16634402743963
2352,-1.1033094885152355,1.4166351006382407,0.9101886214366981,-0.4015090958740539,1.2342545758512702,0.4982084806782414,-1.636306507795525,-14.122186897489275,59.17402521106964
2353,1.7241868446941562,1.5352153191982525,0.8574582551846079,-0.17447126251986578,1.1344580479428081,0.5182966027190781,-1.6234617784362246,-14.223381064525253,59.18169903574244
2354,-1.0513188346762634,-0.05181361943535925,0.44445660991114766,0.03631665793566576,1.0219861542226882,0.5352561486305498,-1.6100748433383043,-14.324173765188437,59.18936549193831
2355,-2.9667092133013178,-1.231235739343461,-0.18250609165319273,0.22606054538096437,0.8989038645974318,0.5491688224303205,-1.596143850178309,-14.42456290806998,59.19702457013754
2356,0.43311722258558494,-0.4521563625024121,-0.8179336865869884,0.39088543578420903,0.767508150156979,0.5601163281360083,-1.581666946632738,-14.524546401761066,59.20467626082042
2357,3.582268982171501,0.8284832529742655,-1.2175010712520973,0.5267341203204696,0.6302782267843245,0.5681803697652871,-1.5666422803781819,-14.624122154852783,59.212320554467205
2358,-0.40562471983949033,0.9683181611847606,-1.140779869493443,0.6293473420148045,0.4896950682668767,0.5734426513357801,-1.5510679990911302,-14.723288075936313,59.21995744155816
2359,-3.4073209801197915,0.11899006992694859,-0.5012289820558011,0.6948842989452994,0.34808812791555277,0.5759848768651663,-1.5349422504481431,-14.822042073602846,59.227586912573614
2360,-0.7322324591794659,-0.8077861734892777,0.3762030226506381,0.7237973752764464,0.2075657649460525,0.5758887503710337,-1.5182631821257402,-14.920382056443438,59.235208957993756
2361,2.799325854552114,-0.8739006062594452,1.1100066930811632,0.7181325357691776,0.06971085353676211,0.5732361217042842,-1.5010290876336645,-15.018305933049321,59.24282356829893
2362,-2.483353741372148,0.16448054262518438,1.5033414835045351,0.6806492626010007,-0.06460724955043275,0.5681104400247886,-1.483239859790693,-15.11581161201163,59.2504307339694
2363,0.9393418925677046,0.8658527256974061,1.453722307756374,0.6149260288420627,-0.19467616150429914,0.5605996564702251,-1.4648998933934008,-15.212897001921517,59.258030445485446
2364,1.658414756056132,1.0248349473986866,0.918503599830874,0.5271893753308051,-0.31978349951362933,0.5507939071120892,-1.4460157681721642,-15.30956001137011,59.26562269332731
2365,1.6432673127385977,0.367964709421195,0.06405881556851015,0.42432785984763577,-0.4392168807671703,0.5387836202612596,-1.4265943560967584,-15.405798548948573,59.273207467975304
2366,0.2587600148477431,-0.6204898116024691,-0.8464272527178605,0.31323004017298756,-0.5522639224537041,0.5246592242285446,-1.4066425291368432,-15.50161052324809,59.2807847599097
2367,-1.3626559674522074,-1.2856887774447536,-1.537932192241938,0.2007844740872986,-0.658212241761973,0.5085111473248182,-1.3861671592622338,-15.59699384285977,59.28835455961076
2368,-0.8880369166196509,-0.998309550706366,-1.7904089367665292,0.09387971937104209,-0.756349455880769,0.4904298178609186,-1.3651751184426297,-15.691946416374789,59.29591685755877
2369,-1.34763485189403,0.32520840864242373,-1.6143950271963279,-0.0010532249028722413,-0.8459631819988391,0.4705056641477299,-1.3436732786477965,-15.7864661523843,59.303471644234016
2370,-0.6311383234137486,1.587400636691166,-1.1173073240464275,-0.08024250521195637,-0.9263410373049656,0.4488291144961006,-1.3216685118474991,-15.88055095947941,59.311018910116736
2371,1.5651831994242045,1.667386772050527,-0.41279266950464466,-0.14368946962354082,-0.9967706389878903,0.4254905972168541,-1.2991676900114268,-15.97419874625132,59.31855864568723
2372,0.8330870654980456,-0.2357830845838512,0.3783737246015525,-0.1922243769254708,-1.0565396042364157,0.4005805406208743,-1.2761776851093505,-16.067407421291172,59.32609084142579
2373,-1.4830002569399492,-1.8868348845930465,1.0865235791473553,-0.2266774859056368,-1.1049355502392735,0.37418937301901983,-1.2527053691110397,-16.16017489319012,59.333615487812686
2374,1.3439924998696544,-1.469527735960617,1.5683769721033014,-0.247800463071782,-1.141324686465368,0.34640838450639105,-1.228758475770461,-16.252499070539283,59.34113257532816
2375,-1.2246059006021035,0.9525376655489436,1.8362380735092485,-0.2559400249719823,-1.165478172343261,0.31733318828303125,-1.2043490619465544,-16.344377861929864,59.34864209445254
2376,1.183310816471546,2.1160870897980817,1.9413963310988696,-0.2511123469558009,-1.177586963176504,0.2870639803726985,-1.1794937673219792,-16.435809175952976,59.35614403566607
2377,-1.2020231424563608,1.5852346332853526,1.9302901550587865,-0.23399823431458258,-1.1778373868893899,0.25569748328740954,-1.1542109762204422,-16.526790921199794,59.36363838944902
2378,-0.10714570854376225,0.6429315631696213,1.8286219762999314,-0.2066507099482727,-1.1663456712017006,0.2233039222057416,-1.1285195120017908,-16.617321006261438,59.37112514628167
2379,1.181388411262593,-0.44233781933902794,1.6569141337195485,-0.171464474023736,-1.14319758499902,0.18992946196169438,-1.1024390854972739,-16.707397339729102,59.378604296644326
2380,-1.048183584891805,-1.586881118122787,1.4356959572746881,-0.13084121776768798,-1.108499290985546,0.15564088307582238,-1.0759896294060165,-16.797017830193916,59.386075831017244
2381,0.2547413567067473,-2.2293717926320507,1.1854967769224303,-0.08706653719182035,-1.0625109968446065,0.12054291583277604,-1.049191076427143,-16.886180386247013,59.39353973988067
2382,0.5951025225522268,-2.329346532629689,0.9233729201520414,-0.041929085355851395,-1.0059982093101487,0.08474864661583706,-1.0220633592597732,-16.97488291647958,59.40099601371494
2383,-0.37196168456512824,-2.2610754784432823,0.6509150487212257,0.0030443438907347795,-0.9399882943264048,0.048371161808342465,-0.9946264106030371,-17.06312332948275,59.408444643000294
2384,0.18113122944258891,-1.9630858585942572,0.36152682128386865,0.04642158129795037,-0.8656032424370178,0.011523547793568914,-0.9669001631560339,-17.15089953384767,59.415885618217004
2385,-0.3051667048183368,-1.111972470811448,0.05380992918290748,0.0867859732426153,-0.7839805598125232,-0.025681109045161653,-0.9389045496179084,-17.238209438165498,59.42331892984535
2386,0.3748035739517544,0.007085444369031174,-0.27025652412483026,0.12272086610159984,-0.6962608598174463,-0.06312661513057369,-0.9106595026877654,-17.325050951027393,59.43074456836562
2387,-0.1514602626238559,0.8366208387602334,-0.6082442378553311,0.15280960625174903,-0.6035988377181942,-0.1006826949834538,-0.8821849550647244,-17.4114219810245,59.438162524258075
2388,-0.3017463636145204,1.3044524848678938,-0.9577249112245817,0.17563851233798153,-0.5071625042759087,-0.1382087298979882,-0.8535008394479151,-17.497320436747973,59.44557278800301
2389,-0.5653540374479673,1.8999103145561091,-1.3162702434485836,0.1898045821716195,-0.40813469665753127,-0.17555995392890125,-0.8246270885364775,-17.58274422678896,59.45297535008069
2390,0.6844011084740091,1.7979055427649244,-1.653016917845227,0.19388575820504853,-0.30767982019934137,-0.2125909776026884,-0.7955836350295109,-17.667691259738607,59.4603702009714
2391,-0.7087020956894958,0.07890733140009765,-1.8197540022589795,0.18637760759933408,-0.20687990494638356,-0.2491564114457545,-0.76639041162613,-17.752159444188077,59.46775733115538
2392,0.48483282292456154,-1.3951980237585297,-1.6259949299433472,0.1662874652812747,-0.10673915987836728,-0.2851108659845598,-0.7370673510254646,-17.836146688728533,59.47513673111296
2393,-0.7780852621311832,-0.8333862319825271,-0.9601618851139245,0.13491110124098712,-0.008191873714489057,-0.3203090849524409,-0.7076342527197127,-17.919650901951098,59.48250839132439
2394,-1.2277973206941484,0.6232486309234588,-0.03189843089414353,0.09405907577652063,0.08790246334916026,-0.35460686581477574,-0.678109862469071,-18.002669992446922,59.48987230226992
2395,1.6621748990586773,0.7569512150135401,0.8689939220733504,0.045481195874456516,0.18074511442793262,-0.38786273810863187,-0.6485101939620018,-18.0852018688072,59.49722845442988
2396,-1.985955565106122,-0.0651344526452246,1.482079500189407,-0.009119421209415227,0.2695840323680015,-0.4199379355243031,-0.618848556733811,-18.167244439623026,59.50457683828449
2397,2.2144478741900895,-0.4477512427718476,1.664385978028887,-0.06804896449904527,0.3536764762952558,-0.45069469603028484,-0.589137256041533,-18.2487956134856,59.51191744431408
2398,-2.260277427923584,0.04060859924780364,1.3767950651257015,-0.1294190510610019,0.43228108992579634,-0.47999676444293443,-0.5593884748846221,-18.32985329898606,59.5192502629989
2399,-2.0229939440348597,0.2591531945271372,0.880909644402,-0.19056301013258028,0.5046660550333067,-0.5077174236361366,-0.5296143962625431,-18.410415404715543,59.52657528481922
2400,2.0728493876879903,0.1448650627512551,0.46095009383146435,-0.24861959899369326,0.5701221520732012,-0.533752555165582,-0.4998272031747405,-18.49047983926522,59.53389250025532
2401,-0.5842564139000497,-0.31333685637800085,0.11726041434775458,-0.3007275749242737,0.6279675880543268,-0.5580254671403441,-0.4700390786206739,-18.57004451122621,59.541201899787474
2402,-1.5405572589745216,-0.21818051319821974,-0.2934315740455142,-0.3440256952042546,0.6775360478355944,-0.5804749455195499,-0.4402622055998029,-18.649107329189704,59.54850347389597
2403,1.2718466062020441,0.3508208464452006,-0.7217584197498931,-0.37565271711357384,0.7181637819121227,-0.6010423418985745,-0.410508767111577,-18.727666201746835,59.55579721306108
2404,-0.3529169166661078,0.7757880848372545,-1.0962149272641415,-0.3927484485711447,0.7491880914180261,-0.6196690078727782,-0.38079094615542575,-18.80571903748877,59.563083107763084
2405,-0.9179756942727119,0.5564760471515366,-1.3656741155775998,-0.39247044813478227,0.769965806795463,-0.636298073706679,-0.35112092573083886,-18.88326374500663,59.57036114848224
2406,-0.26749424704720415,-0.3340869506186753,-1.4412635792093869,-0.3720818450561198,0.7799902868403265,-0.6508858688789398,-0.3215108888372508,-18.960298232891567,59.57763132569882
2407,0.9052353415343763,-1.3746610818975322,-1.2224781137159342,-0.32991315240688224,0.7791358317591139,-0.6634190269573773,-0.29197301847412116,-19.036820409734776,59.58489362989314
2408,0.06337255333343823,-1.2264814869362828,-0.6596557504827679,-0.26781880390614743,0.7676917483314731,-0.6739087093749919,-0.2625194183827876,-19.112828184127398,59.592148051545465
2409,-1.1560933175680745,-0.39830244390716446,0.08134258508681484,-0.18878770026760924,0.7463022386063228,-0.6823748263438013,-0.23316165208197795,-19.188319464660534,59.599394581136025
2410,0.4795762723875163,0.9609662390851251,0.7790622480461699,-0.09599796248880854,0.7157925852469084,-0.6888301758349599,-0.2039102556617031,-19.263292159925385,59.60663320914514
2411,1.367895180692977,1.8580437202590656,1.2116443131904673,0.007274036040059406,0.6770838846448219,-0.693285561986155,-0.17477532038121846,-19.337744178513095,59.61386392605308
2412,1.4271749395902056,1.7679278561702332,1.21833902768745,0.11749306132210467,0.6311705483394936,-0.6957518443452035,-0.14576688208958466,-19.41167342901482,59.621086722340124
2413,-1.350824804409381,0.5777090290812734,0.8837087012818213,0.23025631172853508,0.5790618529487384,-0.6962398824599476,-0.11689497663587735,-19.485077820021676,59.628301588486515
2414,-1.5151914879945312,-0.7386583319323187,0.3569263084374913,0.34053335729869827,0.521767075090336,-0.6947605358782394,-0.08816963986917219,-19.557955260124835,59.63550851497257
2415,-1.4519405922767559,-1.5010566057406414,-0.21195980329509326,0.4431836062277366,0.4602951325080913,-0.6913246641478907,-0.05960090763851972,-19.630303657915498,59.64270749227857
2416,0.23409426458467159,-1.670191896101978,-0.673259424429491,0.53304808154366,0.39567332811290085,-0.6859431268167688,-0.03119881579301067,-19.70212092198473,59.64989851088474
2417,0.4198907355420139,-1.0462564498261502,-0.9096074735392913,0.6048823225963411,0.32901444849381895,-0.6786267834326807,-0.0029734001817156913,-19.773404960923727,59.65708156127139
2418,-0.2654299289932995,-0.27765766990411983,-0.9281051360292703,0.6539463902431265,0.26146458428558245,-0.6693864935434832,0.025065303346314696,-19.844153683323665,59.66425663391881
2419,0.7815214037034146,0.5338217341634051,-0.7688618785629923,0.6776990916848434,0.1940867852347607,-0.6582331166970087,0.05290725894197968,-19.914364997775646,59.67142371930725
2420,0.7589440650520988,1.011588854180437,-0.47238260632828455,0.6742148757803385,0.12772389795413697,-0.6451775124411091,0.08054246349346074,-19.984036845608063,59.67858280791698
2421,1.601037780086556,0.5040509122093598,-0.09013715162794599,0.6417945635333053,0.06295680015442483,-0.6302305403236064,0.10796117669050186,-20.053167430950907,59.685733890228306
2422,-1.6072832658169232,-0.25709723454104483,0.28240255774635986,0.5788353995512877,0.00026994594246338083,-0.6134030598923377,0.13515425133725312,-20.121755551048565,59.692876956721506
2423,-0.9637728989165936,-0.47725793302442626,0.5395298097999022,0.48374544853771745,-0.059863030670766836,-0.594705930695145,0.1621128696326535,-20.189800332540166,59.70001199787683
2424,1.0552889529901148,-0.27305540603773165,0.6049455753764418,0.35527306974,-0.1169684956742903,-0.5741500122798553,0.18882854241333202,-20.257301230702563,59.70713900417454
2425,1.1361528489723314,-0.03404951873717289,0.5096473881291973,0.19527521508882492,-0.1705728150571114,-0.5517461641943309,0.21529297804025846,-20.324257898336956,59.714257966094955
2426,-0.62885244570144,0.03858571095905348,0.31283877570099367,0.012938789087874445,-0.22020235480827466,-0.5275052459863936,0.2414979178359996,-20.390670021206144,59.72136887411833
2427,-0.7149914153975341,0.06276367669858629,0.07048168929643854,-0.18080188925198473,-0.2653834809167996,-0.5014381172038755,0.2674351374158368,-20.456537319365626,59.72847171872496
2428,-0.07917055063607194,-0.03290140535477896,-0.1505207362422445,-0.3750125009198155,-0.3056425593717006,-0.47355563739462875,0.2930965495654215,-20.521859650041257,59.73556649039508
2429,0.2595652803623767,0.015324733922896969,-0.3162470413324882,-0.5587587269047662,-0.34050595616200213,-0.44386866610649034,0.3184741013630042,-20.586636904751526,59.742653179609
2430,-0.09480659395786874,0.1355791724393517,-0.3702007718404413,-0.7211062481959251,-0.3694990564785644,-0.4123891504876747,0.3435598466891035,-20.65086897501497,59.749731776846986
2431,-0.05362243745948543,0.16144992527613478,-0.2867839260076235,-0.8503596382738575,-0.392141902274172,-0.37913506468039665,0.36834652318012284,-20.71455575235004,59.75680227258932
2432,0.08767138502761304,-0.08744331668716637,-0.08358943303540763,-0.9335541144900324,-0.4079397005929075,-0.34414035072594273,0.3928280014628202,-20.777697128275243,59.76386465731627
2433,0.3106989265209707,-0.5156157710133106,0.15519345658142894,-0.9640213349876305,-0.4164062900367056,-0.3074733229748617,0.41699840871108684,-20.840292994309085,59.770918921508105
2434,-0.3520177297515285,-0.5976792383035002,0.33634911908127185,-0.9365363710135324,-0.41737754224943835,-0.2692119235370426,0.44085187209868826,-20.902343241970033,59.77796505564511
2435,-0.4026731534271676,-0.1392622906600194,0.41239535506878544,-0.845159004289244,-0.4114011822968732,-0.229437530625925,0.4643825187994806,-20.963847762776616,59.785003050207585
2436,0.4579632690452796,0.65917231072275,0.3712378862279654,-0.6856478357095313,-0.3993130942857416,-0.18822345941648455,0.48758447598730487,-21.024806448247315,59.792032895675774
2437,-0.13628060107984924,1.1567715328912187,0.21643808450535065,-0.46359423625532,-0.3819813976602318,-0.14564064586648495,0.5104518708359719,-21.08521918990059,59.79905458252994
2438,-0.2670016088247933,1.2344023029717472,-0.03423040042854858,-0.1950971084348703,-0.3602742118645828,-0.10176002593367484,0.5329788305193227,-21.145085879255003,59.8060681012504
2439,-0.043892505076148926,0.9811058875402248,-0.33719635552143623,0.09786864827659353,-0.3350596563429829,-0.056652535575868176,0.5551594822112031,-21.20440640782902,59.81307344231743
2440,0.3096912167517668,0.575471222990343,-0.6206647697423354,0.38921940913509234,-0.30720585053962074,-0.010389110750803525,0.5769879530853841,-21.263180667141082,59.82007059621125
2441,-0.1917747454050644,-0.17684652726292627,-0.8093750104016694,0.6545085093664835,-0.27758091389875,0.03695931258373027,0.5984583703157567,-21.32140854870977,59.827059553412205
2442,0.1361348898505772,-1.070141783265766,-0.8328412508286684,0.8740640902152812,-0.24705296586450398,0.08532179846992927,0.6195648610761418,-21.37908994405352,59.83404030440053
2443,0.36549291279940516,-1.7163564739478996,-0.6294783145480265,1.0371149431216136,-0.2164901258811616,0.13462741095005995,0.6403015525403403,-21.436224744690843,59.841012839656514
2444,-0.556661801897314,-1.5980544945943531,-0.17811033005855179,1.1389550464743918,-0.18676051339290128,0.18480521406632844,0.6606625718821981,-21.49281284214022,59.84797714966042
2445,0.6029102146926344,-1.0145478175361744,0.4019208082738794,1.175943627304699,-0.1587322478439266,0.23578427186098108,0.6806420462755411,-21.548854127920173,59.854933224892534
2446,-0.6363946250513542,-0.66865706003099,0.9486249075628085,1.144349406101962,-0.13318294213680595,0.2874936483761989,0.7002341028942256,-21.604348493549175,59.86188105583313
2447,0.5978012515215086,0.34589204551599456,1.2979357297979264,1.0400001232394847,-0.1104492290579749,0.33986240765426845,0.719432868912017,-21.65929583054574,59.86882063296252
2448,-0.3709378110007305,1.464186994762363,1.281296927946951,0.8628073057724187,-0.0904614190537481,0.39281961373736063,0.7382324715028166,-21.713696030428355,59.87575194676092
2449,0.8085643320932888,0.9659993777939906,0.7897276293645417,0.6307321578677632,-0.07307086862087296,0.44629433066772184,0.7566270378404253,-21.767548984715482,59.882674987708626
2450,-0.7877956568164945,-0.6744361547652973,0.019900494282251508,0.36689877260909,-0.058128723180997724,0.5002154114125195,0.7746106950986689,-21.820854584925687,59.88958974628594
2451,0.17147764135091523,-1.02618781444111,-0.7539759065936248,0.09459943805360123,-0.04548269279815918,0.5545082735812792,0.7921775704513633,-21.87361272257737,59.89649621297311
2452,-0.29493990202799947,-0.09589010849777951,-1.287307159113559,-0.16287355774149126,-0.03496991223194146,0.6090877594790791,0.8093217910723798,-21.9258232891891,59.90339437825042
2453,0.6272860094260525,0.6226206570245433,-1.4539554753550243,-0.3822279267189705,-0.026423628044954652,0.6638648232140586,0.8260374841354938,-21.977486176279346,59.91028423259815
2454,-0.18705756857620523,0.5099563518962346,-1.1767695295873828,-0.5460858537716867,-0.019671898241301354,0.7187452303357837,0.8423187768145716,-22.028601275366583,59.91716576649657
2455,0.15781805491533213,-0.3982732490845652,-0.5309396445469851,-0.6607631150897049,-0.014505036671794109,0.7736327017376577,0.8581597962834391,-22.07916847796935,59.924038970425975
2456,-0.9617271345496928,-0.2801175085414749,0.14734617280210863,-0.7386440282332317,-0.01055558363381623,0.8284272531796785,0.873554669715907,-22.129187675606083,59.9309038348666
2457,0.9838689395961382,0.29889049452410504,0.6861815408558688,-0.792206126329233,-0.00735925607419404,0.8830252926380561,0.8884975242858416,-22.178658759795344,59.93776035029877
2458,-0.707407385387,0.24334780023436095,1.005105698193832,-0.8340073931762163,-0.0043710130411727215,0.9373229208620112,0.9029824871670437,-22.22758162205558,59.944608507202716
2459,-0.1936075561923456,-0.31676131139530583,1.064308427455838,-0.8766960183933974,-0.0009577699571695075,0.99121840079557,0.9170036855333441,-22.27595615390529,59.95144829605876
2460,-0.021976754597468985,-0.3171758278460049,0.9162465498501674,-0.9302896704571302,0.003530469443545073,1.0446125265641544,0.9305552465585788,-22.323782246862983,59.95827970734714
2461,-0.08419810950155156,0.09017272858043329,0.6034075124781922,-0.9941719339895883,0.00970867934555251,1.09740688656938,0.9436312974165788,-22.37105979244715,59.96510273154815
2462,-0.18152121126687448,0.6053025768563097,0.22324551861791547,-1.064814576479771,0.01792843122651443,1.1495046187989484,0.95622596528117,-22.41778868217628,59.97191735914206
2463,0.3745830349514829,0.42974414481317874,-0.11807612251912104,-1.1381553700075182,0.02800370011868747,1.200812462276806,0.9683333773261884,-22.46396880756886,59.978723580609156
2464,-0.46941157632787434,-0.26720969694123464,-0.3501012441712202,-1.2100071447515999,0.03961696589167278,1.251243709288515,0.9799476607254548,-22.509600060143402,59.985521386429696
2465,0.6223346654391582,-0.8365076857484904,-0.41149798765292467,-1.2761827308907912,0.05244679322754117,1.3007155673071176,0.9910629426528103,-22.554682331418395,59.99231076708398
2466,-0.05400622004788047,-0.5186347045079917,-0.2744269419360459,-1.329798674544185,0.06617110658770244,1.3491458840263926,1.0016733502820756,-22.59921551291233,59.999091713052266
2467,-0.9168330406100536,0.2935129901666096,-0.0456715332601921,-1.352372509927879,0.0804738570331829,1.3964525071401237,1.011773010787062,-22.643199496143684,60.00586421481483
2468,0.9757239720069356,0.9275250152776098,0.13125446932876697,-1.3194753790509324,0.09506849653289658,1.4425532843421096,1.02135605134164,-22.686634172630963,60.01262826285194
2469,-0.9517497390094514,0.5539371071782223,0.14932904796592814,-1.2088568256024785,0.10969333327084244,1.487366063326099,1.030416599119626,-22.729519433892705,60.019383847643915
2470,0.26777304235167815,-0.4565095934655314,0.05637135940181556,-1.015746070094049,0.12407800050169575,1.530808691785921,1.0389487812948204,-22.771855171447342,60.026130959670986
2471,0.7301451291879102,-0.906237748790274,-0.03915575746608455,-0.7616627580450415,0.13793708005704267,1.5727990174152984,1.0469467250410844,-22.81364127681338,60.032869589413444
2472,-0.26523421267256203,-0.634639655729023,-0.04787672758001877,-0.47561301331899486,0.1509820780180781,1.6132548879080555,1.0544046018620699,-22.854877685839178,60.03959972735157
2473,-0.5095477036279894,0.13578164674839366,0.006336619329088148,-0.17966282672758388,0.1629245004660823,1.652094150957966,1.0613167605807106,-22.89556451169231,60.04632136396564
2474,0.2021235896851167,0.7029982838446043,0.07026218454006883,0.10689526197363942,0.17347585348227543,1.6892346542588188,1.0676775943497612,-22.935701911870204,60.05303448973592
2475,0.43907706816494063,0.6403671885889676,0.09070126824933503,0.3649820387500439,0.1823476431479277,1.7245942455043721,1.0734815407779907,-22.975290088326272,60.059739095142696
2476,-0.6122582663473704,-0.0049630617458633255,0.02873306513080635,0.5803171499032765,0.18925137554427424,1.758090772388445,1.0787232596862666,-23.01432946522606,60.066435170666225
2477,-0.14568674633541445,-0.5183667052392945,-0.10129181337413992,0.7581049746443324,0.19389865528977965,1.7896419840675817,1.0833976329045576,-23.052820688744244,60.07312270678684
2478,-0.4153000868527074,-0.3455631089431208,-0.23000765039751137,0.9091672982998809,0.19600021295551798,1.8191665037457572,1.0874997643755675,-23.090764627168127,60.07980169398474
2479,1.2209638226094321,-0.38766979900041126,-0.1750013360606402,1.0405228467150085,0.19525730485150464,1.8465928424990297,1.0910250553290133,-23.128162859683183,60.08647212274025
2480,-1.3637010030171062,-0.6018056397815802,0.032282179794816276,1.1479178392592362,0.19134694908865701,1.8718759206138875,1.0939669583727594,-23.165017187864294,60.09313398353362
2481,-1.5419541625661821,0.07284811579142736,0.22098145665418276,1.2243859198691451,0.18396579485881664,1.8949986788900306,1.0963165216036062,-23.201329591946187,60.099787266845155
2482,1.5216947242179295,0.7757100099786588,0.26325175215162105,1.2629945583610354,0.17300099296878446,1.9159541879462134,1.098063997624914,-23.237102186404254,60.106431963155096
2483,-1.3711663866036237,0.30241358099324755,0.09652995977583567,1.2590675364606227,0.15848811716887223,1.93473667922698,1.0991998928025157,-23.272337442768194,60.11306806294374
2484,0.5123498476606148,-0.6856384357494363,-0.1451997246301228,1.2141585093963365,0.14061698151981633,1.951340384176855,1.0997147947761499,-23.307037913841604,60.11969555669139
2485,0.9150320804256094,-0.8259871701762234,-0.2804525947955375,1.131224427786678,0.11971614888328412,1.965759534240398,1.0995992607554028,-23.34120612199787,60.12631443487826
2486,-0.7205657642443238,0.055772544190026335,-0.19066451494899148,1.0144032335028197,0.09614219431427666,1.977988360862128,1.098843766853542,-23.37484450851415,60.132924687984676
2487,0.20585685252382213,0.7877910358843712,0.016062539058831895,0.8730072031713856,0.07025169286779506,1.9880210954866044,1.0974387058572233,-23.40795543134093,60.1395263064909
2488,0.5057579618541674,0.5085384057809136,0.19818142520261764,0.7183165150035066,0.04239901073364557,1.9958541784235568,1.0953744095497797,-23.440541187425385,60.1461192808772
2489,-0.43776911780342803,-0.2190429516551102,0.31048908537337516,0.5591596823771038,0.012929395658767096,2.0014931684255712,1.092641196910419,-23.472604060910562,60.15270360162387
2490,-0.00828113379830558,-0.6188336809300113,0.333933220012786,0.40168756489014784,-0.017815770054093332,2.0049474896895068,1.0892294057531475,-23.504146354774328,60.159279259211154
2491,-0.09903830923275207,-0.24598903441888298,0.2629720357741904,0.24951859955075448,-0.049497485685327164,2.006228387073845,1.0851299711213416,-23.53517040830252,60.16584624411935
2492,0.26522167589829104,0.19155847683302824,0.13829592221977288,0.10429375602089928,-0.08177727516542248,2.00534461274388,1.0803368665739974,-23.565678581953183,60.17240454682874
2493,-0.22023433535567538,0.3536686860890332,0.013184394199137334,-0.03273198867778805,-0.1143166624249076,2.0023000336727876,1.0748489542961581,-23.595673239618353,60.178954157819604
2494,0.183250513337748,0.23801852690702674,-0.08029014701558537,-0.16030365752369294,-0.14677717139434102,1.997092217119884,1.068671396186755,-23.625156745189997,60.1854950675722
2495,-0.16054893914382806,0.1610299184021887,-0.18391826825474403,-0.27716627349524103,-0.17882032600423092,1.9897150706989084,1.0618130137902935,-23.654131462560134,60.19202726656679
2496,0.15279585076419477,0.018958786518076916,-0.30997824786410416,-0.3820648595707926,-0.21010765018512575,1.980161894521849,1.0542832478554962,-23.68259976732328,60.19855074528369
2497,-0.12302799500285172,-0.051335461467937306,-0.4206104238939502,-0.473740854663399,-0.24030425193290297,1.968425988700689,1.0460916092853456,-23.710564105228144,60.20506549420315
2498,-0.030180603872963348,-0.10409523613869416,-0.47100163291744557,-0.5509060992171572,-0.26910927196595646,1.9545005865165526,1.037247827019963,-23.738027073229755,60.21157150380546
2499,0.05875611567459014,-0.05269730837754873,-0.44640069324572124,-0.6125685736817273,-0.29630758790737655,1.9383781889819942,1.0277625936107515,-23.764991499625843,60.21806876457088
2500,0.07484557001834677,-0.02298866561619858,-0.37170477045159317,-0.6592430754000813,-0.3217040115347384,1.9200492375948195,1.0176488126162115,-23.791460364206465,60.2245572669797
2501,-0.050559704278114195,0.07539559716151975,-0.28769550806018745,-0.6921105005436925,-0.3450538004776851,1.899503177294113,1.0069204532375744,-23.81743671584574,60.23103700151221
2502,-0.02500763722681378,0.021624009261347072,-0.21499514904182232,-0.7124330010772532,-0.36609351484140745,1.8767293201156483,0.9955916289773487,-23.842923614815703,60.23750795864865
2503,0.04983264487065597,-0.03098683197883697,-0.12399337501988095,-0.7217602650003277,-0.38453161178578105,1.8517169780952345,0.9836764533380827,-23.86792412138845,60.24397012886931
2504,-0.06279272878859063,0.024274477289729483,0.00716446811585618,-0.7222267812566586,-0.4000461452696562,1.8244554632686198,0.9711890398223354,-23.892441295836104,60.25042350265447
2505,0.053666133083351664,0.029995290690943532,0.17152070434706979,-0.7163424845332995,-0.41230710524596204,1.7949340876715734,0.9581435019326553,-23.91647819843075,60.256868070484416
2506,-0.012352812159779644,-0.017990641267489442,0.3470468231385487,-0.7066809267744801,-0.42098449284322087,1.7631421633398987,0.9445539531715759,-23.94003788944447,60.26330382283941
2507,-0.0189722440199631,-0.09554791123256097,0.48997329396548817,-0.695788164991798,-0.42577593403554503,1.7290691322223373,0.930434507041666,-23.96312342914936,60.269730750199734
2508,-0.012349915978934948,-0.09727544323813091,0.5433555395754297,-0.686258472865633,-0.42638765963893516,1.6927057098725726,0.9157992770454793,-23.985737877817503,60.276148843045654
2509,-0.16348699733301053,0.18009459067839415,0.4767798672066151,-0.6802226821851884,-0.4225499786656942,1.6540490274768966,0.9006623766855342,-24.00788429572099,60.28255809185744
2510,-0.03521636622271533,0.26288743542915444,0.32599054009748635,-0.6771243730442196,-0.4140820973921632,1.6131141976845924,0.8850379194644095,-24.029565743131972,60.28895848711542
2511,0.33613049110257925,0.15353957071438826,0.12345122385716312,-0.6757092922052821,-0.4008571312671944,1.5699403799363576,0.8689400188846287,-24.05078528032245,60.29535001929981
2512,-0.36464821894735483,-0.052385909797997836,-0.10263072253205617,-0.6746666156053022,-0.3828296120874446,1.5245915791950646,0.8523827884487455,-24.071545967564564,60.30173267889091
2513,-0.052694735588630436,-0.0865640849548601,-0.31686932194722556,-0.6726088831831116,-0.3600507176310148,1.4771518104069363,0.8353803416593085,-24.0918508651304,60.308106456368996
2514,0.40026628700437367,-0.11077283701359064,-0.45719337889657014,-0.6680539342825464,-0.3326702824235823,1.4277090446707401,0.8179467920188915,-24.111703033292063,60.314471342214354
2515,-0.44578785505592033,-0.34341735597430323,-0.4665966069083696,-0.6594645636521178,-0.3009029191102025,1.3763512530852935,0.800096253030013,-24.13110553232164,60.32082732690725
2516,0.5241189050743199,-0.49720006708473585,-0.3282842742738455,-0.6457629927539689,-0.2649937943431093,1.3231664067493638,0.7818428381952416,-24.150061422491223,60.32717440092796
2517,-0.012177365384562744,-0.26394261107223543,-0.06738851415889095,-0.6277680095918003,-0.22510542825524657,1.2682424767617637,0.7632006610170958,-24.16857376407285,60.33351255475672
2518,-0.7004920270947549,0.16513268223695976,0.21446170387653668,-0.6068318568580012,-0.18131793291533838,1.2116674342212455,0.7441838349981595,-24.186645617338698,60.33984177887389
2519,0.7349599819500742,0.536738992192781,0.396101478427804,-0.5843196723782463,-0.13369852525886858,1.1535292502266263,0.7248064736409613,-24.20428004256082,60.34616206375969
2520,-0.7055794386928527,0.15960954760025173,0.3900753502970994,-0.561773736318131,-0.0823236090941985,1.0939158958766793,0.7050826904480698,-24.22148010001131,60.3524733998944
2521,-0.23791373592272438,-0.26700111184659103,0.24523159539444853,-0.541486813261503,-0.02729880335188678,1.0329153422702062,0.6850265989219984,-24.23824884996228,60.358775777758325
2522,0.12282515595683227,-0.4083132779486509,0.044545668499177994,-0.5260436444038735,0.031238389679277636,0.970615560505975,0.6646523125653311,-24.25458935268577,60.3650691878317
2523,0.2928645177460365,-0.3743420683506984,-0.1355369821801198,-0.5179132365847714,0.09300035066525583,0.9071045216827878,0.6439739448805912,-24.270504668453892,60.37135362059481
2524,0.10708349865262104,-0.05504028665284631,-0.24728509088699682,-0.5193279292621062,0.1574627928903648,0.8424701968994522,0.6230056093703376,-24.285997857538803,60.37762906652797
2525,-0.039867855900903484,0.17060989781622915,-0.26392903592838995,-0.5322241211199571,0.22402560244228817,0.7768005572547105,0.6017614195371186,-24.30107198021252,60.38389551611143
2526,-0.055902660984102376,0.15535792913082141,-0.1794892012343029,-0.556883435210792,0.29205544248921456,0.7101835738473803,0.5802554888834933,-24.315730096747142,60.390152959825436
2527,-0.06685282658309981,0.0805475983329501,-0.05184602997771038,-0.5902805027327747,0.36079649153686794,0.642707217776259,0.558501930911985,-24.329975267414795,60.396401388150316
2528,-0.05973862084090628,0.038365513094395454,0.06072447779189069,-0.6285659610493652,0.4294100326599452,0.5744594601401141,0.5365148591251573,-24.343810552487547,60.40264079156631
2529,0.11254882164694799,-0.08103174640322915,0.13790986005679165,-0.6679395965231313,0.49704385384309285,0.505528272037753,0.5143083870255539,-24.3572390122375,60.408871160553716
2530,-0.008143354487322426,-0.11131848048430346,0.15899402087002337,-0.7051063255387211,0.5628471083005877,0.436001624567933,0.49189662811574864,-24.37026370693675,60.4150924855928
2531,-0.2259225465387505,-0.032016879927395464,0.11521265509847721,-0.7369192131209207,0.6259677394543969,0.3659674888294717,0.4692936958982448,-24.382887696857352,60.421304757163824
2532,0.24557029904099759,0.048346024197938944,0.0328888778922354,-0.7567799415034487,0.6855532770998616,0.2955138359211516,0.44651370387563133,-24.395114042271466,60.4275079657471
2533,0.2130311129811331,0.1726462374313018,-0.05432014878879657,-0.7571641535199021,0.7407512510323433,0.2247286369417449,0.4235707655504367,-24.406945803451137,60.433702101822874
2534,-0.3699127892038463,-0.10153169474344616,-0.10439718771421269,-0.7305463685210944,0.7907080675643596,0.1536998629900593,0.40047899442519946,-24.41838604066846,60.439887155871446
2535,0.43976650338143053,-0.23312573975045933,-0.09761796470637017,-0.6700032662590142,0.8345871739895211,0.08251548516487714,0.37725250400249344,-24.429437814195538,60.44606311837306
2536,-0.13323671951279661,-0.19622681780581824,-0.027251164373148843,-0.5722323808020603,0.8716512303857419,0.011264648819665338,0.3539054077848572,-24.440104184304467,60.452229979808024
2537,-0.5589612371683974,0.07462426389465414,0.07392256249706589,-0.4393193424278976,0.901241218213827,-0.059958803673356154,0.3304518192748393,-24.450388211267327,60.4583877306566
2538,-0.04060481001694899,0.29086480042036755,0.14148343359716498,-0.27454514188332246,0.9227123155522315,-0.131059855687303,0.3069058519749734,-24.46029295535621,60.46453636139905
2539,0.6331200409151957,0.2751312720447191,0.11673017729899146,-0.08259370520326001,0.9354197004793653,-0.20194349059529587,0.28328161938783314,-24.469821476843208,60.470675862515655
2540,-0.5525093750908878,-0.04838433124786267,0.0020016765741268346,0.12526554695911923,0.9387203030178041,-0.27251644371453615,0.2595932350159421,-24.478976836000435,60.47680622448673
2541,-0.3662534995929062,-0.36807783722466336,-0.1278891044102882,0.33191468134562885,0.9319844650269747,-0.3426988621991666,0.23585481236185898,-24.487762093099946,60.482927437792505
2542,-0.5371892758144639,-0.11331875449659602,-0.19504230603332265,0.518439051753795,0.9146105566185551,-0.4124389214555306,0.21208046492815755,-24.496180308413862,60.48903949291327
2543,-0.38512095202069696,0.1134977317628509,-0.1840128724043882,0.6721317973155931,0.8860059922295735,-0.4816938412153225,0.18828430621734615,-24.50423454221427,60.49514238032931
2544,0.6596088579134957,0.39130450690695767,-0.11639201302028933,0.7864203950174866,0.8456910689792524,-0.55042150127653,0.16448044973199358,-24.51192785477324,60.50123609052088
2545,-0.6238991102904315,0.09344576715776332,-0.018919151594087368,0.8555769851334103,0.7936349744504495,-0.6185797814371309,0.14068300897464345,-24.519263306362927,60.507320613968304
2546,-0.36261881180290884,-0.1271344019426663,0.0757068681141552,0.876171643776917,0.7299431820053008,-0.6861265614951131,0.11690609744784938,-24.52624395725534,60.5133959411518
2547,0.6266492091970907,-0.3223100364407915,0.17593625935370802,0.8480243740966776,0.6549668915585171,-0.7530197212484091,0.093163828654155,-24.532872867722613,60.51946206255167
2548,0.3025105668775709,-0.3265074410061206,0.26660194744168625,0.771082119454907,0.5696937610195293,-0.8192171404950369,0.06947031609612403,-24.539153098036852,60.52551896864819
2549,-0.5370697223340831,-0.07543820733125255,0.33414688572703255,0.6454002091060523,0.47531891913738294,-0.884676699032924,0.0458396732762749,-24.545087708470128,60.53156664992165
2550,-0.32859577157653563,0.05516578958914326,0.3572676877364869,0.4732552257597521,0.3730519938962959,-0.9493562766600734,0.02228601369717137,-24.550679759294542,60.5376050968523
2551,-0.09576398007673725,0.3045253893480291,0.30089501035209965,0.2629292802709463,0.26410261328049145,-1.0132137531744578,-0.001176549138622869,-24.555932310782172,60.54363429992042
2552,0.45492982610479304,0.2744929714276198,0.14195359818569495,0.03087828270918078,0.14968040527414733,-1.07620700837405,-0.024533901728579294,-24.56084842320512,60.549654249606306
2553,-0.3808346171304123,-0.030164281190199985,-0.0695225379755894,-0.20464148849307875,0.030994997861501856,-1.1382939220568078,-0.047771930570159334,-24.56543115683547,60.555664936390215
2554,-0.21729142155442854,-0.35163198610058394,-0.2566327390939863,-0.42537375490335655,-0.09074398097324199,-1.1994323740207138,-0.07087652216077915,-24.56968357194536,60.56166635075245
2555,-0.10256723218905718,-0.2164057588253135,-0.35427381495536675,-0.6130622380891466,-0.21432690324587614,-1.2595802440637558,-0.09383356299790518,-24.573608728806818,60.56765848317325
2556,0.25641318984554723,0.0664980940198207,-0.35602376815325515,-0.7494506596179683,-0.3385441409722127,-1.3186954119838716,-0.11662893957900895,-24.577209687691965,60.57364132413291
2557,0.24336174438111474,0.2425685491565816,-0.2781265576968571,-0.8187587289310557,-0.46218606616800834,-1.376735757579069,-0.13924853840151666,-24.580489508872898,60.579614864111704
2558,-0.058854979935929905,0.36579883035493616,-0.1341107645870221,-0.8155446725029097,-0.5840788476871028,-1.433659160647296,-0.16167824596289476,-24.583451252621682,60.5855790935899
2559,-0.22368153881867087,0.28030861157222065,0.05484736633212876,-0.740470372682111,-0.7031126404937924,-1.4894235009865398,-0.18390394876058958,-24.58609797921045,60.5915340030478
2560,-0.12404126806578303,0.004159584474325282,0.24081953339170298,-0.6021899007444115,-0.8178965914233947,-1.5439866583947734,-0.20591153329205755,-24.588432748911263,60.597479582965654
2561,0.1964938405115086,-0.35168273979228,0.3554324760602521,-0.4113517401845193,-0.9268556396977898,-1.59730651266997,-0.2276868860547299,-24.590458621996234,60.60341582382376
2562,0.22705670869176556,-0.5158720945491583,0.32801636560032765,-0.179827380741331,-1.027980819210356,-1.6493409436100916,-0.2492158935460731,-24.592178658737428,60.60934271610235
2563,-0.2500252150420561,-0.250690894660331,0.12460210128526955,0.07408458893598992,-1.1191026381169775,-1.7000478310131164,-0.27048444226355356,-24.59359591940697,60.61526025028175
2564,-0.21309744816583037,0.23325007726182026,-0.1565483049490092,0.31884192140147427,-1.1980377247321128,-1.7493850546770273,-0.29147841870459756,-24.594713464276953,60.62116841684224
2565,0.2898532323674972,0.685267672922049,-0.3843490464967737,0.5197921996992887,-1.2626027073702188,-1.7973104943997968,-0.31218370936666145,-24.595534353619414,60.62706720626404
2566,-0.14172857206088,0.43942144007892253,-0.4514046149005678,0.6437992306338811,-1.3106142143457231,-1.8437820299793726,-0.3325862007472168,-24.59606164770652,60.632956609027474
2567,0.014615383824550746,0.06545358014831568,-0.3522392834922846,0.6711648148113315,-1.3401033835369591,-1.888757541213763,-0.3526717793436847,-24.59629840681031,60.6388366156128
2568,-0.32093867307793256,-0.502437612688698,-0.13370198053837135,0.6132923041276729,-1.3500516781348966,-1.9321955533316455,-0.37242633165353667,-24.596247691202876,60.64470721650029
2569,0.21589360168875335,-0.904161961809912,0.15019977649818875,0.48932987919084164,-1.3400191070652059,-1.974062285342324,-0.39183574417423916,-24.59591256115635,60.650568402170244
2570,-0.7895392340806051,-0.23907615287162992,0.4338411190952733,0.3185186530966114,-1.30963323836195,-2.014349329634608,-0.41088590340319836,-24.59529607694281,60.656420163102915
2571,-1.3259312712541282,0.6439751813691256,0.6051969320470972,0.12003058138799369,-1.2585014786115296,-2.0530684400449237,-0.4295626958379108,-24.59440129883431,60.662262489778584
2572,1.7513389861698452,0.9240651659074482,0.5401873243405333,-0.08614094920649035,-1.1862378773720574,-2.0902247274380157,-0.4478520079758077,-24.593231287102995,60.66809537267755
2573,-0.02929884056638312,-0.0035878550171385927,0.18045597244423028,-0.2756794639252071,-1.0924691327399751,-2.1258106541402992,-0.46573972631433047,-24.591789102020915,60.67391880228002
2574,-1.9302231502466303,-0.8073840426393845,-0.2590249830692302,-0.42317042661007936,-0.9768245875760182,-2.159816037713871,-0.4832117596272563,-24.590077781583886,60.679732769066355
2575,0.7944054989221537,-0.4558337530087578,-0.5413910473894186,-0.5027380975710506,-0.8393947882728616,-2.192230695720837,-0.5002541516747947,-24.588100228801228,60.68553726351679
2576,0.7251968085839019,0.42568576247366385,-0.6145664471392575,-0.48948795850533844,-0.682403702901836,-2.223044445723329,-0.5168532857007658,-24.58585900719867,60.69133227611162
2577,1.6228273212230544,0.6040697366442083,-0.4575407556437522,-0.3781838357502698,-0.5096909332699948,-2.252247105283444,-0.5329961479475376,-24.58335607730335,60.69711779733109
2578,-1.5135976516223097,-0.0577208983410305,-0.0754217470866546,-0.20167721560692237,-0.3253846887352858,-2.2798284919633223,-0.5486699478856705,-24.580593176414297,60.7028938176555
2579,0.39152378012251077,-0.5119022574563227,0.29417867905424866,-0.0016349904885447951,-0.13361317865575703,-2.3057784233250516,-0.5638619173721111,-24.577572019444077,60.708660327565106
2580,1.1751541341506944,-0.30344231274665595,0.4450398527534085,0.1802759471915839,0.061495387610648794,-2.330086716930778,-0.5785592882637711,-24.57429432130532,60.71441731754019
2581,0.18600874612816687,0.4571757920729193,0.3798955803624241,0.3071965823403562,0.2558128007059237,-2.3527431903425833,-0.5927492924176223,-24.57076179691064,60.720164778061054
2582,0.29220341095994545,0.3577604734510402,0.15215517258443687,0.36390037611033754,0.44521085127211,-2.3737376611226133,-0.6064191616905661,-24.566976161172658,60.725902699607964
2583,1.1021261763457926,-0.33198581995973875,-0.11163825926935889,0.3495992400723826,0.6258227939262174,-2.393059946832975,-0.619556127939539,-24.56293912900396,60.73163107266118
2584,-1.5288628666229918,-0.5166418132966679,-0.26118611730781915,0.2659825457261649,0.7948580671747466,-2.4106998650357654,-0.6321474230215127,-24.55865241531713,60.73734988770097
2585,0.03546363847587093,0.2772983169248211,-0.19125975259680197,0.12044352511518346,0.9499403839846142,-2.426647233293115,-0.644180278793394,-24.554117735024818,60.743059135207645
2586,1.7045423526761923,0.6816457604798911,0.016251986805059945,-0.054172866698474494,1.0888445603947534,-2.440891869167146,-0.6556419271120992,-24.549336803039626,60.748758805661446
2587,-1.4156271404556922,0.002722379768390226,0.2234248401830341,-0.2100704795596107,1.2093560348499266,-2.4534235902199697,-0.6665195384866028,-24.544311395622174,60.754448889542694
2588,-1.4765489838969643,-1.022866526540079,0.287470079965257,-0.297701268935655,1.3095931085483616,-2.464232214013698,-0.6767999156846324,-24.539043656774215,60.76012937733162
2589,0.19394199119384067,-0.9632250864745688,0.10107938810951259,-0.2836361609030595,1.3893527586477026,-2.4733075581104416,-0.6864692904518599,-24.533536301519636,60.76580025950851
2590,1.11030289561087,0.2687925674345968,-0.26580939921995034,-0.19091620177112198,1.4501139908805796,-2.4806394400723275,-0.6955136910743039,-24.527792248341996,60.77146152655365
2591,-0.9942813851918963,1.5577979124778025,-0.56580435887401,-0.05671046413683259,1.4938363658018616,-2.486217464372746,-0.7039193448888074,-24.521814429762678,60.77711316894731
2592,-0.264606752922129,1.1585240642465202,-0.5764838179141959,0.08460282697412734,1.5225179954663361,-2.4900297280890817,-0.7116740633252489,-24.515605701606102,60.782755177169776
2593,1.0032423984625942,-0.5123723916521528,-0.31827827129945285,0.21086263666779895,1.5381585500535206,-2.4920617425750176,-0.718770021454499,-24.50916869990411,60.78838754170132
2594,-1.0812581041343197,-2.006136346030745,0.12429526711113764,0.30633570450898173,1.5427651105636448,-2.4923005325839966,-0.7252053699095891,-24.502505982547323,60.79401025302221
2595,1.1638222877093265,-1.6898133581761234,0.6491661365671975,0.3561883639093327,1.538337469525393,-2.4907245238029567,-0.7309795765193009,-24.49562010082559,60.799623301612726
2596,0.5363554217190384,-0.0197740745009656,1.0876474641408374,0.34594608833633234,1.5264679989146004,-2.4872638614217997,-0.7360921091124258,-24.488513606028757,60.805226677953144
2597,-1.086184862578582,1.524662919825327,1.2543983238597944,0.26257598721597314,1.5073167781522128,-2.481858034034054,-0.7405424355177558,-24.48118904944665,60.810820372523736
2598,-1.0613499226692842,1.9663027854422688,0.957854848306322,0.10254900562002206,1.4806856650981621,-2.4744677272181614,-0.7443300480150015,-24.47364898236912,60.816404375804794
2599,1.2286249450402111,0.9475352095489183,0.10505501182828617,-0.1011612650486638,1.4463804983149011,-2.4650623448924414,-0.7474547769818051,-24.465895956085998,60.821978678276594
2600,0.31234376222863053,-0.576965320134793,-0.9092117224816895,-0.30645684073832324,1.4042084353668938,-2.4536113967198183,-0.749917666053168,-24.457932521887102,60.827543270419376
2601,-1.0406443008806858,-1.3369630719811103,-1.566662283983429,-0.47123973739716996,1.353976633818558,-2.4400832415492575,-0.7517209096780728,-24.449761231062286,60.833098142713446
2602,0.8989601102370327,-0.24572060095292053,-1.4777596537186608,-0.5609178170022777,1.2954922512343379,-2.4244459056123655,-0.7528670432928141,-24.441384626531423,60.838643285639094
2603,-0.7037336632122873,0.6926971421489312,-0.7665647199897299,-0.5724496193929264,1.2287034394582355,-2.40666683195711,-0.7533592359020741,-24.4328052008296,60.84417868967657
2604,-0.27065100781018614,0.5086364277305148,0.28853617937927045,-0.5163938883398096,1.1541075103680063,-2.386712593652215,-0.7532016096778844,-24.424025363303855,60.849704345306165
2605,0.6138240080846886,-0.3359338920644203,1.2313791060708774,-0.4047773930230765,1.0722835017836694,-2.3645484682661446,-0.7523996468483849,-24.415047458745345,60.855220243008134
2606,-0.6875135585473428,-0.26161722757450284,1.5211932589110506,-0.24961208553850442,0.983795634440837,-2.3401365435099115,-0.7509621076623221,-24.40587374378209,60.860726373262786
2607,0.60269075758075,0.13726896135869818,1.2267573051806557,-0.06330474524055593,0.8892081290751364,-2.3134368565038885,-0.7488998440043196,-24.396506433996844,60.86622272655037
2608,1.0651638526517473,0.15193343218966524,0.5995305730035692,0.14015853948146514,0.789085206422225,-2.2844091027310047,-0.7462240549441733,-24.38694773942466,60.87170929335117
2609,-1.2667502177392456,-0.25732523552002073,-0.10033976375704996,0.34639685297958495,0.6839910872177254,-2.2530129776741536,-0.7429459395517293,-24.377199870100572,60.87718606414546
2610,1.4166425040075181,-0.34661206320746724,-0.6526528322439706,0.5410292796058044,0.5744899921972697,-2.2192081768162444,-0.7390766968968135,-24.367265036059592,60.8826530294135
2611,-1.5038725518035978,0.1807664928016984,-0.9210977974161297,0.7096749037121598,0.46114614209648047,-2.182954395640206,-0.734627526049237,-24.357145447336773,60.8881101796356
2612,0.4315937611864216,0.5432176442417646,-0.9518548017697781,0.8396264030734648,0.34452375765103016,-2.1442113296289573,-0.7296096260788356,-24.346843313967145,60.89355750529204
2613,1.3150942308426765,0.5946478663081648,-0.8370070315197982,0.9264165942159199,0.22518705959652605,-2.1029386742654017,-0.7240341960554354,-24.336360845985723,60.89899499686307
2614,1.5239722165632195,0.2945039272717022,-0.6473251911522797,0.973582240574765,0.10355297542248545,-2.059096125032469,-0.7179124350488473,-24.325700253427545,60.90442264482897
2615,0.08594647388094448,-0.0909921224360832,-0.42227642850898006,0.9866665376137623,-0.020422234350072555,-2.012643377413037,-0.7112555421289122,-24.314863746327646,60.90984043967002
2616,-1.4843096868572658,-0.4174750152864343,-0.19642566334279826,0.9706982265990918,-0.14626785500254139,-1.9635401268900756,-0.7040747163654312,-24.303853534721043,60.9152483718665
2617,1.1437514053505264,-0.7759414385111485,-0.004850221301185243,0.9299866492628097,-0.27279377228220597,-1.9117460689464332,-0.6963811568282653,-24.292671828642764,60.92064643189866
2618,1.4422230135368517,-0.6528563301389332,0.121295230734742,0.8686934239574444,-0.39866214855677823,-1.8572208990650785,-0.6881860625872104,-24.28132083812786,60.92603461024682
2619,1.19234879018604,-0.3342443576286344,0.17028911876943897,0.7919564161282887,-0.5225351461940102,-1.799924312728916,-0.6795006327121025,-24.26980277321135,60.93141289739124
2620,-1.4127548059966633,0.27832068011633504,0.15152363443859665,0.7074760508130904,-0.6430749275616843,-1.7398160054208338,-0.6703360662727625,-24.258119843928252,60.936781283812174
2621,1.085050087109965,0.7600094886414874,0.08802313616996835,0.6175546783925516,-0.7589436550274821,-1.6768556726237815,-0.6607035623390114,-24.246274260313637,60.942139759989935
2622,1.347397624583991,0.6907393373605161,0.010117286105770257,0.5189464887079693,-0.868803490959216,-1.6110030098206176,-0.6506143199807054,-24.234268232402457,60.94748831640475
2623,-1.315534106507726,-0.08055271428703195,-0.047603372548586154,0.40658106852274767,-0.9713142561184619,-1.5422200541004523,-0.64007953826761,-24.222103970229824,60.95282694353694
2624,1.2962742346132379,-0.7513415269730314,-0.05498402610837546,0.27639440052086695,-1.0651044613117053,-1.470500152507436,-0.6291104162696117,-24.209783683830718,60.958155631866774
2625,-0.8835151459029887,-0.7619177239882795,0.0011742590903444162,0.1304512446542816,-1.1487125016162076,-1.395926767814963,-0.6177181530565011,-24.19730958324019,60.963474371874504
2626,-1.2984310601199818,-0.2969743478476878,0.09347017488970882,-0.026989959865424736,-1.2206548285785388,-1.3186053063271295,-0.6059139476980994,-24.184683878493274,60.96878315404043
2627,0.29235084765017266,0.3118157125245784,0.1886061133720642,-0.19314779540909982,-1.2794478937452687,-1.2386411743480317,-0.5937089992642574,-24.171908779624964,60.9740819688448
2628,0.4747973857550514,0.7770428970652524,0.25435275027047805,-0.3657149095188877,-1.3236081486629172,-1.1561397781817955,-0.5811145068247712,-24.158986496670344,60.97937080676793
2629,0.5202012045775583,0.8071635654673726,0.2676443242514683,-0.5427392744619902,-1.3516520448780693,-1.071206524132512,-0.5681416694494916,-24.1459192396644,60.98464965829007
2630,1.269580489244376,0.1500869623248285,0.24482941840269998,-0.7208616265714349,-1.3620945825165263,-0.9839482699250309,-0.5548016862082248,-24.132709218642187,60.989918513891496
2631,-1.1291014540804063,-0.8343855371029448,0.23123903694611944,-0.8945423750174365,-1.353427009961449,-0.8944956250268474,-0.5411057561707966,-24.119358643638744,60.99517736405251
2632,0.8615279449402048,-0.40737318218157154,0.25864572575970524,-1.0530553968905019,-1.324183914627535,-0.8030525731575362,-0.5270650784070532,-24.10586972468905,61.00042619925334
2633,0.6201517345966705,0.5450033680498707,0.2969890660909876,-1.1795597714132515,-1.2734722850164168,-0.7098415984671821,-0.5126908519867852,-24.0922446718282,61.00566500997431
2634,-0.6400800448873372,0.8762337296891287,0.30244499551140674,-1.2569152943866475,-1.2010118778526224,-0.6150853236985729,-0.49799427597984386,-24.078485695091167,61.010893786695654
2635,0.48681469339037925,-0.1544965712220034,0.22666030450958669,-1.2715590192545478,-1.1069440017575232,-0.5190063715945069,-0.48298654945605013,-24.064595004513027,61.016112519897696
2636,0.5658169192796035,-0.9428890650990611,-0.00787112731095427,-1.213426873574521,-0.9928700068439883,-0.42182736489774675,-0.46767887148520987,-24.0505748101288,61.02132120006068
2637,-0.75764869795324,-0.5019337598071653,-0.4364999444253848,-1.0763878695339186,-0.8617688564834287,-0.3237709263510755,-0.45208244113717416,-24.036427321973495,61.02651981766488
2638,0.7781806785273884,0.8475502305974497,-0.9006513646303942,-0.8664754799403901,-0.716889541483429,-0.22505967869730137,-0.436208457481769,-24.02215475008214,61.03170836319058
2639,-0.6063171084995469,1.121644111815192,-1.2005322585100369,-0.5964568505143527,-0.5614810526515484,-0.1259162446791921,-0.4200681195887801,-24.007759304489813,61.03688682711808
2640,-0.24474617275235225,0.15871734646183505,-1.2116796205102285,-0.28207530353240273,-0.3987923807953663,-0.02656324703954077,-0.4036726265280788,-23.993243195231475,61.04205519992761
2641,-0.5512687687115007,-0.43482017951271734,-0.94853647001371,0.05234958109370057,-0.2320725167224523,0.07277669147886964,-0.38703317736945075,-23.978608632342205,61.047213472099465
2642,0.559891308797097,-1.0874310358876424,-0.44605276711634256,0.3779391602398356,-0.0645704512403707,0.17188094813326119,-0.3701609711827723,-23.96385782585701,61.052361634113936
2643,-0.593214212603164,-1.212218000399833,0.24383021327544022,0.6651707911009005,0.1004648248432789,0.2705269001808358,-0.353067207037804,-23.948992985810946,61.057499676451286
2644,0.6765489522194862,-0.09315980247426957,0.9509645904348881,0.8845218308717584,0.2597843207209673,0.3684919248788156,-0.33576308400443217,-23.934016322239007,61.0626275895918
2645,-0.6973729914302658,1.1114194076849442,1.3332359842414374,1.0064696367473325,0.41013904558508996,0.46555339948441254,-0.3182598011524325,-23.918930045176253,61.067745364015735
2646,-0.5911433152061115,0.9429362956831353,1.1221285155311713,1.0077409106477986,0.5483008240951358,0.5614887012548486,-0.3005685575516662,-23.903736364657707,61.072852990203394
2647,1.1150040956650944,-0.2783005230910511,0.4949653128809958,0.8940969427430181,0.6713465487099036,0.6560752074473309,-0.2827005522719241,-23.888437490718403,61.07795045863504
2648,-1.1907723226092335,-0.8734001008525151,-0.261211370273706,0.693697205322697,0.7772611510791544,0.7490902953190814,-0.26466698438305214,-23.873035633393357,61.08303775979093
2649,1.1674590620852312,0.26970466644696656,-0.8645676479471902,0.4386029941274482,0.8643867546813514,0.8403113421273072,-0.24647905295489153,-23.857533002717595,61.08811488415137
2650,-0.3861531106450851,0.7238406762803803,-1.0522464350706082,0.16033406130698008,0.9316070265858828,0.92951572512921,-0.2281479570572179,-23.84193180872616,61.09318182219661
2651,0.3407918438104547,-0.27548881492031513,-0.6805005642708559,-0.11154371315413349,0.977941019759839,1.0164808215820422,-0.20968489575990754,-23.826234261454086,61.09823856440696
2652,-0.8546939544878446,-0.6425176172273249,-0.06318329205087594,-0.35473839434072973,1.0024077871702755,1.1009840087429807,-0.19110106813275624,-23.810442570936388,61.103285101262664
2653,0.5968770302617463,0.0727148816237667,0.43100077327574476,-0.5487765336051281,1.0040262570323344,1.1828027886212356,-0.17240767324560505,-23.794558947208117,61.10832142324402
2654,0.7835969096467064,0.641443945343911,0.6734677961631295,-0.673184682299608,0.9818191575154211,1.2617108632716945,-0.15361591016825485,-23.77858560030429,61.11334752083129
2655,-0.8298727804639151,0.5711023494887558,0.626941305876537,-0.7118263861120399,0.9350859957466443,1.3374678491897518,-0.1347369779705668,-23.76252474025992,61.118363384504754
2656,0.03682856404730689,-0.13562660289980732,0.38165276597458797,-0.6685720212517847,0.8646679361605012,1.4098410060569093,-0.11578207572232663,-23.746378577110065,61.12336900474468
2657,0.8836045150221601,-0.7942769608750893,0.06922363043797058,-0.5623225192469528,0.7737181069218829,1.478600579091791,-0.09676240249338046,-23.73014932088976,61.12836437203138
2658,-0.8808146762998521,-0.8543235369676677,-0.18145023639456428,-0.41487025787180715,0.6661124381502759,1.5435251315260974,-0.07768915735355929,-23.713839181634008,61.13334947684508
2659,0.8460204168526334,-0.3444003466392997,-0.2857836328450365,-0.24831507310735543,0.5457436783678555,1.604434556455633,-0.05857353937267402,-23.697450369377833,61.13832430966608
2660,-0.4772461071100201,0.1599679413870913,-0.26025648342143504,-0.0829956931263757,0.41646402683688816,1.6611892962360577,-0.039426747620545585,-23.68098509415632,61.143288860974664
2661,-0.7467297165839336,0.5515266319224313,-0.15591118884294575,0.07180122338208193,0.28211762500807364,1.7136578510346523,-0.02025998116701506,-23.66444556600444,61.14824312125109
2662,0.3747626995927028,0.8397124502197549,-0.027620454004938618,0.21061932190520677,0.1465486143320161,1.7617087210187627,-0.001084439081903402,-23.647833994957253,61.153187080975655
2663,-0.13452405063654077,1.1829104247503248,0.06947502704518309,0.32827023708215103,0.013601136259350033,1.805210406355716,0.018088679564968447,-23.631152591049766,61.15812073062862
2664,0.9033674819942701,0.6343084794676699,0.09642650692600983,0.418858120081513,-0.11288066775928009,1.8440314072128174,0.03724817570377953,-23.614403564317055,61.16304406069027
2665,-0.18401696556493302,-0.594431602140161,0.0780527901964165,0.47476881449714053,-0.2291640478573307,1.8780402237573988,0.056382850264698844,-23.5975891247941,61.16795706164087
2666,-1.178476557189832,-1.337787598954847,0.051261179184212115,0.4926132256763063,-0.3323453504952732,1.907105356156781,0.07548150417790041,-23.580711482515934,61.17285972396069
2667,1.2995449154572716,-1.1395479410054046,0.04891457005284086,0.4728006885758939,-0.42131966664487647,1.9310953045783057,0.09453293837356326,-23.563772847517633,61.17775203813004
2668,0.9420864472669422,-0.27167587887911326,0.08649295171875654,0.41981526977192396,-0.4959818776446053,1.9498785691892637,0.11352595378186647,-23.546775429834184,61.18263399462916
2669,0.044720557034367454,0.7168928609186497,0.1495441954424806,0.34167865254407115,-0.5563934118672351,1.9633236501569862,0.13244935133296895,-23.529721439500634,61.187505583938346
2670,-1.3063975557489353,1.402768952916365,0.21572383584997426,0.2481791035938408,-0.6026410319692961,1.9713210534151213,0.15129193195706486,-23.512613086552005,61.19236679653787
2671,-1.1063029731330445,1.2453021011088876,0.26213343945936146,0.14811010980574685,-0.6349138486763212,1.9738636329663906,0.17004249658431816,-23.495452581023347,61.197217622908006
2672,-0.08831949990184203,0.30502827664683846,0.2664565262900952,0.04678566014104013,-0.6534802784954864,1.9710249399057995,0.188688454834186,-23.47824213294966,61.20205805352903
2673,1.1884679734385364,-0.853396504780815,0.22018262387774248,-0.05264522277124995,-0.6586310163056565,1.9629067839137193,0.20721123611249945,-23.460983952365993,61.20688807888122
2674,-1.0921298378080095,-1.4815092805722763,0.11875285180218208,-0.14768766106928063,-0.6507031264640298,1.9496603953423703,0.22558921863156392,-23.443680249307363,61.211707689444836
2675,0.27637400429944897,-1.2619856549568578,-0.03384914279568821,-0.235926960258101,-0.6300998507212544,1.9315035969081205,0.24380036563297136,-23.426333233808837,61.2165168757002
2676,0.9085358816300695,-0.2849657541978883,-0.20424463466922688,-0.31494842584278027,-0.5972389868343373,1.9086687673337168,0.2618226403583137,-23.408945115905393,61.22131562812753
2677,0.4223561104363159,0.37532121154611275,-0.36840974905989704,-0.38231231655096165,-0.5525633793377063,1.8813882853419122,0.2796340060491728,-23.391518105632095,61.22610393720715
2678,0.3971813366320574,0.5383974947008152,-0.5174184034547199,-0.4353644354036444,-0.49673032847244336,1.8498945296554334,0.29721242594716074,-23.374054413023966,61.23088179341931
2679,-0.7604082399826132,0.6909154897459091,-0.6867082112810181,-0.4708767366071604,-0.43097098329428274,1.814419878997038,0.31453586329386435,-23.35655624811602,61.235649187244285
2680,-0.8335751400612383,1.0798779083962422,-0.9123243827475841,-0.4850834141519611,-0.35705425307484423,1.7751965480122032,0.3315824454081255,-23.33902582094329,61.24040610916235
2681,-0.06457105400516147,1.5390053796758882,-1.1579408756246738,-0.47389674965213024,-0.27707095946212523,1.732455439443804,0.34833161151144343,-23.321465341540847,61.2451525496538
2682,0.9969641892049353,1.647404516603469,-1.3552294930977358,-0.4331588109647031,-0.19318213786117672,1.6864246695834155,0.3647655872765727,-23.30387701994369,61.24988849919891
2683,-1.046424112882004,0.9290383845608169,-1.462129710360339,-0.35948895141969023,-0.10754544508873837,1.6373316991290543,0.38086725396980037,-23.286263066186837,61.254613948277935
2684,-0.2065675113096509,-0.028859295662144763,-1.4609356788590908,-0.2540474647153258,-0.022316728155830315,1.5854039887787625,0.39661949285743864,-23.26862569030533,61.259328887371176
2685,0.6525510500453173,-0.9213599565955177,-1.3325657735478755,-0.1249138748895621,0.060348165926567485,1.5308689992306126,0.4120051852057746,-23.25096710233419,61.26403330695887
2686,0.9703800650841528,-1.4969664685473056,-1.0550096209163085,0.01690354555537877,0.13829339014748013,1.473954191182621,0.42700721228111554,-23.233289512308485,61.26872719752135
2687,1.219793527381817,-1.7812323296394095,-0.6122604079536906,0.16002521275713172,0.20936309749591764,1.4148870253328254,0.4416084553497736,-23.215595130263196,61.27341054953883
2688,-0.6729242939410615,-1.3901360483798908,-0.03129658680878332,0.29307154285330145,0.27140144096089003,1.3538949623792773,0.4557917956780108,-23.197886166233374,61.27808335349163
2689,-1.323459017372729,-0.4913682629279661,0.5845854076296298,0.4046629519815229,0.32225257353142733,1.2912054630200094,0.4695401145321444,-23.18016483025405,61.282745599860014
2690,-1.1377732909686946,0.6251431958443949,1.1146033627528247,0.48341985627940076,0.3597606481965246,1.227045987953073,0.48283629317848664,-23.162433332360273,61.287397279124264
2691,1.0236566307118495,1.5339841035689614,1.437975065951987,0.5179626718845799,0.3817801182585361,1.161633697563187,0.4956632128832944,-23.144693882587035,61.29203838176464
2692,1.5336228940114518,1.5921636108855126,1.4461366765859502,0.4982899346395756,0.38690694387357905,1.0951559777989863,0.5080037549129102,-23.126948690969392,61.29666889826143
2693,0.7742716075541737,0.6713498060177437,1.1149415229793975,0.4231231818847522,0.3765512443290709,1.0278329851487225,0.5198408005335908,-23.10919996754236,61.30128881909491
2694,-1.3957415756215727,-0.5026238064103934,0.5746360298067047,0.30540416137848697,0.3528339901766266,0.9598857572541148,0.5311572310116637,-23.09144992234096,61.305898134745334
2695,-0.005391612740133065,-1.1050473152859397,-0.008989697162261515,0.16128514355740037,0.3178787883838016,0.8915326953409722,0.5419359276134109,-23.073700765400265,61.310496835693016
2696,0.0839241589870624,-1.0033211156703794,-0.48561286599608494,0.006918398858082414,0.27380924591817163,0.8229922006350736,0.5521597716051195,-23.055954706755262,61.31508491241822
2697,-0.203871442368867,-0.3468490613368194,-0.7782273813343086,-0.14154380228284655,0.22274896974731212,0.7544826743622128,0.5618116442531268,-23.03821395644102,61.319662355401206
2698,-0.3082353658488726,0.279601839760701,-0.8710842265234421,-0.2679491894287763,0.16682156683875848,0.686222517748214,0.5708744268236748,-23.02048072449252,61.32422915512227
2699,0.5345420042766174,0.41736189756972086,-0.765621115483634,-0.3582226442415704,0.10815064416008634,0.6184301320188309,0.5793310005831209,-23.002757220944844,61.328785302061675
2700,-0.3886117437981358,0.3178492764001565,-0.5075594984760028,-0.40731113886920806,0.04885980867886117,0.5513239183998825,0.5871642467977221,-22.98504565583296,61.33333078669968
2701,0.017192569797951928,0.1761410779973111,-0.209310274406649,-0.4150471107437293,-0.008972947820502014,0.48512227811719294,0.5943570467337653,-22.96734823919195,61.337865599516604
2702,0.08623360111354832,-0.12659148090146924,0.0719455487408742,-0.38161893644106587,-0.06362717650184191,0.4200436123965059,0.6008922816575781,-22.949667181056828,61.3423897309927
2703,0.13558956588065538,-0.06772387488744698,0.2347740946282749,-0.3064968284344868,-0.11410059263172019,0.3563063224636555,0.6067528328354423,-22.932004691462627,61.34690317160825
2704,-0.23728486062161774,0.008097174646841709,0.23644080092282285,-0.19093138429840223,-0.15941505312686713,0.29412880954442566,0.6119215815336654,-22.91436298044438,61.351405911843514
2705,0.2889986307321055,-0.010641148848940534,0.1384815152314922,-0.04769821334045129,-0.19840535179902588,0.23372947486460016,0.6163814090185494,-22.8967442580371,61.35589794217877
2706,-0.34235805584425266,-0.003774563502903226,0.04703554285344708,0.09229310313848547,-0.22986646166963362,0.1753267196499982,0.6201151965563714,-22.879150734275832,61.36037925309432
2707,0.33882441274699043,-0.05802268820165492,0.018637749633677234,0.19764389516642364,-0.2525933557600923,0.11913894512639848,0.6231058254134486,-22.861584619195614,61.36484983507042
2708,0.24091546883633785,0.013061595361277913,0.04410363258543435,0.25131802517724205,-0.2653810070918491,0.06538455251960511,0.625336176856058,-22.84404812283145,61.36930967858734
2709,0.18260170658220404,0.051824218615741866,0.09278675257509167,0.25185786853726233,-0.267364747046649,0.01428974967885074,0.626789132150512,-22.82654345521838,61.37375877412537
2710,-0.19129088532564242,-0.042378169859646875,0.14158009427190363,0.20865950630316915,-0.2592601329071296,-0.03388227081908749,0.6274475734080927,-22.809072827236438,61.378197112164784
2711,-0.37411256874145404,0.1343307813958087,0.19861460438930106,0.13472229378973732,-0.24298657388764439,-0.07884915310605897,0.6272943814641654,-22.79163844848971,61.38262468318586
2712,0.3515867314681516,0.033153955055823275,0.14196257753595135,0.04519040444173887,-0.22060533069935304,-0.12039972404297382,0.6263123396645102,-22.77424243109271,61.387041477668866
2713,-0.3189782295538186,0.018115993733924324,-0.05227945467795013,-0.043402665247036454,-0.19403953711337524,-0.1584609374307721,0.6244839078556393,-22.75688656366069,61.39144748609408
2714,0.12968065802514497,-0.16423984642543457,-0.2508681559572483,-0.11446219168818321,-0.16516006261041088,-0.19301201136082383,0.6217914661731647,-22.73957255509799,61.395842698941784
2715,0.14543521310647026,-0.07091175647674676,-0.35935235136583044,-0.1514435518042333,-0.13583226957192648,-0.22403767102374234,0.6182171168751207,-22.722301836431356,61.40022710669224
2716,0.13477783547080568,-0.15744029442452281,-0.2882433762615117,-0.14308359481409874,-0.1077557517182164,-0.2515226416101561,0.6137417316152278,-22.705074608083255,61.40460069982573
2717,-0.2857592570204574,-0.03150107442090775,-0.06535251402812806,-0.09942591554688332,-0.08192817106656404,-0.2754516483106383,0.6083454277936805,-22.687890316222667,61.40896346882257
2718,0.29049990296232603,0.19727472973858454,0.18900446322466324,-0.03651900682602655,-0.05902599273888992,-0.29580941631586266,0.60200820371676,-22.67074828792452,61.413315404162965
2719,-0.16078697493388422,0.192705519370609,0.36222246532364955,0.029407782100567024,-0.03968682479863604,-0.3125806708164174,0.5947100576907126,-22.653647850263837,61.41765649632723
2720,-0.1456141040765824,0.02923140965459558,0.4427501268542132,0.08210158637808206,-0.02454827530921926,-0.32575102402350037,0.5864318750423789,-22.63658833031563,61.42198673579566
2721,0.05639249028090791,-0.23211773880346348,0.4655318321609004,0.1058558578517981,-0.014247952334071516,-0.3353118342231057,0.577160287173391,-22.61956905515485,61.4263061130485
2722,0.005090674700047949,-0.17011223285637211,0.45951589580493224,0.09111303828596656,-0.009236103950088066,-0.34128989122105674,0.5668933525270712,-22.602589351856533,61.43061461856603
