,co-imf0,co-imf1,co-imf2
0,0.1180088278280984,-9.278749857860742,69.33074103003264
1,0.4294170702498354,-9.768055347249971,69.33863827700014
2,-0.4148868207191014,-8.922378164786725,69.33726498550583
3,0.3225238933087671,-6.64904702685865,69.32652313354988
4,0.2738201789003467,-4.580134878032822,69.30631469913249
5,-0.5312102697931423,-3.74534377388313,69.27655404367627
6,0.8050962562198396,-4.042323574656489,69.23722731843665
7,-0.2179674638835857,-3.9704546187777936,69.18842208266139
8,-1.646297213805151,-4.483950937935762,69.13024815174091
9,2.0128200472954365,-6.0756353883610315,69.0628153410656
10,-2.176942757030422,-6.809290708995409,68.98623346602584
11,2.05451374337618,-5.955126085388144,68.90061234201195
12,-1.6887304057807988,-7.117331378633606,68.8060617844144
13,1.2457270875821824,-8.448418696205698,68.70269160862352
14,-0.9089474049001098,-7.681664225129569,68.59061163002968
15,0.7650070492206071,-7.234938713243883,68.46993166402328
16,-0.2627428642404202,-7.278018661754233,68.34076152599465
17,-0.9149362825393558,-7.288274748794858,68.2032110313342
18,0.0664939041059679,-6.32388389953831,68.05738999543235
19,1.250124515773836,-5.853532749453237,67.90340823367939
20,-1.42018171209223,-6.3211938493735635,67.74137556146579
21,1.632450919241831,-5.403852713423711,67.57140179418187
22,-1.919594808810164,-3.4740019384078424,67.393596747218
23,2.2116592810499216,-3.619729517014529,67.20807023596461
24,-2.379049608720734,-3.6358824670912946,67.01493207581203
25,0.9894538420257694,-0.8037459241764131,66.81429208215064
26,2.2063089415354096,2.787430988093739,66.60626007037085
27,0.2812503337584139,4.207803810378548,66.39094585586304
28,-0.8814322500081425,2.9129729959906094,66.16845925401753
29,1.048509779044863,-0.18741985926962393,65.93891008022476
30,-1.4820518575972494,-2.120356292277809,65.70240814987507
31,0.9866105541711324,-1.3256738325299844,65.45906327835885
32,1.350829469561521,1.2401852493719894,65.20898528106649
33,0.1828414977091363,4.36487452890252,64.95228397338835
34,-1.1035245346438016,7.61445536392899,64.68906917071482
35,-0.1574168132127891,10.33796612477652,64.41945068843626
36,0.9535799963834364,11.9028816616735,64.14353834194307
37,-1.0050118876713523,11.843569941045729,63.861441946625625
38,0.1056798696114654,9.32104881251424,63.5732713178743
39,1.4089536642023637,5.331910064718171,63.27913627107946
40,-1.7017560863054282,1.742609464673956,62.97914662163147
41,2.006297564355516,0.5002902507237268,62.673412184920764
42,-2.298180936543247,1.116137461139338,62.36204347540391
43,-0.1815396661779005,1.6363795395286895,62.045160126649215
44,2.803443455108409,1.80364878221337,61.72290776267822
45,-3.0035231037487,1.608084773389451,61.395438330359255
46,-0.4037065988818492,1.8408028223212414,61.0629037765606
47,0.5696734132075965,2.204870538641779,60.72545604815062
48,2.0448522140257066,2.7319006939766934,60.383247091997596
49,3.496998060688778,3.286573084341348,60.03642885496987
50,-0.0749750824941288,3.7098217985584134,59.68515328393572
51,-3.257823848145573,4.208251522382113,59.329572325763465
52,-3.5907496882454533,4.840911760924011,58.96983792732144
53,-1.510133192592668,5.904031157114732,58.60610203547793
54,-1.9637496916301205,7.23523309452883,58.23851659710129
55,-0.9717441458907878,8.454510586830995,57.86723355905979
56,0.8215331113941228,9.206062644380957,57.492404244224915
57,2.074657670329431,9.471164850189814,57.11417747948075
58,4.888851582835571,9.378446949449852,56.73270146771458
59,2.8718544464674545,8.780021785918752,56.34812376761379
60,-1.6733762509082957,8.122786940456855,55.96058931045143
61,-5.372226960564933,7.801985512415339,55.57024144814959
62,-3.4491519773228174,7.811931798419259,55.17722017890356
63,-1.199381382644192,7.997718103814207,54.78166327882999
64,5.468836159389069,7.827455688912298,54.38370815169864
65,-0.24261840524784,7.169126203968562,53.98349220127927
66,-1.5472136269007313,5.846060795559084,53.581152831341655
67,-2.1523862732054155,3.975558827549846,53.176827445655576
68,-3.814536211847333,1.643882763856543,52.770653447990796
69,-4.974178081065512,-0.8885901610515674,52.36276824211708
70,-2.286827458882733,-3.6464817729214785,51.95330923180421
71,4.729204306039375,-5.7716181268613065,51.54241382082193
72,1.6584289123200275,-6.788648325260078,51.13021941294005
73,0.5197941087066446,-6.246657520634955,50.7168634119283
74,-1.5319056116577088,-4.420577609898795,50.30248322155651
75,-4.262330069522695,-1.4848861760716732,49.88721624559437
76,-3.484991152502766,2.5637912646910648,49.47119988781171
77,-2.5075231839245475,6.8629516319462915,49.05457155197824
78,-0.5189785945140013,10.63150995265018,48.637468641863826
79,3.5096842697619275,12.900287168999917,48.220028561238145
80,-3.229607076137683,13.597218362266677,47.80238871387101
81,2.9229399090974435,13.68237358737036,47.384686503532194
82,-2.6196456806835884,13.492586346692137,46.96705933399146
83,2.3327443290178165,11.117611061963647,46.54964460901853
84,0.5172151359984458,7.350205131618291,46.13257973238326
85,-1.742059789738025,5.016057681882672,45.71600210785536
86,1.4044202123992584,5.415530648396104,45.30004913920463
87,-0.7880404564671982,6.753182226266366,44.884858230200834
88,-0.7523866451395205,7.241819860525793,44.47056678461372
89,0.6178130086363194,6.974874785150581,44.0573122062131
90,-0.6189953783762471,7.763763479607559,43.645231898768685
91,0.3981688783472544,8.437367855602437,43.23446326605031
92,0.964676734625924,8.220179553546377,42.82514371182769
93,0.1011261335226282,5.981463226606728,42.41741063987065
94,-1.3060503609656489,2.9446489070167496,42.0114014539489
95,1.3324280814135352,0.060318360754222144,41.607253557832244
96,0.2804218606184459,-2.785526215908887,41.205104355290445
97,-0.1627605233355528,-5.812330726757738,40.805091250093284
98,-0.5019656521599739,-8.55538599385053,40.4073516460105
99,-0.6530321601959224,-10.838990786615984,40.01202294681191
100,-0.6514380124137458,-12.467804543853507,39.61924255626725
101,0.6356758160639525,-13.214823694210246,39.22914787814629
102,-0.6780738525093313,-12.963802463709492,38.841876316218816
103,0.756482527908184,-12.314047802162776,38.45756527425459
104,0.3152890991430168,-12.291641255166391,38.076352156023376
105,-0.1961015170737609,-12.612272848221203,37.69837436529497
106,-0.916055417769315,-12.607713888069787,37.3237693058391
107,0.8920144979454518,-11.84468887937102,36.95267438142557
108,0.1345755182492221,-10.719802514073349,36.58522699582413
109,-0.4740089465178234,-9.747555606286738,36.22156455280456
110,-0.6360050762207893,-9.225819379915837,35.861824456136624
111,-0.33707789330001,-9.169066216290094,35.5061441095901
112,0.6371278177482078,-9.791788734682969,35.15466091693476
113,-0.6126847754574527,-10.594827506482911,34.80751228194036
114,0.4725049012615851,-10.77734050963827,34.46483560837669
115,0.4572429231099174,-10.684011223123422,34.1267683000135
116,-0.5440756434012524,-10.649372117219306,33.79344776062056
117,0.5423962808387363,-11.207398047471493,33.46500176663276
118,-0.548182389127117,-11.593322667152414,33.141505056279534
119,0.550475168457725,-11.823439793450149,32.82296462499243
120,-0.5522672795409234,-11.407105659796258,32.50937293933718
121,0.5177604463232544,-10.118482912202824,32.20072246587957
122,0.1798565799206097,-7.886862251105958,31.897005671185347
123,-0.3654260776465961,-5.212788944173676,31.598215021820277
124,-0.608321841298107,-2.8960211430520095,31.304342984350118
125,0.0139066402367835,-1.2292886655773918,31.015382025340607
126,1.3563711938228775,-0.487695805180417,30.731324611357543
127,-1.5150491828091237,-0.4371140261575226,30.45216320896665
128,-1.6790103565861334,-0.29887992814758757,30.177890284733717
129,0.4214784503365374,0.1600232444389862,29.908498305224477
130,1.934034134834019,1.021986128161262,29.64397973700472
131,-1.9238749150285,1.8995478683883205,29.384327046640177
132,0.7139140644402573,2.3665532348631295,29.129532700696615
133,1.710707165785219,1.979703668474989,28.879589165739795
134,0.1988776713816479,0.5266334202828773,28.634488908335474
135,-0.4566439049108452,-1.4975804901385823,28.394224395049427
136,-0.6146903276012132,-3.7440977648461935,28.158788092447402
137,-0.9069397555015796,-5.561232711593574,27.92817246709516
138,-0.415098120562734,-6.687271864995719,27.702369985558455
139,0.2716933069721997,-7.093066421375251,27.48137311440305
140,0.2696935273370307,-6.874867847531733,27.265174320194696
141,0.0891563060418869,-6.462922375541067,27.053766069499183
142,-0.0869272876065192,-6.0702135412757166,26.84714082888223
143,0.0210224489607417,-5.866312177547037,26.645289728586295
144,-0.0115296247069974,-5.636659741606016,26.44818936631301
145,0.0246895668683238,-5.48046652788441,26.255776961016085
146,-0.0063107177571511,-5.261663378998078,26.06797409675523
147,-0.0298833085669544,-4.974812659960823,25.884695968527776
148,-0.0043141639605115,-4.821542333463659,25.70585649742417
149,0.0190120246396441,-4.570381629174534,25.531369604534888
150,0.0151824320300308,-4.396331642980398,25.361149210950366
151,-0.0046734614242957,-4.190435776336789,25.195109237761084
152,-0.0900813014195417,-4.053082304637933,25.03316360605747
153,0.0904148244725476,-3.9856410614025597,24.875226236930015
154,0.058825743370584,-4.080036794839732,24.72121105146914
155,0.2112050451094206,-4.1722370158747415,24.571031970765326
156,-0.253740180836242,-3.970862735072779,24.424602915909023
157,-0.0763684889384276,-2.915469319052246,24.281837807990676
158,0.2558421956889545,-1.088492763789707,24.14265056810076
159,-0.1643146598966004,0.7773595425668943,24.006955117329706
160,-0.3597296659795844,2.685064289211579,23.874665376768
161,0.5364198580616114,4.537884874432301,23.745695267506086
162,-0.7670852659688504,6.727126555334425,23.61995871063442
163,1.0468710507187178,7.995759322037815,23.49736962724346
164,-1.0475410684611974,7.559699130037533,23.377841938423657
165,-1.5844299225298344,6.483140357264364,23.261289565265464
166,1.757639808587876,6.074733762552755,23.147626428859372
167,-1.8349226983347688,6.988156248038985,23.03676645029578
168,-0.4360048350175432,8.517381284352345,22.928623550665193
169,1.7633639600898503,9.523524388852099,22.823111651058056
170,-0.5996580888474725,8.579513416282673,22.7201446725648
171,-1.2718955647454588,6.282259028469552,22.619636536275912
172,-0.7201044233555122,3.0686032600736874,22.521501163281826
173,-0.2496428226397394,0.20399034796672133,22.425652474673022
174,-0.8270033043354956,-1.3650010872044351,22.33200439153993
175,-1.2101396384409928,-1.9703311965320456,22.240470834973042
176,1.1881584068361004,-2.3691241328988797,22.15096572606278
177,0.96903730261905,-2.8224402885186626,22.063402985899614
178,-0.9010593488755784,-2.886637186698418,21.977696535573994
179,-0.0798284019454767,-1.993931894230922,21.893760296176403
180,0.6071140641462505,-0.6186144755906247,21.81150041144437
181,-0.5826312405068625,0.501839324802857,21.730791915704003
182,0.676450059201768,1.4920478748697708,21.65150206592846
183,-0.8389230445313179,2.915416069520234,21.573506975011078
184,0.976493650216712,3.5467854126898977,21.496720937093396
185,-1.0296493881297155,3.068571255622537,21.421078132507184
186,0.5278419465142585,3.935642554333959,21.346515499151778
187,0.7572510374498524,6.35977898762366,21.27296997492649
188,-0.7398637600388906,9.519485262308244,21.200378497730647
189,1.0933398172906383,10.757982177245795,21.128678005463563
190,-0.9848525534982624,9.607047117473691,21.057805436024573
191,-1.372013079170581,7.1843153518576015,20.987697727312984
192,-1.2903740966604973,4.572082279432378,20.918291817228116
193,-0.91692541701876,2.667400773349463,20.8495246436693
194,1.597384189201658,1.141282666262481,20.78133314453586
195,0.3526357601512624,0.10370998212163585,20.713654257727107
196,-1.275633957619615,-0.31079096352274105,20.646424921142355
197,0.99984527093426,-0.6094273436152087,20.57958207268095
198,-0.0300202306239069,-1.383042419618284,20.513062650242187
199,-0.5212757371358147,-2.625527854589591,20.446803591725406
200,0.454675293934864,-3.8354171289647816,20.38074183502992
201,-0.5092032733282864,-3.2456110447267594,20.31481431805505
202,0.5934617809988073,-2.622419759698916,20.248957978700105
203,-0.6217902493007567,-3.0613195055636764,20.183109754864432
204,0.5798509464590909,-3.0370575309064254,20.11720658444733
205,-0.5082273191721269,-1.5429580861760148,20.051185405348143
206,0.4448501263876175,-0.629833281853788,19.984983155466175
207,-0.3951219123755343,-1.523414860325205,19.91853677270074
208,0.3472745625341376,-2.489057757485305,19.851783194951167
209,-0.2994504293202845,-2.49520893079651,19.78465936011679
210,0.266553158442922,-2.1136553645398326,19.71710220609691
211,-0.2678817187733411,-2.1611669520175205,19.649048670790865
212,0.1735670704498566,-2.0340027625478214,19.58043569209797
213,-0.2682694612828169,-1.7729307466347208,19.511200207917533
214,0.5246372545315732,-1.7959238964701831,19.441286641938614
215,-0.1825221720702124,-2.838156452800662,19.370678624870877
216,-0.7497914546921114,-3.829612873968745,19.299404328660856
217,0.0492804612126059,-4.36678165032947,19.227501189116865
218,0.7992547736932836,-4.464261415740468,19.155006642047184
219,-0.7249371822311638,-4.357020941028979,19.081958123260137
220,0.0969811010737275,-3.825374169637761,19.008393068564036
221,0.4560525634964893,-3.3904014772636386,18.934348913767145
222,-0.2485813267299295,-3.111281767947877,18.859863094677802
223,-0.0468752089096888,-3.298097838194625,18.784973047104316
224,0.081602488599588,-3.2913186954545517,18.709716206854964
225,-0.2929929790333515,-3.101137030704709,18.634130009738058
226,0.3758469447415076,-2.9340988363034257,18.558251891561923
227,-0.4496329582159444,-3.03248632991889,18.482119288134832
228,0.4869737870858834,-2.902743422350992,18.405769635265102
229,-0.4566116850974389,-2.6826286836636184,18.32924036876106
230,-0.1956246738339945,-2.5369442505969735,18.252568924430967
231,0.1962918301217399,-2.362084568204901,18.17579273808316
232,0.2397244988161128,-2.3286737443420455,18.098949245525937
233,-0.1985831830696535,-2.2934926994979303,18.022075882567588
234,0.2036980184274743,-2.30890944513805,17.945211426710575
235,-0.2044735544989775,-2.103931184957091,17.868404739456075
236,0.1741443199510574,-1.5458699138937122,17.79172559394265
237,-0.233998147161905,-1.0312531375889602,17.715251284750867
238,0.3071763652805098,-1.4962361727967162,17.639059807516205
239,-0.3265946426203199,-2.426634515253872,17.563229157874197
240,0.3081840954422377,-2.656021426902569,17.487837331460334
241,-0.2608915912034658,-1.9520707327066664,17.412962323910133
242,0.199673864227499,-1.2383559950866014,17.3386821308591
243,-0.1038702564980792,-0.7012044914446707,17.265074747942748
244,-0.0172018342589535,-0.675016336537631,17.192218170796583
245,-0.0009144277857414,-0.6392759672703716,17.12019039505611
246,-0.172134765759592,-0.6969346505972577,17.049069416356847
247,0.2179538068125794,-0.6968870371468764,16.978933230334295
248,0.3131924270415768,-0.7230522596655439,16.909859832623965
249,0.2713547115906548,-0.6132819304520196,16.841927218861365
250,-0.5977461006198868,-0.45746728406211534,16.775213384681997
251,-0.9109538672275728,-0.28884245849382056,16.709796325721392
252,-0.1635889972725395,-0.07216504034249138,16.64575403761503
253,0.838364524957338,0.05847095904422761,16.583164515998437
254,1.4135364548480198,0.3343577886448581,16.52210575650712
255,-0.4988223278416128,0.6361665730650299,16.462655754776584
256,-1.4787488567159282,1.1538563502735844,16.404892506442348
257,-0.3671837239077996,1.7082897167679034,16.348894007139897
258,1.2511589112032857,1.854102836291953,16.294738252504764
259,0.3233811642593318,1.4341155975682294,16.242503238172436
260,-0.6398630521833667,0.6475960924049182,16.192266959778443
261,-0.6353510791617384,0.021244285694466125,16.144106793467277
262,0.469733103658901,0.37216971267919285,16.09809718366191
263,-0.3933107734082656,1.26900761529209,16.054303158116173
264,0.4166558292424436,2.1005937106080097,16.012750460149547
265,-0.5149163149042436,2.8015020723054507,15.973414242598796
266,0.635788795330043,3.057952448452827,15.936258756217129
267,-0.2832869390099261,2.3820386872521606,15.901248251757771
268,-0.8067003378386244,1.1383533578647202,15.8683469799739
269,-0.6931766498899025,0.3556574582711458,15.83751919161876
270,0.0020139961453739,0.10925686640908716,15.80872913744555
271,0.726049488053423,-0.007990556260868198,15.781941068207441
272,0.1309123327143726,0.0919684326279323,15.75711923465769
273,-0.2203576188419604,-0.013870268707529165,15.734227887549494
274,-0.2866464681580838,-0.15658480947795284,15.713231277636037
275,-0.1730780586166782,-0.5210155970538736,15.69409365567055
276,-0.0006368652763569,-0.6761424071298783,15.676779272406229
277,0.0987554396585944,-0.7600078182549032,15.66125237859631
278,-0.146474290195434,-0.501002934798526,15.647477224993956
279,0.2446999621912851,-0.3801180245437043,15.635418062352414
280,-0.1719816810811131,-0.4530574603437647,15.625039141424878
281,-0.1544838407390349,-0.4718208722255153,15.61630471296455
282,-0.1518376008608777,-0.4773414268637741,15.60917902772465
283,0.5198990557695841,-0.37352539222796366,15.603626336458376
284,-0.5782452116429174,-0.06136567827602857,15.599610889918946
285,0.5955977404481333,0.26730532069231105,15.597096938859558
286,-0.380254967071131,0.22420623303770237,15.596048734033431
287,-0.4677924190616417,-0.12863810713212287,15.596430526193767
288,-0.2539711225245569,-0.34422262938670367,15.598193751911268
289,0.3474374766275326,-0.6586734869702386,15.60123601034271
290,-0.0801560674047101,-0.615275696321992,15.605431763726703
291,-0.1223141730975611,-0.798338720520398,15.61065289361796
292,-0.0041694974720035,-0.662601784099183,15.616771281571182
293,-0.0996043626284841,-0.5340544465125896,15.62365880914107
294,0.1098460539383251,-0.441033411820662,15.631187357882336
295,-0.0855428162040218,-0.5536859931456529,15.639228809349678
296,0.0475307005797559,-0.6951857456775505,15.6476550450978
297,-0.0329574667732434,-0.6233804799081548,15.656337946681397
298,0.1845739456391774,-0.5497233412943664,15.665149395655188
299,-0.2845561219610512,-0.38940515161281974,15.673961273573866
300,0.3740339854927238,-0.8566794474848739,15.682645461992152
301,-0.4261669568953957,-1.2649068855693346,15.691073842464725
302,0.4212136545876684,-1.0203319511339792,15.699118296546306
303,-0.0725239049298942,-0.5341268008617003,15.706650705791596
304,-0.077262546541106,-0.18628040521418704,15.7135429517553
305,-0.1302893016162306,0.17062238562412785,15.719666915992104
306,-0.0563831571848811,0.5314886771281415,15.72489448005674
307,0.094228708877048,1.0766737656190557,15.729097525503896
308,-0.3253758344777862,1.9932279005895115,15.732147933888275
309,0.3970822366715897,2.719000176563823,15.733917586764587
310,-0.4329862260044519,2.828707860316915,15.734278365687533
311,0.4250111137636225,2.29188673402456,15.733102152211828
312,-0.3815635030242504,1.4512995078437794,15.730263995180472
313,0.2265273204513154,0.8478090842292723,15.72566359531941
314,-0.0234297456250015,0.5741779940638221,15.719251751561174
315,0.3374516905233176,0.1715570639088001,15.710991245567882
316,-0.4140899809710834,-0.07675487803055847,15.700844859001649
317,-0.6125368148285232,-0.06623855869605566,15.688775373524578
318,0.7694461881464256,0.05580824105477156,15.674745570798802
319,0.6569636849784383,0.06431808253513349,15.658718232486429
320,-0.941273605481412,0.05061746523184252,15.640656140249568
321,-0.7643796610470278,-0.10614241470332103,15.620522075750351
322,0.946264751958752,-0.5845435726096191,15.598278820650869
323,-0.0857757619713827,-1.1281133946418778,15.573889156613259
324,-0.7213586046528269,-1.525957260646805,15.547315865299634
325,0.3386053680353552,-1.4271270964074505,15.518521728372093
326,0.4563339113828953,-0.7438034388756651,15.487469527492767
327,-0.3001077004618432,-0.07401434386193029,15.454122044323775
328,0.2046594213755651,0.3568985180972166,15.41844206052722
329,-0.0812944699038493,0.7109021121386362,15.380392357765214
330,-0.1063424351086064,0.9664067174087193,15.339935717699891
331,0.1531026768551109,0.9498624011515429,15.297034921993347
332,0.2121724295620106,0.34617481813027773,15.251652752307717
333,-0.3366019645909954,-0.6371500257141016,15.2037519903051
334,0.4625358665749817,-1.30583128422259,15.153295417647609
335,-0.6055673241799794,-1.5046784918173965,15.10024581599738
336,0.0661338778937629,-1.5606998449102698,15.044565967016503
337,0.86608374758957,-1.6223054476018968,14.986221700012322
338,0.2614698282686395,-1.7066757128540215,14.925205884585377
339,-1.0102720132827647,-1.5913061351166329,14.861578148399396
340,-0.3224141840588531,-0.9830160310451157,14.795430215103966
341,0.0604126766400021,-0.03727079655706156,14.726858119917061
342,1.016041065835657,0.5279898123344291,14.655969121829909
343,-0.3608823408036686,0.3579656932123578,14.582916647591311
344,-0.2747443442535609,-0.3131260941274754,14.507870438381037
345,-0.3066215236133517,-1.0243799844299442,14.431001508043295
346,-0.7713317830880192,-1.7011490873342894,14.352480870422312
347,-0.4689833336801428,-2.2334962056821546,14.272479539362301
348,0.5680592875708809,-2.4792278162783563,14.191168528707482
349,0.600325132984949,-2.6190439852869987,14.108718852302047
350,0.2717566506271636,-2.6270581746174044,14.025301523990244
351,-0.7412092187610562,-2.1998783388552074,13.941087557616264
352,-0.4124128651103901,-1.5538351019139451,13.856247967024345
353,-0.2846484775632252,-0.526305288495449,13.770953766058671
354,0.0242588763671368,0.5203651550693789,13.685375968563484
355,0.4225902560787622,1.477724155538241,13.599685588382997
356,0.5737225523431577,1.9522238082954282,13.514053639361414
357,0.6940663977264615,2.07728246693058,13.42865113534296
358,-0.5404879416517402,1.7768388514798987,13.343649090171844
359,-0.6735485472615299,1.734330029569251,13.259218517692275
360,0.4429884253068364,1.9814811429446693,13.175530431748498
361,0.5813354274696824,2.3359087263456284,13.09275584618469
362,-0.5474948074656184,2.5364290326205277,13.01106577484509
363,0.1214292535925319,2.5979395148335644,12.930631231573905
364,0.263867672882997,2.534510376535703,12.851621950581304
365,0.5040218793629059,2.3717755730958605,12.774202547541236
366,-0.5582281671975922,2.3596918087039986,12.698536358493591
367,0.2225380296680629,2.6526979270874587,12.624764043244475
368,0.5617249399297006,3.085337445860902,12.552937614209398
369,0.5349689863235269,3.181936375927915,12.483094637748565
370,-0.765289002387127,2.9300142646203273,12.4152747377668
371,-0.389200906390695,2.6196833682217484,12.349517538168946
372,0.0336506056063721,2.3404867315337836,12.285862662859849
373,0.8087444594985569,1.6269058047571248,12.224349735744312
374,0.3542834749106649,0.6706981443621236,12.165018380727204
375,-0.1251403748079011,-0.11276784690544517,12.107908221713345
376,-0.7398397033546672,-0.5732191792528973,12.053058882607566
377,0.0539690120345376,-0.5144789993492365,12.000509987314697
378,0.1103238297742627,0.009375010486147417,11.950301159739592
379,0.5689372360765865,0.5085907401363536,11.902472023787055
380,0.3618657874819032,0.781072009156148,11.857062203361949
381,0.0619460512362783,0.983942626394627,11.814111322369094
382,-0.2119505060944611,1.1382915013811339,11.77365900471333
383,-0.2995778342392114,0.9338329599397306,11.735744874299485
384,0.3122840096642574,0.6673074353033518,11.700408555032396
385,-0.2518991549216113,0.32420948410472106,11.667689670816884
386,0.0363790030817669,-0.20400684863957858,11.63762784555782
387,0.1284051629550859,-0.7386678661150823,11.61026270315999
388,0.146695965248173,-1.3723298327764435,11.585633867528273
389,-0.2657198304605987,-1.9780611321068735,11.563780962567478
390,0.3007268915139464,-2.4154705036963824,11.544743612182437
391,-0.322621379179102,-2.6059400610988908,11.52856144027799
392,0.3147727429988635,-2.730046813757843,11.515274070758977
393,0.1362545757017904,-2.881175703232028,11.504921127530238
394,-0.278015383529597,-3.119526850966985,11.497542234496585
395,0.1809377966825396,-3.384114812245406,11.49317701556286
396,-0.1989188631272144,-3.0029462315067006,11.491865094633908
397,-0.0970057848631726,-2.306640310751388,11.493646095614565
398,-0.2255481166166435,-1.4830115257929997,11.498559642409653
399,0.3431576475414037,-1.0798030064654025,11.50664535892399
400,-0.3462853027613707,-1.0716575663010834,11.517942869062452
401,0.3240346046732409,-1.3565130053967314,11.532478400723491
402,-0.1944924390474836,-1.3557012100095216,11.550193649057004
403,-0.1434068523066158,-0.9274802770188904,11.570887129325506
404,0.0715412224294252,-0.3658436745445468,11.594302452115123
405,-0.0343313116448704,-0.08584592737881191,11.620177239023683
406,0.171229517333102,-0.31947862898212587,11.648249111649026
407,-0.1744780274012258,-1.0937776641877384,11.678255691588966
408,0.1980789993446897,-1.968013599786039,11.70993460044135
409,0.1149452920866089,-2.857968751890611,11.743023459804004
410,-0.2610018591490162,-3.326258032125737,11.777259891274753
411,0.0397103564507298,-3.0520918729021616,11.812381516451428
412,0.0503627764666593,-2.2184887333985372,11.848125956931874
413,0.2214004055658534,-1.455631239879761,11.884230834313904
414,-0.2778209362546907,-0.9926128339406689,11.920433770195356
415,0.2613605040488638,-0.8178328902229246,11.956472386174063
416,0.2585871115800388,-0.8506714154278873,11.992084303847854
417,-0.37402297672203,-0.8529841680925174,12.02700714481455
418,-0.035578293276227,-0.6854002373957668,12.060978530671989
419,0.424349623007193,-0.6380857060251983,12.093736083018008
420,-0.4353083908186742,-0.7597090326317533,12.12501742345043
421,0.1592164344531442,-0.42377660802022277,12.154560173567077
422,0.3958426748613418,0.2720553701728591,12.182101954965802
423,-0.3490124957735017,1.2416321065290858,12.20738038924441
424,-0.0098682367331246,2.0797351387323695,12.230133098000756
425,0.5012225910990034,2.448679706068341,12.250097702832655
426,-0.0798947150578556,2.2728828897199174,12.267011825337939
427,-0.5042935092012115,2.27368042208677,12.280613087114439
428,0.3692458040033474,2.50011508623666,12.290639109759994
429,0.3066346017693971,2.8965378833581754,12.29682751487243
430,0.3920249564017629,2.889044613077564,12.29893043052068
431,-0.5143143725768787,2.747530315543184,12.296784057033694
432,0.2992979620854453,2.9003153524768344,12.290386685437717
433,0.0549672034340585,3.1550965485363514,12.279936248029593
434,0.5185869303949815,2.7057389937751117,12.26567407582991
435,-0.5187723759222116,2.21093087606295,12.247841499859259
436,-0.3568032786242329,2.3501234274859897,12.226679851138247
437,0.4917996212426372,2.3457699180699136,12.202430460687445
438,-0.2352200116519602,1.599885352124478,12.17533465952748
439,0.0847944493491677,0.30957177197189867,12.145633778678931
440,-0.4609845933067498,-0.3325845558556447,12.113569149162402
441,0.3099895765454425,-0.34937167854391515,12.079382101998476
442,-0.1589459470506638,-0.4643680211570872,12.043313968207752
443,0.3834342545588214,-0.9390403333696472,12.005606078810828
444,-0.2259423319697461,-1.4305574328585575,11.9664997648283
445,-0.2395189922173217,-1.8867173650634468,11.926236357280764
446,0.3785353454687183,-1.5835925326575422,11.88505718718882
447,-0.4121421853678925,-1.1210614002051629,11.843203585573047
448,0.4406165697145264,-0.9415334531685953,11.800916883454072
449,-0.446893034479635,-1.1415453773728204,11.75843841185246
450,0.174671251846471,-0.8906807536352783,11.716009501788804
451,-0.1589667505257789,-0.21490473375794544,11.673871484283723
452,0.2922082114089241,0.24552609823327376,11.632265690357809
453,0.2528969954654845,-0.14433044649711907,11.591433451031637
454,-0.345487819859088,-0.6761282774667299,11.551616097325816
455,0.036305578913919,-1.0893605391748669,11.513054960260952
456,0.300462274793541,-1.126454786350184,11.475992511556644
457,0.1817021356593988,-0.7623825180510482,11.440680382391648
458,-0.4435433869367182,-0.2638509741167071,11.407394361053424
459,0.4522616146961438,-0.1287034437001906,11.376441829004051
460,-0.1524038687147899,-0.6657648386737576,11.348168707388545
461,-0.390267338493287,-1.132662056339997,11.322929394833288
462,0.2969492190945472,-0.8680325835455259,11.301083364450982
463,0.1761084980751746,0.04087858724305321,11.283012914681773
464,-0.3051072304188121,1.0959917024385941,11.269115527980222
465,0.2855884042586112,1.6546203815584908,11.259791214182897
466,-0.0219675839103316,1.206527600783956,11.255439983126372
467,-0.2883680048054288,0.23190616015819962,11.256461844647234
468,0.3591552205715748,-0.29241202915360587,11.263256808582032
469,-0.3995271211456936,0.013302236378337218,11.276224884767359
470,0.4251731023994449,0.17906081456077838,11.295766083039773
471,-0.4174239677295802,-0.11485644550629312,11.322280413235873
472,-0.1573982824454215,-0.7087645374479521,11.356162819893378
473,0.3082277271381968,-1.105971858329272,11.397744131191075
474,-0.1507273787659628,-1.1663847891847592,11.447112167950724
475,-0.0568239362203293,-1.1872213308437165,11.504045267064043
476,0.0319373985903861,-0.9801344700049013,11.568197071414517
477,0.0682695011007332,-0.8274751818352118,11.639205680734477
478,0.0661779154652211,-0.5728871102215104,11.716709194756291
479,-0.2798025952496678,-0.19054311796262208,11.800345713212291
480,0.1466564870216486,0.4135911430133241,11.889752369965038
481,0.3799020217084499,1.305538653202337,11.984559325089215
482,-0.4356349640069049,2.081255313242488,12.084379650764419
483,0.4609598300941728,2.3502323578278705,12.188807812077957
484,-0.0845421916868325,1.7871106928374563,12.297431498849377
485,-0.4911213911897453,0.6812837639106745,12.409837627279071
486,0.5063521930968385,-0.44196530666427564,12.525613113567442
487,-0.1446597432168886,-0.9396855527817669,12.644345295998654
488,-0.5212156563683831,-0.9944089450893054,12.765624601457692
489,0.5016516610217961,-1.0907011995339375,12.88904953851214
490,-0.3182411686511636,-1.4959911456953534,13.014232314346515
491,-0.3840654424614224,-1.876742836939748,13.140808279401178
492,0.0968974534891881,-2.0553375167762407,13.268440063287056
493,0.2460661383780965,-1.8228786786597815,13.396812540281683
494,0.1702980430638055,-1.645919744210222,13.525621701146417
495,-0.16157243275129,-1.4329929071690777,13.654565339920367
496,0.2875668284865891,-1.63090807912925,13.783341250642657
497,-0.0597919424324614,-1.541855284919966,13.911647227352432
498,-0.4826199778949098,-1.0665610861938817,14.039181064088798
499,0.099337692761204,-0.5249782476520943,14.165640554890885
500,0.551225822250051,-0.23194931604788865,14.290723493797842
501,-0.5034232136700156,-0.5707044611787468,14.41412767484876
502,-0.0687952588768966,-0.6867556332058963,14.535550892082803
503,-0.2092359860273248,-0.17545495351173246,14.654690939539051
504,0.1531622927919255,0.34559209595139484,14.771245611256681
505,0.014745998181963,1.030341300543249,14.88491270127479
506,0.029974823704024,1.5646351726634646,14.995390003632512
507,-0.0389450223292405,2.0165697099602706,15.10237531236896
508,0.0745801947835564,2.449853383693158,15.205566421523287
509,-0.1891210413598037,2.6344599162251976,15.3046611251346
510,0.2871048415817,2.573537941176264,15.399357217242041
511,-0.4009331631753102,2.5615806712905975,15.489352491884713
512,0.403532031633744,2.312122212129519,15.574345756236738
513,0.5581472838414163,1.8877758817953336,15.654076834363249
514,-0.5552852736221313,1.346850852753144,15.72843442086899
515,0.4968743310889161,1.7857814942012524,15.797344174709828
516,-0.4155742867054935,2.364813518799844,15.86076076790565
517,0.2860147011639516,2.1552237482479257,15.918761550588123
518,0.10172121113735,1.8167993994863556,15.971479389376295
519,-0.173365790990298,1.7943120142452078,16.019053776745096
520,-0.1988375112264452,1.9072133060570564,16.06162420516939
521,-0.2556372212543066,1.926307054130195,16.09933016712411
522,0.3490755637420233,1.5186132811738273,16.13231115508415
523,-0.285062572590615,0.4243559110662035,16.160706661524415
524,0.1968291024602307,-1.08148528138003,16.184656178919802
525,-0.0253824300085637,-2.3489167697366464,16.204299199745215
526,-0.3123947606893964,-3.037380455786162,16.219775216475558
527,0.1839311288487405,-3.0751548504344717,16.231223721585728
528,0.1100696608152626,-2.70885386836591,16.238784207550644
529,-0.3066478068579406,-1.9159483599872555,16.242596166845196
530,0.3618487737487936,-1.354647865693082,16.242799091944285
531,0.0403633333638478,-1.0798958086866786,16.239532475322832
532,-0.2973574218112961,-0.975578387644418,16.23293580945571
533,-0.1426919374925564,-1.1704566493252897,16.223148586817846
534,0.2424752104933085,-1.5927855103774438,16.21031029988414
535,-0.2132623862530031,-1.7112980548764765,16.19456044112948
536,0.1695392616272213,-1.5355777646559994,16.17603850302878
537,-0.0518642486968333,-1.4030197293601097,16.154883978056947
538,0.0745189492028377,-1.5057553078917028,16.131236358688863
539,-0.1489905299319712,-1.3262446074674836,16.105235137399458
540,-0.0559775244528967,-1.0210410586639438,16.07701858311684
541,0.1794259470249956,-0.9261387289997545,16.046712781974755
542,-0.10379490649684,-0.8406130872836431,16.01440799378048
543,-0.0254542546757025,-0.9347147158054282,15.980168970481127
544,0.0301322869380049,-0.884201599207212,15.94406931226921
545,0.057687246306678,-0.9738734397928599,15.906186193486182
546,0.1448703401540411,-0.9414671286275593,15.866596788473522
547,-0.3013396118354621,-0.8740386597372225,15.825378271572685
548,0.0569405143961888,-0.9995483315213188,15.782607817125129
549,0.4616921363963118,-1.3700547358686492,15.738362599472335
550,-0.4868096905474741,-1.5859101024082753,15.69271979295575
551,0.4017887429308712,-1.0675453148477139,15.645756571916841
552,0.3302935677380181,-0.41784367843510295,15.597550110697085
553,-0.1323035989584885,-0.15587398467944097,15.54817758363793
554,0.1261740532992238,-0.083890218380065,15.497716165080842
555,-0.1575942968973689,0.02135126753007416,15.446243029367295
556,0.1231799380686166,0.17298471109263897,15.393835350838742
557,-0.088941993026902,0.29837168919024437,15.340570303836657
558,0.0245321118569597,0.31894282544054775,15.286525062702491
559,0.0784845108202852,0.40973868740199393,15.23177680177772
560,-0.0853806894335403,0.4489779940297377,15.176402695403798
561,0.0582883172606993,0.5012317648171007,15.1204799179222
562,-0.0323893199504132,0.3383036762760373,15.064085643674371
563,0.0013853017337348,0.33131765126445567,15.00729704700181
564,-0.1106831373120053,0.48049183506606585,14.950191302245944
565,0.1130414392491634,0.4641139319600069,14.892844628790826
566,0.0408902324426664,0.4737817426406548,14.835328024916677
567,-0.105448153492012,0.44774451678056043,14.777703636711447
568,-0.2752504335578516,0.5652273931217298,14.720023040436121
569,0.3740035327764053,0.5036609470101315,14.66233552021346
570,-0.1511487798716409,0.7264584197053894,14.604690360166249
571,-0.4807699113357492,0.9336330669184998,14.547136844417253
572,0.5010739623566666,0.9692017805541027,14.489724257089232
573,-0.4946536438553743,0.6421517615504,14.43250188230498
574,-0.0774804749885903,0.13196147080134402,14.37551900418724
575,-0.2953962888080058,0.09657138194919013,14.318824906858811
576,0.4199542586426412,0.23757686691490154,14.262468874442451
577,0.095346094978002,0.1581537139610616,14.206500191060933
578,-0.2152058169364209,0.0542376760993879,14.150968140837033
579,-0.3202750443935297,0.23435303650001427,14.095922007893513
580,0.011921133198995,0.5066677904478529,14.041411076353153
581,-0.1767628340994118,0.9592782037606937,13.987484630338717
582,0.3711778813929964,1.0546301646340202,13.934191953972984
583,-0.3840534691369068,0.7124711377581936,13.88158233137871
584,-0.1026257041125503,0.3729206574338545,13.82970504667869
585,0.1132163838539873,0.4181742321503269,13.778609383995686
586,0.2909114800655916,0.6607438924819461,13.728344627452465
587,0.1879961983808284,0.833043740447382,13.678960061171786
588,0.07701437906398,1.072480651659573,13.630504969276444
589,-0.4361863191570823,1.273157683267876,13.5830286358892
590,0.4453713787447015,1.4880482761224678,13.536580345132833
591,-0.3862638304481247,1.155054449318024,13.491209381130101
592,-0.1615513511734666,1.104589638668073,13.446961712505395
593,0.1550321565206446,1.82110098015132,13.403866863328027
594,-0.4384665238658126,3.30652808357687,13.361938440288938
595,-0.2773959025801746,4.346207870899213,13.321188031680965
596,0.7550468308241608,4.863324237992097,13.281628931183743
597,-0.3910095158385466,4.1577397812167645,13.243269734621784
598,-0.9079216919547528,3.0118087784171608,13.206112913537591
599,-0.5285401847537752,1.8783809575955512,13.170159227158226
600,-0.1555662349616977,1.0001569169680922,13.135409317993602
601,0.0558857014437639,0.5022504700025601,13.101863828553675
602,0.6967293970130655,0.17374720163856372,13.06952340134837
603,0.6366058411127022,0.3950054799996823,13.038388678887614
604,0.0958589730667816,0.6156807232518664,13.00846030368135
605,-0.45228586188318,0.9725469436436585,12.979738918239523
606,0.3645061453304528,0.9532686895975009,12.95222516507205
607,-0.2809488154174352,0.7450291287285719,12.92591968668886
608,-0.0308842418155776,0.6300611162156657,12.90082312559991
609,0.1467880079679045,0.6462758677169754,12.876936124315115
610,-0.0770417936734417,0.7027824683290118,12.85425932534443
611,0.269265086174941,0.36794154262729184,12.832793371197766
612,0.1311567897921687,-0.10369569417724134,12.812538904385075
613,-0.3939564548104582,-0.579540112605816,12.793496567416273
614,0.3034668708861383,-0.4891338736874572,12.77566700280132
615,0.1940631001498151,-0.32311395319994374,12.759050853050134
616,0.3866012164043557,-0.04024997707699751,12.743648760672642
617,0.0550146346558191,0.08552399716538728,12.729461368178793
618,-0.4619451085306584,0.5054557904521426,12.716489318078516
619,0.1667091807481663,1.1285575663700897,12.704733252881745
620,0.0562368182133455,2.009569366688238,12.69419381509842
621,-0.2822334114394417,2.4773617642009773,12.684871647238467
622,0.5563654819889281,2.456867126199249,12.676767391811822
623,-0.2887909959291339,1.738909304600707,12.669881691328424
624,-0.5428085218756583,0.7285933335774541,12.664215188298208
625,0.5331938327082291,-0.20296235793932732,12.65976852523109
626,0.0641653881993983,-0.8407077328364345,12.656542344637039
627,-0.4090539405254817,-1.1354833485004825,12.654537289025964
628,0.3427089543711369,-0.7764629552789413,12.653754000907806
629,-0.2957454179071722,-0.3584477048853235,12.654193122792503
630,0.1897791781529231,-0.4656344753428936,12.655855297189966
631,0.1590271089919649,-0.5777682756021326,12.658741166610163
632,0.0233118997201007,-0.6461632732831183,12.662851373563015
633,-0.3906611444767703,-0.6175254160816901,12.66818656055846
634,0.0394482507663186,-0.6741956208727391,12.67474737010642
635,0.5293790389114568,-0.6219134836282927,12.682534444716833
636,0.2447134187031956,-0.8062618456028401,12.691548426899644
637,-0.6618515275763652,-0.9599384315884134,12.701789959164778
638,-0.5692576053500569,-1.0840020786721183,12.71325968402218
639,0.4199243987116597,-1.0458826426934302,12.725958243981765
640,0.79739914994411,-0.8172854314975986,12.739886281553488
641,0.3032723809442568,-0.5483160294591392,12.755043648514885
642,-0.8054618461271345,-0.32595352886700213,12.771415374994142
643,-0.5695642713400658,-0.30937517449799634,12.788939445838054
644,0.7759919516077234,-0.6035384855717663,12.807546533964043
645,0.2807301489798774,-0.8679092889729859,12.827179139993106
646,-0.6631080018456667,-1.1346751701465352,12.847783171992202
647,0.3475522748865084,-1.0568569584087975,12.869304683522294
648,0.4831109235049193,-0.8648006516492617,12.891689728144343
649,-0.2767664952179102,-0.6481178642014,12.9148843594193
650,-0.3360654826119392,-0.5127691482962207,12.938834630908165
651,0.2427713117550009,-0.6062579079268661,12.963486596171865
652,-0.1050629644868629,-0.763723344284513,12.988786308771378
653,-0.0292949218125707,-0.765384900455094,13.01467982226766
654,0.0963667530754849,-0.7774799432971726,13.041113190221683
655,-0.0175731460257772,-0.7704593201686375,13.068032466194413
656,-0.0532703343634614,-0.7621133693833465,13.095383703746805
657,-0.0835912615614651,-0.5395216948783641,13.12311295643983
658,0.1357605475262585,-0.3069268253606952,13.151166277834431
659,-0.0115497854943328,-0.1679399359972682,13.179489721491613
660,-0.1059652481885755,-0.10206409278370804,13.208029340972281
661,0.0665735202059673,-0.12330471004341537,13.23673118983745
662,-0.0025049293630566,-0.26303639228499603,13.265541321648051
663,-0.0216886789018884,-0.4627171110631822,13.294405789965069
664,-0.0022618459997521,-0.5210088023497034,13.323270648349457
665,-0.016434820227456,-0.6356471301347218,13.352081950362173
666,0.104030874915304,-0.4848166244794984,13.380785749564193
667,-0.1782089608970071,-0.3411191386194689,13.409328099516475
668,0.2162045839665534,-0.15385963774653577,13.437655053779977
669,-0.2269068615557359,-0.378805804359936,13.465712665915675
670,0.1666097212114795,-0.16005671069599478,13.49344698948451
671,-0.0314490389911136,0.010644960943641202,13.520804078047462
672,-0.1065515405822916,0.04882155541678851,13.547729985165503
673,-0.0034909529739529,-0.0006798114256250862,13.574170764399572
674,0.0060870736684935,0.043840457020848995,13.60007246931066
675,0.1473716286379121,-0.0727527820976196,13.625381153459713
676,0.2448383533551409,-0.19488122376282502,13.650042870407685
677,-0.5198564444818703,-0.04414722923368647,13.67400367371555
678,0.0227158049872666,0.7000745780684428,13.697209616944292
679,0.6301706981032917,1.1202225482418702,13.719606753654837
680,-0.5915951457313926,0.7704540083232208,13.741141137408167
681,-0.0695912820484101,0.15783246028315678,13.761758821765255
682,0.3731738725312026,-0.37457973281824725,13.781405860287048
683,0.064450057203922,-0.4944783637384358,13.800028306534514
684,0.0386142157195072,-0.35618642978812615,13.817572214068623
685,-0.0639372095899967,-0.2700455868408228,13.833982796430824
686,-0.0508271785831121,-0.018374923776632968,13.849202102359744
687,-0.0086954942208702,0.045520472434607995,13.863175021786262
688,0.1642666545820261,0.05987013584156972,13.875863209576401
689,-0.2238215937938489,0.3365704962221347,13.887251097571713
690,0.2572291940672725,0.7654427191028552,13.89732808682987
691,0.0986665418450675,1.0352498797463845,13.906083578408548
692,0.2809102342634867,0.7255827923710979,13.913506973365415
693,-0.4884156998542448,0.26882802709609277,13.919587672758151
694,-0.365937554127509,-0.058377523516924795,13.924315077644433
695,0.612963351220781,-0.24064194030271296,13.927678589081928
696,-0.6181196769108026,-0.2115479312175154,13.92966760812832
697,0.5720583653327717,-0.10232990117403867,13.930271535841278
698,-0.4029533671508907,-0.04652640612757171,13.929479773278462
699,-0.311564973397298,-0.28571674810026637,13.927281721497557
700,-0.0633526240080894,-0.4203141575481708,13.923666781556264
701,-0.0821404416174994,-0.43648391289471544,13.918624354512215
702,0.0400450998534498,-0.3521889412765597,13.91214384142311
703,-0.0120018953125096,-0.3422127480340983,13.904214643346613
704,0.0124439016158671,-0.4172700629562619,13.894826161340397
705,-0.0563421585865879,-0.3976257637348398,13.883967922321425
706,-0.1821800160284702,-0.23945091835984572,13.871630934388321
707,0.2783094655874044,-0.136123148983908,13.857813683396504
708,0.1923460814611171,-0.004885199099045889,13.842539117637926
709,-0.1272156407013633,-0.13866247497937823,13.825878115680744
710,-0.1340127005295292,-0.173923316313782,13.807936016843314
711,-0.4731452040234734,-0.0656878358900753,13.788833039913555
712,-0.261776882961997,0.093085160739764,13.76869172222223
713,0.5162410178308222,0.2261243810690652,13.747634601100117
714,-0.4928348622797405,0.08705064840178842,13.725784213877958
715,0.4436385541871918,0.08309834792628232,13.703263097886527
716,-0.3937276442446699,0.21353385378809203,13.680193790456578
717,0.3673170659922663,0.1759898696815086,13.656693064326223
718,-0.374035574194889,-0.15881666245748038,13.632852236652361
719,-0.0287011680071551,-0.4300449872934896,13.608746155300643
720,0.4519244125207777,-0.3063670003455008,13.584442587824732
721,-0.4894276882027696,0.2794198244968925,13.56000786370587
722,0.5007494547108007,0.65373774487406,13.535512800415137
723,-0.4735951695716819,0.292556300396241,13.511038869175447
724,0.4136002510800413,0.05972904421015363,13.486670704709802
725,0.0624317045056218,0.1750751833038502,13.462493112190536
726,-0.1975808513753481,0.09898995458544077,13.438590896789911
727,0.0404897238290479,-0.1455385875093138,13.41504886368027
728,-0.0559660417886419,-0.2559857762452496,13.391951818033892
729,-0.1233239113701896,-0.22606065365291608,13.369384565023104
730,-0.3182794707181472,0.1708475608979424,13.347431909820209
731,0.4362213176932521,0.40760002470925144,13.326178657597492
732,-0.4628153098943727,-0.0428943036329122,13.305709613527288
733,0.2097381828064521,-0.5958477655883323,13.28610958278188
734,0.074913863948617,-0.432377234482201,13.26746337053359
735,-0.4813395613227174,0.1614837793680162,13.249855781954704
736,0.5806761844759182,0.18595219330653828,13.233371622217543
737,-0.5896906125281428,-0.008405083966263077,13.218095696494405
738,-0.2220060386874686,0.007893118338688582,13.204112920348784
739,0.5441746926753259,0.16431636655894927,13.191508940765729
740,-0.4316917668206887,0.0513210039259437,13.180370762894754
741,-0.2837993296751565,-0.1869870473761061,13.170786377051265
742,0.1444055263717719,-0.4072508945474249,13.162845368175653
743,0.3457700709591026,-0.502408193011815,13.156638122052708
744,0.152387155820697,-0.604641274693732,13.152254118873032
745,0.0861796653597882,-0.5359575525696904,13.149777887209904
746,-0.2917402759093251,-0.1575391560667567,13.149279431976083
747,-0.3975401647125589,0.1967439000083333,13.150796264704226
748,-0.2169053308931337,0.7325864476721604,13.154318883220974
749,0.4363293809495435,0.6938503089892918,13.159820310061168
750,-0.4080138130060113,0.11074821861113189,13.167265594394877
751,0.3567397678459161,-0.3333569666300553,13.176617198784136
752,0.0213552480916855,-0.3991921304533792,13.18783688236169
753,-0.0442277003735888,-0.34665690788766873,13.200884608261262
754,0.0166944822246064,-0.23241437284137653,13.215719890616775
755,-0.2221925049380403,-0.16010973862413913,13.232302243562174
756,0.2703099509263192,-0.13090113215775173,13.250591181231435
757,-0.317743982924896,-0.43280223483358776,13.270546217758486
758,0.3077449831237526,-0.5698718504010308,13.292126867277279
759,0.1414497553596839,-0.3367423992814413,13.315292643921754
760,-0.1750418710855593,-0.13496119074031773,13.340003061825875
761,-0.4476792382954898,0.18146160317190557,13.366217635123576
762,0.488678646677511,0.5274254753736701,13.393895877948818
763,-0.5188036823290305,0.2058063778934904,13.42299730443554
764,0.0667918575463494,-0.08027328626403779,13.45348142871768
765,0.0948209684738573,-0.18012873340307112,13.48530776492921
766,0.6598662462897504,-0.18830207349381567,13.518435827204076
767,0.0229120462987143,-0.2757371759749105,13.552825129676197
768,-0.0442741641011415,-0.3341610223783943,13.58843518647954
769,-0.7655838923876707,0.0003583806396183775,13.625225511748056
770,-0.7974798080254549,0.414326485545356,13.663153322480092
771,-0.1573462657295536,1.0551821235556789,13.70216414217387
772,0.0565342303646244,1.3212763205494156,13.742189449085956
773,0.9262739626247216,1.3905747339593029,13.783151303415977
774,-0.0881273959358368,0.7531581945277914,13.824969201408049
775,-0.7889829283008883,0.12142454109015868,13.867558387210721
776,-0.216985995703779,-0.1638425739763224,13.910828569680106
777,0.5739321502115103,-0.21861218508170793,13.9546800348702
778,-0.4762788958596225,-0.32271605106939244,13.998994946929017
779,0.0559243486189177,-0.3595721472205869,14.043647798601668
780,0.0931912612248855,-0.3816907180320557,14.088499456807167
781,0.403069746709759,-0.43647712871776223,14.133407382007999
782,-0.104570840739013,-0.2936581939276148,14.178229034666629
783,-0.5132736488613825,0.04045177361585084,14.222821875245536
784,0.5175957371571872,0.2253586389918599,14.267045623850958
785,-0.4672436304228951,-0.26353020019691553,14.310773830619816
786,0.3487369780202394,-0.7026413482625478,14.353904370242308
787,-0.0337341670225742,-0.6626173381901711,14.396351505212749
788,0.0447574351413406,-0.8227898322538738,14.438032397112533
789,0.0627470728171738,-0.9516112803402597,14.478864207523095
790,-0.0566001015743462,-0.9921639964514681,14.518764098025812
791,0.1426797740462945,-0.8203296316953844,14.55764985764909
792,-0.0831133814945345,-0.40232888368239034,14.59544226517692
793,-0.3827533204191299,0.2306894358117953,14.632063884607327
794,0.4361214563226696,0.4164441611919057,14.667434382485418
795,-0.4338141407944312,0.07234279355392775,14.701471347240503
796,0.1067128924119687,-0.340804930711022,14.734092038299046
797,-0.1614386990878434,-0.2637750159997143,14.765213715087569
798,0.163238157648555,-0.2279917946810454,14.794753637032493
799,0.2183818491361848,-0.1910109126965327,14.822629063560349
800,-0.1171007621945777,-0.1316564919030219,14.848757254097595
801,-0.217466621355477,0.10441115328474826,14.873055468070728
802,-0.0691729285290881,0.4237319636228693,14.895440964906228
803,0.3573044218045538,0.47686457416489725,14.91583100403055
804,-0.3508303328879724,0.1366874880177727,14.934142844870202
805,0.0625897373134395,-0.082883484165098,14.95029374685166
806,0.0952188110011515,-0.08941978040255298,14.964200969401407
807,-0.0713506900612161,0.0655689181153031,14.975781771945904
808,0.1138534758738691,0.09119311021445392,14.984953413911676
809,-0.026388822518099,-0.05524433220707131,14.991633154725172
810,-0.0388693711540794,0.043131117341212,14.995738253812867
811,0.0632927595976631,0.1295212698010671,14.997185970601272
812,-0.0006142443773265,0.2547206798604927,14.995893564516834
813,-0.0898949018543783,0.31811660686831456,14.991778294986059
814,0.0840559581572431,0.36118662040732685,14.984757421435429
815,0.2388939544651177,0.29635693569377103,14.974749109841113
816,-0.2686825020869325,0.4969805306656968,14.961701971421238
817,-0.3610735811749339,0.7353889602841022,14.945684620890834
818,0.3893323113032801,1.0338276661136923,14.926840022583029
819,-0.1092626014458111,0.7139386499372474,14.905323951508564
820,-0.2610234650361273,0.3597310348822395,14.881292430153884
821,0.2495851146443008,0.025513404350251512,14.854901481005445
822,-0.180221864617433,0.12391473806773273,14.8263071265497
823,0.0327630721559909,0.19157153857090897,14.795665389273093
824,0.129041595385381,-0.012173887047463389,14.763132291662089
825,-0.1239417537277823,0.0250778975246701,14.728863856203116
826,-0.0328460281626961,-0.030170077219940403,14.69301610538264
827,0.1671319014337785,0.057123036879113395,14.655745061687107
828,-0.1601577326282699,0.06295098502529721,14.617206747602971
829,-0.0812287291650404,-0.036328456451639,14.57755718561668
830,0.1581888327549415,-0.08514123096963451,14.536952398214702
831,-0.0954896635710053,-0.050058744312444406,14.49554840788344
832,0.1042346383080683,-0.1877358754174695,14.453501237109407
833,-0.1628246227216473,-0.24814228565735869,14.410966908379002
834,0.2378200916301742,-0.1059215358088845,14.36810144417871
835,-0.3389577368374402,0.13389686984247456,14.32506086699497
836,0.4307723809042946,-0.2727735802185201,14.282001199314234
837,-0.104217465189979,-1.134860998432951,14.239078463622931
838,-0.5018515505539688,-1.6045971318535748,14.196448682407542
839,0.2871368510091414,-1.141404729163652,14.15426787815451
840,0.239797621242529,-0.15248969459281142,14.112692073350289
841,0.3866305446379618,0.47149216488072787,14.07187729048131
842,-0.2000079149507203,0.49802682879599425,14.031981086154719
843,-0.1651725447025194,0.04200517783207336,13.993167366870445
844,0.2292486522768853,-0.38484495886156367,13.955596306584688
845,-0.2175587799505858,-0.4418496847839989,13.91940846473458
846,0.2029690396610998,-0.3777259332698245,13.884756893608728
847,-0.1351598512650617,-0.5166394475195757,13.85179929878463
848,-0.0474055059533153,-0.7732878798865332,13.820693385839856
849,0.0445535135058429,-0.8361503738577415,13.791596860351891
850,-0.2057624852227801,-0.558904942675539,13.76466742789832
851,0.3139516626259686,-0.3740144566826245,13.740062794056655
852,0.0521757118373882,-0.2601163762418173,13.717940664404434
853,-0.460794360197818,-0.2176643843213643,13.69845874451918
854,-0.2857976582325277,-0.005977081745923318,13.68177473997845
855,0.5611258526059049,0.2608277910343328,13.668046356359763
856,-0.2449510615105999,0.4775197622699422,13.657431299240656
857,-0.5216624081897232,0.6015751339910493,13.650087274198675
858,0.5071243355527837,0.7767036776358773,13.64617198681134
859,0.2274007646237062,0.726756092720097,13.6458431426562
860,-0.3846493279146425,0.6153908806038733,13.649258447310771
861,0.0665838916503834,0.4168405019970102,13.656575606352611
862,-0.2860999470777678,0.6281553334160137,13.667944613661753
863,0.4005956777791147,0.7359349380725028,13.683469384148388
864,-0.359855544211153,0.5366887049812118,13.70316683922994
865,-0.3195444654861766,0.47258305786446037,13.726961407621719
866,0.3471311872099517,0.6981250407100279,13.754743772080019
867,0.1797025240942572,0.8338967087655238,13.786400767140222
868,0.2788742511977216,0.6393065214645779,13.82181922733771
869,-0.4887077884349844,0.42782180122714975,13.86088598720783
870,0.364061085799973,0.10245103291402263,13.903487881285997
871,0.6112923166300984,-0.17080406073768542,13.949511744107596
872,-0.2977930084576347,-0.7010514017503284,13.998844410207969
873,-0.788200168556008,-1.2631725455665022,14.051372714122515
874,0.2017468384788012,-1.1087303288654038,14.106983490386604
875,0.8551167906147256,-0.5406799071267884,14.165563116512061
876,-0.8487278582989862,0.07173521467937188,14.226992643619617
877,-0.2524226829525592,0.6512861632267157,14.291136519725843
878,0.724805147496017,0.9173477695259464,14.35784708297804
879,0.5926198161108519,0.6804030368424758,14.426977147046674
880,-0.0722730887751223,0.47388143220204276,14.498391656573077
881,-0.4785307819038497,-0.02343387193382318,14.571964653837671
882,-0.2718893153151763,-0.30567549888271983,14.647564814197892
883,0.2116889975156602,-0.33672137506010286,14.72503237754444
884,0.171819846997611,-0.47601373888001697,14.804193891882402
885,-0.2498943625061965,-0.6349622189972182,14.884856581503414
886,0.2638873747296326,-0.8607104465197988,14.96682307179017
887,-0.3058299237702913,-0.8640660929901155,15.049896016760403
888,0.3435628431072534,-0.887440913539141,15.133878070431884
889,-0.3424815133442219,-0.9160903734781196,15.218571886822353
890,0.2938284243778709,-0.28760854432739436,15.303780119949522
891,-0.2255453181964927,0.1762398943653187,15.389305423831175
892,0.1596598607154391,-0.07461031320047237,15.47495045248504
893,-0.077321435258661,-0.3431964246702046,15.560517859928865
894,0.2367495351267672,-0.7425598353071593,15.64581030018039
895,-0.386502317143169,-0.8341281101142055,15.730630427257374
896,0.5133402653539745,-0.43812116053152256,15.814780895177549
897,0.4265655695177387,-0.24462992747640794,15.89806435795866
898,-0.6089298211610972,-0.12135364845737118,15.98028346961847
899,0.3406141976659421,0.028144918159356297,16.061240884174712
900,0.5200912753373427,0.27916946901754636,16.140739255645112
901,-0.0048475942404932,0.966266356193049,16.218581238047435
902,-0.443148276440594,1.348578791041152,16.294569485399435
903,0.302757329986731,1.618736018294425,16.368506651718842
904,0.1797708524278397,1.470033756548752,16.44019539102341
905,-0.2057073788109989,0.9262684645185155,16.50943891429248
906,0.173789855545889,0.4101602798228495,16.576049864631262
907,-0.191820852503897,0.25192099509730304,16.639899857406593
908,0.1219986178239464,0.16701266744677987,16.700988714729277
909,-0.0720919226078739,0.31273562677520017,16.759356295832674
910,0.3319369926959474,-0.14698206238120798,16.815045069685265
911,0.5477118925519198,-0.5458093978073983,16.868097505255477
912,-0.6017918217565877,-1.0767642497551986,16.918556071511784
913,0.5624917138107957,-0.7689549512334334,16.966463237422637
914,-0.2508085919363302,-0.6510528800201562,17.011861471956486
915,-0.2707079391111737,-0.8040879913593599,17.054795930470537
916,0.1644587470963747,-1.0597812609733475,17.095322513876972
917,-0.2010286427306575,-0.702471166746087,17.133499809476742
918,0.1554939338388044,-0.1048803384095908,17.16938640457078
919,0.0250162810464393,0.3019428324935197,17.203040886460037
920,-0.0669077493829634,0.3623859069375099,17.23452184244545
921,0.0822078314873835,0.4739013509493364,17.263890817563272
922,0.1090504575065334,0.4197283547024374,17.291221187791027
923,-0.1463887091195262,0.059799422278007996,17.31658928684152
924,0.0716614794201875,-0.28173292784777015,17.340071448427576
925,-0.3152901693511413,-0.3364575965081601,17.361747765859295
926,0.3699245908472655,-0.2516393142608553,17.381714723413594
927,0.1846717035599324,-0.2547565999240374,17.4000848963641
928,-0.3756728947332314,-0.2613362677404628,17.417009162473697
929,-0.4554320285021568,-0.24725035432103068,17.432682382823188
930,0.4294930499900546,-0.0468017340408354,17.447308684050775
931,0.1345239555351768,0.014383851670174797,17.461092192794645
932,0.0299713197339118,-0.04420835542690128,17.474237035692997
933,-0.184908885338557,-0.10203845404544051,17.486947339383992
934,-0.2659859652835361,-0.1734387823192568,17.499424747602795
935,0.0542559524545917,-0.10611448256624667,17.511858530111645
936,0.183845501858883,-0.20827120618610417,17.524425704327218
937,0.0327187580237667,-0.1400157707648747,17.53729701274111
938,-0.1351799315087415,0.014556006168568794,17.550623925340183
939,0.1341731529908622,0.1712890811531868,17.564537765855953
940,-0.1373196351464546,0.4481551490310248,17.579164486115424
941,0.1101181183085503,0.2352487699593548,17.5946331117321
942,0.0598365776813679,0.26908927608650424,17.611074146232127
943,-0.3691236632330232,0.2605119832629344,17.628611679970092
944,-0.0662793203660903,0.45891127582869656,17.64736804453739
945,0.5348043547931828,0.35773007368137344,17.667465571525447
946,-0.5520406171505742,0.5130139812945453,17.68902663585603
947,-0.5794402041843907,0.5272683752577739,17.71217182892662
948,0.638417606880173,0.4945684350380714,17.737013958081764
949,-0.4285400365906847,-0.3251238372295121,17.763663873820207
950,0.4040258460378912,-1.676258272678564,17.792232426640673
951,-0.6384388708204553,-2.314389818377121,17.82282868919757
952,0.1163322579551237,-1.6118754810685314,17.855543223113408
953,0.5433301650331124,-0.4337456779939014,17.890415512960786
954,0.2540240174984711,0.6585171411931673,17.927458841308365
955,-0.1048920506498279,0.9882088299047455,17.966683220745075
956,0.1571862273519808,1.124712192795988,18.008101579852035
957,-0.1128509246696798,1.0311188726060823,18.05173205206359
958,-0.0700254068795823,0.8724314425039794,18.097593964375598
959,0.0709635887066112,0.7733297675095208,18.145706643783864
960,-0.081104246573224,0.8450148292890365,18.196089417284192
961,0.0235029866371798,0.7277373050985261,18.248759708264288
962,0.1318018820918313,0.5644763727220014,18.30372174518617
963,-0.1360084549499135,0.3150623793380576,18.360946075611857
964,0.1091280346307398,0.040514517557470764,18.420357447811792
965,-0.0244806048472136,0.08262169967268462,18.48185890517453
966,0.0144997638187927,-0.029840219517566782,18.54534045569877
967,-0.1231304946916937,-0.0975589532251229,18.61068944791682
968,0.0357174412816568,-0.1135106716426181,18.67779323036097
969,-0.2918106236324085,0.10527147206888918,18.746539151563518
970,0.3270355156444509,0.016149924298777603,18.81681456005677
971,-0.3153023471568831,-0.673204457216141,18.888506804373023
972,0.1935133070058952,-1.2550165400504756,18.96150323304458
973,0.006163114508318,-1.1418543091120572,19.035691194603743
974,-0.1515807515777635,-0.5293772860050344,19.110958037582794
975,0.2065832961839448,0.03622559330199569,19.187191110514057
976,-0.2363624393061932,0.402084677376369,19.264277761929822
977,-0.0896147725546643,0.447509432192282,19.34210534036239
978,0.4026700599902812,0.16677100056576846,19.42055893944394
979,-0.4846476342617737,0.4851351139025898,19.499512520359183
980,0.5440945170418375,0.817070798079715,19.578834684878448
981,-0.034353394778924,0.8859376129811496,19.65841578179777
982,-0.4354655156213534,0.647303802585516,19.738161713035836
983,-0.4861596537639722,0.3281775338939158,19.817982119870052
984,-0.3702305858074769,0.032443625483837585,19.89778696032365
985,0.4837500729155725,-0.21123626533535148,19.97748619241978
986,-0.4405661285885144,-0.6564236455931722,20.056989774181687
987,-0.0268877426282527,-0.9993199210043113,20.13620766363257
988,0.1085254066647967,-1.2035752254603926,20.2150498187956
989,0.3370034415280336,-1.3104296392220423,20.29342619769401
990,-0.088947342684882,-0.8922994156661062,20.37124675835099
991,-0.3752584070132035,0.036836948223456616,20.448421458789745
992,0.360984461870426,0.7941552810961013,20.52486025703348
993,-0.323525379220311,1.1730522681149271,20.600473111105384
994,0.158581291201221,0.6862487297701113,20.675169979028674
995,0.1312676323503923,0.4198715488230668,20.748860818826536
996,-0.160536427814876,0.4090808392926917,20.82145558852219
997,0.1086392285597449,0.3384965253014336,20.892864246138824
998,0.0637327487544939,0.33327050154586035,20.96299674969965
999,-0.1685387492562944,0.2967756920284437,21.031763057227852
1000,0.0748109634627143,0.2661159097906389,21.099073126746646
1001,-0.045138360196521,0.2503014644122707,21.164836895784248
1002,0.0588811777979996,0.07215317640302815,21.228965645798972
1003,-0.0149651494046627,0.06358511277408385,21.291380036630578
1004,-0.0270378317789755,0.1250188969910382,21.352018934787942
1005,0.0383315790857147,0.26083069418095706,21.410837726733334
1006,0.0507621217334989,0.22142007847897208,21.467817799787532
1007,-0.1078757488998393,0.2549092342829359,21.522966514616908
1008,0.1203703347489996,0.24332433003144618,21.57630533521955
1009,0.1150331607024783,0.0871087626747368,21.627858076622786
1010,-0.0520730747294004,0.0144245208755025,21.677648553853903
1011,-0.1676169974245496,-0.068083584515674,21.725700581940224
1012,0.2101347511720971,-0.2021727270811563,21.77203797590906
1013,-0.2070756952209293,-0.1796090384885479,21.816684733709476
1014,0.1873164381593184,-0.1969831457622956,21.859666707602976
1015,-0.1257845018751899,-0.07523130477511011,21.9010158066503
1016,-0.0054430982824798,-0.025327296751135223,21.940770395033613
1017,0.0571414285928414,0.20388915512126254,21.978969416285885
1018,0.0058051336669675,0.3385432533991245,22.01565161293391
1019,-0.044931541406135,0.4040758139016887,22.050855727504448
1020,0.0493784592301949,0.3660010382455204,22.08462050252428
1021,-0.0734663699662613,0.41648132506037583,22.116985044905885
1022,-0.1831319231469333,0.525140758933719,22.147991164213217
1023,-0.0035324583144343,0.29584572699169437,22.177686731322737
1024,0.1121898070293589,0.16168596437040567,22.206124228600235
1025,0.0312247960025739,-0.2345836525620021,22.23335885655943
1026,0.5084233858418963,-0.8878697951881367,22.25944640934624
1027,-0.5247286129080029,-1.5197146377034885,22.284443250611485
1028,-0.2175211454760897,-1.4008867272664185,22.3084078727425
1029,0.4354275706331445,-1.1368327943336412,22.331405223700497
1030,-0.0501886745790216,-0.52331330859135,22.353501983170364
1031,-0.1672031772553585,-0.27754163926888364,22.374744816524238
1032,-0.0726144878662649,-0.2825493303852109,22.39516381825147
1033,-0.0885098965726032,-0.07627618585362739,22.41478608242624
1034,0.0032880039758998,-0.0769267070985476,22.433638703122643
1035,-0.0138190972594081,-0.01792967715545668,22.451748774414863
1036,-0.0457810671010393,0.2366376767240083,22.469143390377035
1037,0.160563959756985,0.4735863951597307,22.48584964508328
1038,-0.1534697911787896,0.3815751585710172,22.501894632607772
1039,0.1201741207642138,0.2125204322111437,22.517305447024643
1040,-0.1176816884794016,0.43557250607137465,22.532109182408032
1041,-0.062765342308461,0.5964324094763866,22.546332932832076
1042,0.2583129809637822,0.41168322666528684,22.56000379237094
1043,-0.2675008068281574,0.19435195172941508,22.573148855098736
1044,-0.0894425780050026,0.16364736291536652,22.585795215089643
1045,0.1240560218388871,0.3279740117433399,22.597969966417775
1046,0.0973012641781757,0.4229985326645279,22.609700203157292
1047,0.1404920751161938,0.4384949055014634,22.621013019382335
1048,-0.121142887473611,0.2992073783065663,22.63193550916705
1049,-0.0120950874715155,0.2296003208859481,22.642494766585568
1050,-0.0611491933786995,0.3084317734991837,22.652717419879515
1051,0.1236510675889921,0.2437217798737635,22.662627152537258
1052,-0.1422119055554554,0.3199700783976719,22.672241827157784
1053,0.1426702714433316,0.2357549789948038,22.681574749561864
1054,-0.0157984651259986,0.2351548492651454,22.690643615860857
1055,-0.1249202670446881,0.3654421747597711,22.69947809228492
1056,0.1558099924287281,0.3660773492769596,22.70811265829431
1057,-0.1642366260890193,0.5176458302567397,22.716590795832285
1058,-0.1093732521952696,0.5844149954900133,22.72495825670525
1059,0.0383135984086139,0.5884256088716883,22.733260792719694
1060,0.2045334888497144,0.5239223554682491,22.741544155682043
1061,0.2874370478761789,0.2327088547250858,22.74985409739873
1062,-0.1726047312552644,-0.0056316384209672,22.758236369676226
1063,-0.3962420653742645,-0.3604946589467084,22.76673672432098
1064,0.4058075504470141,-0.37120846358642834,22.77540091313942
1065,0.0654183738033658,-0.27969306174136427,22.784274687938
1066,-0.375585116534694,0.06218131601151511,22.793403800523183
1067,0.3347150516464532,0.5024509456521495,22.8028340027014
1068,-0.1853920977987911,0.5627810515196946,22.812611046279102
1069,0.1633369804545967,0.2138823364826621,22.822780683062742
1070,-0.25002987767492,0.12664121281616128,22.83338866485876
1071,0.1360286155304763,0.4494909611925744,22.844480423276945
1072,-0.0624302881576689,0.6363288184138491,22.856101469743813
1073,0.2774301423891354,0.504263025707031,22.868306831903833
1074,-0.2380111207756582,-0.023162812859206003,22.88117393363486
1075,-0.1861759119900745,-0.3286254863149986,22.894801398305074
1076,0.2245122993838721,-0.30381547624392513,22.909303176860053
1077,-0.0254612122040299,-0.18933497502938101,22.924796187233408
1078,0.0441192152119408,-0.27551656257072266,22.941397347358784
1079,-0.0645043213692446,-0.184719253800536,22.95922357516978
1080,0.0127047067662689,-0.031096495366315004,22.978391788600042
1081,-0.1553801299966803,0.1563612244134869,22.9990189055832
1082,0.1879972296437078,0.35078092630343904,23.021221844052853
1083,-0.1559042177185657,0.1407908536690784,23.045113364049477
1084,0.0018475381352955,-0.1026342560528615,23.07078671791757
1085,0.0306563888464631,-0.1289690325348548,23.098312643688388
1086,0.0943738406318577,-0.112103032563412,23.127729191931554
1087,0.0754464987237489,-0.1345020991915638,23.159055600467806
1088,-0.1264347464354982,-0.0858634620397044,23.192298208475208
1089,0.0963109641064096,-0.2237664093198818,23.227455445213472
1090,-0.0223376094025478,-0.23218252396779399,23.26452013337034
1091,-0.0032466561778296,-0.29023520769456634,23.303481863872392
1092,-0.0415869089041277,-0.2527340995511228,23.34432100845525
1093,0.0501188805930994,-0.3771315564452984,23.387012675852194
1094,-0.0224862186357335,-0.3490447682726474,23.431530986908378
1095,-0.0004015551247239,-0.46744771120994055,23.47784926633467
1096,0.0204878437411508,-0.4564269420703907,23.525939098329236
1097,0.0086264164866407,-0.5343844461155166,23.575758029628876
1098,0.0649241617948628,-0.6221515926117607,23.627227430816898
1099,-0.1190529085910305,-0.4411946301393878,23.68024753873042
1100,-0.1069004384504295,-0.2978123303727217,23.734712768823144
1101,0.3283303648555642,-0.35884723318219336,23.790516868326634
1102,-0.3246944929463783,-0.38285909152605546,23.847553584472436
1103,-0.3973838143519106,-0.44833285014021973,23.905716664492136
1104,0.2638682300643997,-0.24876808568166062,23.964899855617265
1105,0.4130101170310855,-0.21800702211048728,24.02499690507939
1106,-0.4706971763941448,-0.5152043837159475,24.08590156011009
1107,0.4657767345843004,-0.8932843025252023,24.14750756794091
1108,-0.4454243965984714,-0.7342842792049229,24.209708675803398
1109,0.4066612956884918,-0.1090599266176179,24.272398630929125
1110,-0.3396038069171015,0.2241326263674412,24.33547118054966
1111,0.0212840019355735,0.47989592616788923,24.398820071896548
1112,-0.121784848755546,0.9794457965542047,24.462339052201344
1113,0.2786199944208813,1.2854581368835047,24.525921868695615
1114,-0.1819446743574218,1.302482405746495,24.589462268610916
1115,-0.1249984706018722,1.0921444714230495,24.652853999178824
1116,0.06098621297141,0.9630229793977079,24.715990807630877
1117,0.3313034549805829,0.8499301038207767,24.778766441198645
1118,-0.4023433434138315,0.6712686963001577,24.841074647113672
1119,0.2942040203885702,0.8329843084417429,24.902811671169687
1120,0.3260918962660198,0.7400193213076736,24.963888782426306
1121,0.4688961634518077,0.4968609542790102,25.024242882269174
1122,0.2465353163881794,0.06963213348409247,25.083832550127724
1123,-0.5514712994205511,-0.3411690005603921,25.142640299980947
1124,0.4846153559372222,-0.42527899543927156,25.200663639502064
1125,0.2732864639608962,-0.42118914418660747,25.257902680225712
1126,-0.3783971069375162,-0.2959604267490731,25.314357533686593
1127,0.3114665177932736,-0.2014948292126159,25.37002831141934
1128,-0.281680083391483,0.10676495843282488,25.424915124958652
1129,0.2315424076376154,0.2394395065232134,25.479018085839172
1130,-0.0065716375891234,0.39423433199354074,25.532337305595586
1131,0.5218881928916018,-0.11676108865413928,25.58487289576254
1132,-0.6642341180745089,-0.47239084980018947,25.636624967874702
1133,0.6445396896698884,-0.2621333231366272,25.687593633466744
1134,0.7318529787555847,0.11036801717109851,25.737779004073317
1135,-0.7453180462489559,-0.041863144980162505,25.78718119122912
1136,0.1013847958866396,-0.31718510235540764,25.83580030646877
1137,0.4779418288268425,-0.6515782901538153,25.883636461326976
1138,0.2442536798464163,-0.6349434471848001,25.93068976733837
1139,-0.2660473487866873,-0.2809129872509728,25.97696033603766
1140,0.1028808126477917,-0.055329091607263486,26.022448278959473
1141,0.0458395137836363,0.11700677857787618,26.067153707638486
1142,-0.0212951341498702,0.1402184005404973,26.111076733609373
1143,-0.1349748214953645,0.1307564260006155,26.154218395494745
1144,0.1974993314842353,0.07591418292423888,26.196586485591517
1145,-0.1936725681040025,0.14546839773278358,26.238204170371215
1146,-0.0162994387227433,0.1971911127007818,26.27910832602196
1147,0.2420389387863415,0.1486159398489041,26.31934512136476
1148,-0.2084717598846145,-0.050495917998296405,26.358967677882912
1149,-0.0130669265351219,-0.36497527647054506,26.398042203005673
1150,0.062962142126984,-0.3896044069530465,26.436642264826066
1151,-0.1530171215244997,-0.3118281377751983,26.474845259299705
1152,0.0160065493024607,-0.1687395585542156,26.51273300925175
1153,0.2353991514271531,-0.2057866106181023,26.550387459190947
1154,-0.2493549082253324,-0.2185284647568533,26.587883372982194
1155,0.2112327870639359,-0.13651177062854908,26.625278983564613
1156,0.1724335482590748,0.034941626410371705,26.662624825330553
1157,-0.1294702805679679,0.1795033171751238,26.699966963392843
1158,-0.1567217739555665,0.07937820383747482,26.737343570118092
1159,0.2433899789280095,-0.11817551880950798,26.7747855398815
1160,-0.2312996809586055,-0.31101718557001434,26.81231686652862
1161,0.2050234029859459,-0.03497804731473293,26.849954644328786
1162,-0.1019425206043855,0.36422954810126684,26.887712972503117
1163,0.1128744125092802,0.3915212843644338,26.92560430312629
1164,-0.1171887503940939,0.5535494492557472,26.963639301138347
1165,0.0177046005034263,0.420468017682501,27.001827381814067
1166,0.0674031443841561,0.3624191254852991,27.040177730130548
1167,0.0240857959392905,0.05721467299592853,27.07869953106478
1168,-0.1459977719929312,-0.06140419760091262,27.117401969593846
1169,0.155908401547105,-0.1622026322418853,27.15629423069478
1170,-0.068243774316314,-0.1771417250283184,27.195385499344635
1171,0.0850794982592368,-0.36976445877969344,27.23468496052046
1172,-0.0403318846141407,-0.33386991458516474,27.27420179919931
1173,0.0457874831502094,-0.4697326835084372,27.313945200358233
1174,-0.1375866021720996,-0.45633774680215816,27.353924348974257
1175,0.2191826082553895,-0.42333103827984475,27.39414843002446
1176,-0.2085489122241814,-0.3560777162616936,27.434626628485884
1177,-0.2699570717201231,-0.4154110576154389,27.475368129335557
1178,0.4277005507926415,-0.7940826683431927,27.516382117550553
1179,-0.4246505180382405,-1.383027260069667,27.55767777810791
1180,-0.3411789173788101,-1.6780853786058787,27.599264295984685
1181,0.3510814881627264,-1.5622323443206345,27.64115085615791
1182,-0.2162088558597211,-1.3371377877449397,27.68334664360466
1183,-0.0682556986180883,-1.3076051446838706,27.725860843301955
1184,0.1519414769398272,-1.5106441171666907,27.76870264022687
1185,-0.0603591158633782,-1.401521262420371,27.811880378283742
1186,-0.0611495900778959,-1.2142478129467604,27.855397403024657
1187,0.1027281023593584,-0.9319777850420801,27.89924968268273
1188,-0.0501179538057702,-0.7033126708425675,27.943430624648332
1189,0.1918726452002649,-0.6598024239705769,27.98792977877031
1190,-0.1399871793345736,-0.6327474377821255,28.0327346171167
1191,-0.1989519559388578,-0.5388763022579535,28.07782825819681
1192,0.2342096699879916,-0.34739404953804415,28.123184379550057
1193,-0.1527814370245096,-0.13598840628193115,28.16876984330643
1194,-0.1854763761212171,0.0009317164501682074,28.214544659671045
1195,0.1749070389572929,-0.03537096716243504,28.260463928205148
1196,-0.179598275176011,0.3031203989667497,28.306477876209264
1197,0.2340573254543786,0.6434085349160211,28.352534139629608
1198,-0.1542868670130977,0.7257113178545355,28.398575549158558
1199,-0.0969421799974729,0.5824023861876284,28.444539793809845
1200,-0.1605401806551364,0.660177831238555,28.490362349416582
1201,-0.3226127638465691,0.8966349176716033,28.535977846174962
1202,0.6217986397917677,0.9568817895958908,28.581319570612344
1203,-0.7214710893167413,0.4551511336800753,28.626319955636657
1204,-0.092530050342556,0.06161915214905689,28.6709108981935
1205,0.4033960984826326,-0.36842004633917363,28.715023947856544
1206,0.7913219461867994,-0.7199125355510738,28.758590589364278
1207,-0.3482365926928882,-1.3933057147622863,28.80154230745518
1208,-0.4705747406992638,-1.7032358461684614,28.843810586867725
1209,-0.5294672430422529,-1.205859669298181,28.88532691234043
1210,0.4262814722677313,-0.6223042408794954,28.926022768611762
1211,-0.3180464600075025,-0.4777831804127078,28.96582964042021
1212,0.1392717655531747,-0.6239507780574398,29.004679012504266
1213,-0.1908691150341559,-0.34163325456823795,29.042502369602396
1214,0.2267896969341543,-0.07602089338725593,29.0792311964531
1215,-0.2096578633273282,-0.3451391144675358,29.114796977794864
1216,0.3456129775111707,-1.1147441758773453,29.149131198366174
1217,-0.4402285843750417,-1.511936758530472,29.182165342905513
1218,0.475210904380878,-1.21904180053225,29.213830896151368
1219,0.2609047269091049,-0.774964069751317,29.24405934284222
1220,-0.1325031173246248,-0.4702790503919355,29.27278216771656
1221,-0.3766070563846432,-0.25332379912822856,29.29993085551287
1222,-0.2651407970721639,-0.0702960938974786,29.325436890969637
1223,0.2077899838194878,0.12297825735515161,29.349231758825358
1224,0.3725235007588537,0.47622955542264034,29.371246943818505
1225,-0.1986549399434443,0.8272410092558874,29.39141393068756
1226,-0.3534693599088825,1.0438051557378734,29.40966420417101
1227,0.3862578585946942,1.0278128923979377,29.425929249007368
1228,-0.3525604748422325,0.9724199249071555,29.440140549935077
1229,0.2977369626975465,0.9800334456098112,29.45222959169264
1230,-0.1802619866440513,1.0781341276254799,29.462127859018565
1231,0.1301407426152562,0.7400924207334281,29.46976683665131
1232,-0.0549696814916173,0.5798916721622476,29.475078009329366
1233,0.0044767589467286,0.4475303792620363,29.477992861791236
1234,0.0829739379481643,0.41858318327645083,29.478442878775382
1235,0.0024801867109752,0.4411602682687272,29.476359545020298
1236,-0.1128592826384756,0.4811794108412048,29.471679871797274
1237,0.1005027115257301,0.6151204769804738,29.4643768114938
1238,0.016204412108413,0.7093063458638585,29.454489242027734
1239,-0.0086318552891996,0.7665412406805105,29.442090614608684
1240,-0.0231689723182443,0.6359075245047832,29.427261447813457
1241,-0.0823162433308471,0.4722334810345242,29.410082762296323
1242,0.0619535426093047,0.40741087867914083,29.390635578711553
1243,-0.1326795332480323,0.2536786155346068,29.369000917713418
1244,0.1133448549143548,0.23139534512943338,29.345259799956214
1245,-0.0609142641630231,0.261421018068846,29.319493246094183
1246,0.0824322094336866,0.2057855137846958,29.29178227678161
1247,-0.0865994891647471,0.17439157649196968,29.262207912672782
1248,0.0314181998683311,0.147730625709727,29.23085117442195
1249,-0.0009461413199486,0.1331530586365593,29.197793082683383
1250,-0.0300046751624912,0.2468900170510986,29.1631146581114
1251,0.0350472003901627,0.2880558782496318,29.126896921360206
1252,0.0513267665278997,0.1594523403879712,29.089220893084136
1253,-0.0749724609476596,0.03480486701023969,29.050167593937417
1254,0.0975631408406531,-0.2473811854150125,29.00981804457436
1255,-0.2702121798620051,-0.3180410857871977,28.968253265649203
1256,-0.0719285049866328,-0.3736257728296014,28.925554277816232
1257,0.3384462034243495,-0.5602483051540941,28.88180210172975
1258,0.0895608571711952,-0.6866386152151774,28.837077758043975
1259,-0.3632623494437565,-0.8181999179694769,28.791462267413237
1260,-0.0632942089373281,-0.8017424415544345,28.74503665049176
1261,0.309082203635881,-0.6269641315697307,28.69788192793385
1262,-0.2396511839208835,-0.3804289707285792,28.650080154649466
1263,-0.086774993252953,-0.2949467797732864,28.601721773026238
1264,0.1801950816052697,-0.3731128715717353,28.552917789966457
1265,-0.0968764221909234,-0.4169189597727185,28.50379538196364
1266,0.0900778829589478,-0.4045693584262486,28.4544914754673
1267,-0.1365779855809409,-0.36856681672525404,28.405144802306193
1268,0.1117156178086734,-0.1476097121177166,28.355894094309043
1269,-0.0394407067885884,-0.05743907950268842,28.30687978629128
1270,-0.065914727310584,-0.10233616983509711,28.258250897145683
1271,0.0707213980080985,-0.19088787922578232,28.210166481217684
1272,-0.087229258589571,-0.245563082169337,28.162792340758905
1273,-0.0187111272828468,-0.1175843946820259,28.116295521964872
1274,-0.0259750080318179,0.1251319370007313,28.070843071031092
1275,0.1941449213797329,0.2192530444671581,28.02660203415311
1276,-0.1016536431653734,0.3979141856389317,27.983739457526447
1277,0.2320935621467127,0.3154871299257996,27.94241930792748
1278,-0.2908081729374226,0.1380163363579549,27.902791836579468
1279,0.3064785281897301,-0.011470196773139318,27.86499166858342
1280,-0.3119214786733833,0.2328004949491408,27.82912098372424
1281,0.3135785132081556,0.5611593868150365,27.795262099976803
1282,-0.3233930082290469,0.5498988995664631,27.763494108662577
1283,0.3510324566107465,0.2950735624816626,27.733893980907588
1284,-0.3943362565659875,0.5378122443729945,27.706524012192993
1285,0.4336994557957421,0.5448845080722596,27.681416036131985
1286,0.2937292002406761,0.22769599773332266,27.658574802025996
1287,-0.4591784606254649,0.041205657807467655,27.637972802817984
1288,0.4174224845935998,0.4430101519649374,27.619567363441462
1289,-0.2147414873475268,0.7114278103776128,27.60331367696992
1290,0.1693000573992407,0.68153300612388,27.589166936476882
1291,-0.1203164792220869,0.22323414418621218,27.57708233503588
1292,0.001435631204501,0.201549303075092,27.567015065720412
1293,0.0512337787632753,0.139845899632728,27.558920321604
1294,-0.1119420124306035,0.17918871667043268,27.552753295760173
1295,0.0409223195871562,0.1606084991504031,27.54846918126244
1296,0.0913246650980957,0.0826521637175727,27.546023171184334
1297,-0.0090570768826508,0.003686618283302901,27.54537045859935
1298,-0.073402114576521,-0.0830641220044969,27.54646623658102
1299,0.0012895690597334,-0.080555267262584,27.549265698202845
1300,0.0399816777462445,-0.12370571428462071,27.553724036538377
1301,0.082920148354321,-0.1527165930154208,27.559796444661096
1302,-0.0490366837245053,-0.1884014319200346,27.567438115644535
1303,-0.0620728660575525,-0.1845313765046755,27.576604242562226
1304,-0.0494113387916067,-0.217838679696054,27.587250018487655
1305,0.0070196238063309,-0.056350260300712024,27.59933063649438
1306,0.0964099080980344,-0.1092104135314938,27.612800505433462
1307,-0.1139610013566832,-0.1636417778142482,27.627602779170935
1308,0.149036363097092,-0.3026812912191695,27.64364492812207
1309,-0.0299589081784318,-0.5208552412690322,27.66081414944746
1310,0.0459586484757794,-0.6349435951033726,27.678984946627594
1311,-0.127501758142621,-0.5305257142552706,27.69802747239789
1312,0.074768673146912,-0.37258007689752903,27.717811403750616
1313,0.1481256372525595,-0.3463320549306257,27.738206417678064
1314,-0.2389717741704375,-0.3201104170020581,27.75908219117249
1315,0.2189977571077261,-0.5293061583339297,27.7803084012262
1316,-0.2707746080047465,-0.4809801168267079,27.801754724831454
1317,-0.0782002373380771,-0.3550906016424544,27.823290838980533
1318,-0.0803075642746073,0.09552114360889569,27.844786420665713
1319,0.3376370912836556,0.27625176183708094,27.866111146879277
1320,-0.3381284399765079,0.4309937453630281,27.88713469461348
1321,0.3189266918528495,0.5333465672865279,27.907726740860628
1322,-0.1428440110080033,0.6350870483950225,27.927756962612982
1323,0.0750852015227915,0.2078197616143767,27.94709503686284
1324,-0.2516416733144266,0.09603103271197622,27.965610640602442
1325,0.2371886644955944,0.19963788468030916,27.983173450824086
1326,0.0835974848348332,0.2767493706450792,27.99965314452008
1327,-0.2115166165043641,0.216597217821703,28.014919398682665
1328,0.1517213482757881,0.16943676142009131,28.028841890304115
1329,0.0170248016281061,0.06168383305036351,28.041291365321527
1330,-0.0600894353942907,-0.09206094651590979,28.0521503819102
1331,0.0316152999978197,-0.09295555317944398,28.061340253181626
1332,-0.000341435891393,-0.06848552304120722,28.068826958932597
1333,0.0207091308572943,0.10467141881140071,28.074619450331305
1334,0.0118111473102587,0.04942348931130841,28.07876536337843
1335,-0.0256968895624298,-0.0356290135290904,28.081325903091525
1336,-0.1001801696775879,0.017816391133438275,28.082363778544146
1337,0.1510319956062929,0.05702630558378809,28.081941698809906
1338,-0.1577521114525744,0.09762973849019571,28.08012237296238
1339,0.1507392997478544,0.0722921901769944,28.076968510075154
1340,-0.1134769766906291,0.0809341574688126,28.072542819221812
1341,0.0841239873265573,0.1089680031975051,28.066908009475945
1342,-0.0747881043168765,0.11466131440575661,28.060126789911124
1343,0.030121291137503,0.03761683926155271,28.052261869600944
1344,0.0365982766687324,0.18002576571228102,28.043375957619
1345,-0.0102423522839754,0.03671058924512281,28.03353176303886
1346,-0.0380552897508903,-0.03473670518321351,28.022791994934117
1347,0.1373371169370184,-0.2285564793153568,28.01121936237834
1348,0.0234060587689863,-0.3322826332141217,27.998876574445138
1349,-0.2251660271378361,-0.2606604734460135,27.98582650058385
1350,0.2278467438748903,-0.1099795913274337,27.972132847452542
1351,-0.1342003984206994,-0.023660254465848102,27.957860652886545
1352,-0.0168036388040209,-0.1162730231950461,27.94307666199907
1353,-0.0354697370455322,-0.19237765516629118,27.927847392211827
1354,0.1224577312919528,-0.2246956606746404,27.912237929382684
1355,-0.1711729753128843,-0.1851413574862804,27.896314332799165
1356,0.0278285497590477,-0.0479726328457251,27.880144083086677
1357,-0.1204521457246605,0.1266493295867947,27.863802816137863
1358,0.2831461659047683,-0.0805146204378108,27.847368454533044
1359,-0.2843231252486688,-0.19659752259357122,27.830920647842248
1360,0.2531479080799447,-0.057693077034650896,27.81454516895471
1361,-0.2086748876708508,0.08034415056255341,27.798330737108294
1362,0.1479465987167472,0.0696858064910757,27.782367594792177
1363,-0.136027764748826,-0.06071848827526831,27.766746253024092
1364,0.2051907876961236,-0.06674701630903969,27.75155622861292
1365,-0.2598613125156808,-0.16702546212744232,27.736886774643132
1366,0.2855389260357854,-0.018366070997518594,27.72282714496172
1367,-0.2903125212149968,-0.009154075250835201,27.709466596465834
1368,0.2859932359262441,-0.012887183578049893,27.6968939476518
1369,-0.244189754348104,0.058994020649029595,27.685195733699075
1370,0.2206328693100132,-0.05508648053942611,27.674453611229413
1371,-0.0346703925169778,-0.1000670812921036,27.664737473809083
1372,-0.3854727564715353,-0.030629282872253298,27.656102039343786
1373,0.0028393925245274,0.1885861035121062,27.648574503963367
1374,0.4284374782612359,0.34941083317927013,27.642151688559487
1375,-0.3085906501072893,0.12179173441862538,27.636798915688665
1376,-0.3779437410318412,-0.1445241125541021,27.632467853585943
1377,0.3485231859472134,-0.1976314997274487,27.629108313780236
1378,-0.3010755661438935,-0.1055945416565756,27.62667010780046
1379,0.2597810986077022,0.005115854216759898,27.625103047175536
1380,-0.2281218400275672,0.08376489659319111,27.62435694343437
1381,0.1924952775022603,0.06312311439185106,27.624381608105878
1382,-0.1301575203636859,0.005030667644698103,27.625126852718985
1383,0.1159381159281242,-0.2424806047307177,27.6265424888026
1384,-0.0600442849816401,-0.3585340484701438,27.628578333451788
1385,0.0099628290884222,-0.30114729310985583,27.63118446402143
1386,0.0574914801247204,-0.20180389211379468,27.634312411989065
1387,-0.1841106472421527,0.016191097307984598,27.637919549934168
1388,0.127231941511393,0.040784366494029,27.641983691994575
1389,0.2134996511760644,0.029991391761840583,27.646508957062096
1390,-0.221035978450158,-0.2204720708107858,27.651508049260954
1391,0.2019136518497174,-0.17890810143032781,27.65699444958061
1392,-0.1111614864405463,-0.1518201525700339,27.66298163901058
1393,0.0622383142986736,-0.2417214128390029,27.669483098540326
1394,-0.1263260411001227,-0.1601862680592165,27.676512309159335
1395,0.1413916736946415,0.004525574448269901,27.684082751857094
1396,0.0126380685743794,0.0851540238025621,27.69220790762306
1397,0.0434344198592315,0.0456643226940417,27.70090125744673
1398,-0.1101076752764463,0.19993139295887,27.710176282317573
1399,0.1192910724047711,0.22066246437013187,27.720046463225096
1400,-0.0532642155936212,0.24273893443486838,27.730525281158755
1401,-0.0585392550392872,0.33691303793124294,27.74162621710805
1402,0.1398263865945494,0.2968108613430212,27.753362752062422
1403,-0.1157248933025959,0.2399762058422131,27.765748687460388
1404,0.0623789784232204,0.13882183234437323,27.7787991892324
1405,0.0365988008100155,0.140867706134687,27.792533493055295
1406,-0.0511001801094691,0.2341071699145145,27.80699301019495
1407,-0.0646192422342524,0.3323557350804871,27.82226350715377
1408,0.1321472441772415,0.2493841253225979,27.83846863050016
1409,-0.0765521005425614,0.3708120306892756,27.855740069853287
1410,-0.070068797527992,0.30586317247179684,27.87420562505619
1411,0.0381912119563216,0.23782128845570938,27.893987499587972
1412,0.0400392600424014,0.1247615736669446,27.915199166290652
1413,0.018388244022122,-0.15633208396889892,27.93794383994678
1414,-0.1577521565722905,-0.3345606023216869,27.96231275889398
1415,0.0155359320277729,-0.2939275381777456,27.98839160614997
1416,0.1551252575554157,-0.1713904205429192,28.01626516298751
1417,-0.155196896901584,-0.040820855742113804,28.0460177526437
1418,0.1020067976923109,0.010259951527754788,28.07773325077993
1419,-0.0024697139249079,-0.019024263180786594,28.111493977105695
1420,-0.062739015668054,0.08535799214241031,28.147381023525643
1421,0.0927379848880794,0.09178675685198448,28.18547525825994
1422,-0.0565133432934413,0.21065579376473526,28.225857549528705
1423,0.0089832983899937,0.1624079360578971,28.268608765552113
1424,0.0520011167749307,0.014189108674747403,28.31380977455032
1425,-0.1369072747508277,0.06536583000735038,28.361541444743473
1426,0.1079116240235464,-0.07979626837527448,28.411884644351723
1427,0.0091179093329077,-0.024037159808900782,28.464919250476
1428,-0.0476596957103833,-0.11305843042479159,28.520718126135172
1429,0.0354892787748255,-0.3548207654525597,28.57933148667774
1430,0.1118675890102041,-0.412631961584833,28.640764372574633
1431,-0.1030848669906342,-0.4419076819943012,28.704992548984936
1432,-0.1093176295872997,-0.2726583962710791,28.771976025858383
1433,0.1552076561287293,-0.14687631233971177,28.841668656210985
1434,0.1875638488640512,-0.22158726423800518,28.914023415373954
1435,-0.2449978464862708,-0.5039954321922224,28.988993278678485
1436,0.1441489844898027,-0.8406802059456312,29.066531221455826
1437,0.2356983147973302,-0.9722885338345024,29.146590219037176
1438,-0.3203021612115554,-0.9688210855421721,29.22912324675373
1439,-0.262565239664715,-0.6415180402719969,29.314083279936703
1440,0.5155909785093912,-0.2270142724267442,29.40142329391736
1441,-0.548118984112118,0.09702272008527436,29.491096264026844
1442,-0.420293525482774,0.3072383598863753,29.583055165596402
1443,0.6819282887938068,0.130818737248971,29.677252973957224
1444,-0.6807055896158773,-0.18293707482467367,29.773642664440555
1445,0.5199434574275015,-0.29212066980509166,29.87217721237759
1446,0.5592322742887021,-0.07204186738823638,29.97280959309953
1447,-0.0785338765615995,0.4130410946239818,30.07549278193762
1448,-0.4344450856949105,0.73426533147186,30.180179754223055
1449,-0.1507058686810111,0.9638823833939849,30.28682348528703
1450,0.2182394999368936,1.036383549602317,30.395376950460786
1451,-0.1276667162995189,1.1818739508215315,30.505792765477995
1452,0.0169222320932878,1.185057100123945,30.61802066778277
1453,0.2476322633177894,0.9203648484442408,30.73200288823797
1454,-0.0834136117918343,0.5157406977597132,30.847672914032124
1455,-0.2390716227929039,0.2941173142158073,30.96495430857709
1456,0.1640881126575595,0.10214908415739028,31.083762803185053
1457,0.0617094760053103,0.08427791429366384,31.20401260970103
1458,-0.1969187360630205,-0.07869920390699606,31.32561793997002
1459,0.1799237823669384,-0.4684167882040046,31.448493005837065
1460,0.0568952107753334,-0.6194472299224991,31.572552019147167
1461,-0.1233725218225412,-0.9343366699227981,31.69770919174534
1462,0.0325118064012906,-1.0063905418778807,31.823878735476605
1463,-0.2950899662774376,-0.7258848959085092,31.950974862185944
1464,0.303297614567072,-0.13220939828549474,32.078911783718425
1465,0.0613318611750695,0.01106442690589711,32.207603711919035
1466,-0.2645035653758653,-0.08246129325691719,32.33696485863278
1467,0.1292064232978729,-0.3261158590025607,32.4669094357047
1468,0.024171738292151,-0.45152339327191376,32.597351654979775
1469,0.0896704935253334,-0.7278762218283875,32.72820572830306
1470,-0.11232838068959,-0.9270574868299452,32.859385867519535
1471,0.0787415615661423,-0.8895478460403722,32.99080628447423
1472,-0.0608821255318261,-1.071499065480349,33.12238119101218
1473,0.1886891067437593,-1.3227150703012374,33.254025963557474
1474,-0.2311907333140721,-1.5544728855725563,33.385663618886625
1475,0.2633571552661427,-1.3205923808823639,33.51723522561622
1476,-0.0623126352053344,-0.5963956216889097,33.648708256894245
1477,-0.2689481383603033,0.3888773593353054,33.780070779024996
1478,0.2476278176915972,1.111052578229402,33.911319604079004
1479,-0.0250605926202147,1.4826077585583548,34.04245283406186
1480,-0.1134925159346403,1.4100239449554717,34.173468570979175
1481,-0.0491436407704364,1.1547787239338976,34.30436491683653
1482,-0.0774664591100286,0.8823264854704759,34.43513997363955
1483,-0.1096892081670807,0.603897364773256,34.565791843393825
1484,0.1840431942091575,0.3996381776858958,34.69631862810495
1485,-0.0850659198058906,0.268347490027348,34.82671842977854
1486,-0.1982254453980954,0.25123609497792154,34.95698935042017
1487,0.0943330872507197,0.34853742071381877,35.087129492035466
1488,0.2013392666267969,0.6415237767431936,35.217136956630014
1489,0.0979246446524354,0.9650655091381439,35.34700984620942
1490,-0.2486096615184439,1.2518633987391656,35.47674626277927
1491,-0.0874899595249962,1.0811456511798103,35.606344308345186
1492,0.3117520865703297,0.8024458285169123,35.73580208491276
1493,0.3170324433305224,0.547849862181887,35.86511769448758
1494,-0.1909228988995692,0.46663365982429866,35.99428923907527
1495,-0.4647280478016555,0.621413227120247,36.123314820681415
1496,0.4820559064327017,0.8257515522556884,36.252192541311615
1497,0.3593562498774625,0.7697232471510764,36.380920502971456
1498,-0.3957396376512409,0.6362428299846788,36.509496807666565
1499,-0.2310336474229253,0.33311409002039394,36.637919557402526
1500,0.3150353443656971,0.008777801449356304,36.76618685418495
1501,-0.1186297269296986,-0.12566707308974123,36.89429680001943
1502,-0.0786349637703548,-0.2536125331412279,37.02224749691158
1503,0.0886104964221947,-0.29864717667879714,37.150036680256605
1504,-0.0106512094945608,-0.2770076831080309,37.277658892602595
1505,0.0008155746242315,-0.4059149086037519,37.40509933397952
1506,-0.0204765084934286,-0.33185577371594954,37.532332282209374
1507,0.0678718804101162,-0.5371983052940736,37.659326424883965
1508,0.0698262312143943,-0.7258763209513716,37.786050089736975
1509,-0.1239787686724509,-0.5884929745306213,37.91247174320308
1510,-0.1866762352648438,-0.28188361645199117,38.03855985171684
1511,0.2524010314022326,0.28331608688496285,38.16428288171281
1512,0.0123984349134633,0.47799661755401845,38.28960494753252
1513,0.1075656176785487,0.4279638286817216,38.41447055363973
1514,-0.0250255927336332,0.17621526265117948,38.53881033008245
1515,0.171988593549545,-0.21453843374379838,38.66254984019425
1516,-0.2486606574041495,-0.2769532736022369,38.78561393100639
1517,0.2280509625276663,0.024021587922180704,38.90792744955016
1518,-0.1267875870058092,0.2673723441489974,39.02941524285681
1519,0.0604731779595918,0.2095246640827544,39.15000215795766
1520,-0.0153478713220286,0.3157348294380885,39.269613041883936
1521,-0.0175282269483483,0.2993554852814143,39.388172741666935
1522,-0.0030992632010783,0.5174931588631377,39.50560610433794
1523,0.0221390969549149,0.5260229261168605,39.62183797692822
1524,-0.107262638299364,0.5204694318303138,39.73679320646906
1525,0.2056834751257561,0.38391988488255546,39.850396639991686
1526,-0.2404145168855052,0.1878413923580734,39.96257312452743
1527,-0.191707865799027,-0.08153964130851876,40.073247507107546
1528,-0.18871236311811,-0.3336322716452039,40.182344634763304
1529,0.5323933724442271,-0.5621827269702062,40.28978935452597
1530,0.3355411984241171,-0.7210477118509633,40.395506513426845
1531,-0.3457026451704469,-0.6637183133267415,40.49942095849719
1532,-0.7397356492943646,-0.42172188747392103,40.60145753676828
1533,0.7130060241252959,-0.334547119396685,40.701541095271395
1534,-0.5995514842559329,-0.7600449967818523,40.79959648103778
1535,-0.1894082502746494,-1.2361402908241064,40.895548541098755
1536,-0.2643200865424996,-1.1250020359430688,40.98932212248557
1537,0.270719648124899,-1.281561720354397,41.0808420722295
1538,-0.1922969457703308,-1.4477362915914858,41.17003323736182
1539,0.0005633394735983,-1.6873879048759224,41.256824565402326
1540,-0.0311040370231794,-1.760057678457709,41.34116171548089
1541,0.0653251861873248,-1.5383129803425464,41.42298779415522
1542,0.2717350508479799,-1.3439497017462698,41.502214650898296
1543,-0.1067729578493012,-1.491973285648578,41.578746243497875
1544,-0.1361208553477047,-1.446365674394015,41.65248652974172
1545,-0.5497988924162329,-1.0835405750013587,41.723339467417595
1546,0.5796713122314625,-0.8008803265447386,41.791209014313274
1547,-0.5590507624202742,-1.2569483657962612,41.85599912821654
1548,0.5145856733254212,-1.7921994402405377,41.91761376691512
1549,-0.4805213193032207,-1.3754355688935749,41.9759568881968
1550,0.4693270288990033,-0.9102594787483546,42.03093244984935
1551,-0.4707855963734257,-0.39165881328710433,42.08244440966053
1552,-0.1200853435531428,-0.170311381864963,42.130396725418116
1553,0.0035391344189701,0.08176751067116962,42.174693354909856
1554,0.668028789395278,-0.0532670453188121,42.21523825592354
1555,-0.7316238997860038,-0.20031148646091174,42.251935386246906
1556,0.7354275907000616,0.19988370563219504,42.28468870366775
1557,-0.399601405881289,0.826199239907471,42.31340216597381
1558,-0.5773210938764975,1.3693413629236362,42.33797973095286
1559,-0.1637541992697737,1.5754288428770824,42.35832535639269
1560,0.3603788879114073,1.5652781120075436,42.37434300008105
1561,-0.2029591143914466,1.4470224945857666,42.385936619805676
1562,0.1234415239169334,1.2935483027286703,42.3930101733544
1563,-0.2847904881444462,1.599322869629515,42.39546761851493
1564,0.3225047658221264,1.6542823211028337,42.39321291307503
1565,-0.3307340449032703,1.2845840300807567,42.38615001482252
1566,-0.1763345163294266,1.0921417273871696,42.37419278894226
1567,-0.1228564414729087,1.2455464088598336,42.35731003261308
1568,0.3077111079555404,1.326727855118859,42.335561036925604
1569,0.2555059762873186,1.4953893996273435,42.30910462408534
1570,-0.3448463704043131,1.5967004926641089,42.27814587774021
1571,0.3188066357230366,1.7882967616015364,42.24289660267544
1572,-0.2858857261732695,2.3323171224970345,42.20356860367624
1573,-0.071109339854817,2.920735654326976,42.16037368552784
1574,0.2960510686700527,3.1004252783144954,42.113523653015456
1575,-0.3398868281733685,2.636656517249023,42.063230310924354
1576,0.0650209863675423,1.4052735495927533,42.009705464039705
1577,0.4153641599951277,-0.16852507714190923,41.95316091714679
1578,-0.4284701892759712,-1.3453382857548086,41.89380847503078
1579,0.2068436489391168,-1.7887035914160503,41.83185994247694
1580,0.3138999286178538,-1.671427052888332,41.76752712427047
1581,-0.1892285206718003,-1.331793304524823,41.70102182519662
1582,0.0910414128913254,-1.4735972629319325,41.63255585004061
1583,-0.0457417468082126,-1.3165992567794373,41.562341003587655
1584,-0.0896780644478228,-1.3109110261751478,41.49058909062297
1585,0.0793194793382437,-0.9468313952700587,41.41751191593182
1586,-0.2055212972350215,-0.7177999870643696,41.34332128429939
1587,0.4043755264326589,-1.102604526943592,41.26822900051093
1588,-0.4851820654473201,-1.487264803904338,41.19244686935166
1589,0.5356353231616268,-1.6018220187684278,41.11618669560679
1590,0.1727790769205767,-1.5924393609821528,41.039660284061576
1591,-0.5240711867653485,-1.9590082527358945,40.96307943950124
1592,0.2835695099589932,-2.650225476669977,40.88665596671098
1593,0.4371751991406639,-3.077776869616695,40.81060167047603
1594,-0.4185587380483183,-2.836569617533321,40.73512835558164
1595,0.3945362826751534,-2.3149870547609144,40.66045077208575
1596,-0.2471135093065781,-2.0596895968173445,40.58680310612392
1597,-0.0783215977881549,-2.1961379934232825,40.51445959121144
1598,-0.4523041783330909,-1.8814249979835114,40.44372917631661
1599,0.6000406712289673,-1.6949751088572338,40.37493443762827
1600,-0.685694169366928,-1.5727149681805452,40.308409137547464
1601,0.721540770612205,-1.2660258625906144,40.24448509197841
1602,-0.6864101220901885,-0.7570719879831515,40.18348211007334
1603,0.5921636926786549,-0.8278807961469902,40.12571710346833
1604,-0.4802529765271875,-1.371254007272273,40.07150698379946
1605,0.1641210964328821,-1.7452897591356793,40.02116866270279
1606,0.0724021607175675,-1.5574212125319882,39.97501905181442
1607,0.4164896342504005,-1.349864697020812,39.9333750627704
1608,-0.5182079097239816,-0.668345697482867,39.89655360720685
1609,0.5927855844724461,-0.04765718123224155,39.86487159675979
1610,0.0174430464430231,-0.19608898950836606,39.83864594306534
1611,-0.6135146163788171,-0.5346789413807377,39.81819355775956
1612,-0.5039136645005793,-0.2599176879779457,39.80383135247852
1613,0.5222188376208623,0.451904923520838,39.79587623885831
1614,-0.0596983876057793,1.2150532590707779,39.79464512853501
1615,-0.1058070882136411,1.5753521550689789,39.80045493314465
1616,-0.3636990165062971,1.8000764521829165,39.81362256432338
1617,0.0794756603582139,1.896059405934565,39.834464933707224
1618,0.3608544015005799,1.6558466455671352,39.86329895293228
1619,-0.3558815057708703,1.845439972136249,39.90044153363462
1620,0.3323529230017786,2.5314374895479013,39.946209587450326
1621,-0.2313220448589849,3.140402018843532,40.00092002601545
1622,0.265750648640949,3.319359590392951,40.064889760966096
1623,0.0372462240324705,3.524318072029198,40.13843570393834
1624,-0.2761414861070986,3.984266719538878,40.22187476656823
1625,0.2586510429838105,4.295826138353149,40.31552281866304
1626,-0.213020524632347,4.023374186361082,40.419646338271264
1627,0.1358805994870293,3.209789250425456,40.53433015008751
1628,0.0872092458124092,2.613175754830101,40.65961499935749
1629,-0.0409000486282144,1.9953581310527153,40.79554191757549
1630,-0.0855192783293869,2.0533749742855694,40.942144304043815
1631,0.0475202104183401,2.3030725658277933,41.09940722375387
1632,0.0103830992627752,2.342380013403857,41.26723688733337
1633,0.0394634144145666,2.1850148857182723,41.445521699867165
1634,-0.0122658973060999,1.9481158308660187,41.634150066440085
1635,0.0178551637703661,1.5391344440926737,41.83301039213696
1636,-0.098385686040869,1.176394603998248,42.041991082042614
1637,0.2052077214338028,0.6738117373242865,42.26098054124192
1638,-0.2601322277534576,0.38026505293378193,42.48986717481968
1639,0.2725710736537584,0.3588895384855275,42.72853938786072
1640,0.2198322680286296,0.3132821465214838,42.97688558544989
1641,-0.3127233852027036,0.20792921253069518,43.23479417267201
1642,0.2974730590557083,-0.4396266136676586,43.50215355461195
1643,-0.1922884120950418,-1.0465637242594668,43.77885213635451
1644,-0.1524308061274281,-1.3923327744920408,44.06476358061947
1645,0.1975961265069138,-1.3272987071734546,44.359702580666536
1646,-0.1783008513381453,-1.1851682360521114,44.663469087390254
1647,0.1838935715605081,-1.3197566232457847,44.97586305168528
1648,-0.2167163265591678,-1.5799680978870287,45.2966844244462
1649,0.2447652766109559,-1.8604984331785626,45.62573315656761
1650,-0.0021244906611604,-2.290684708282984,45.962809198944136
1651,-0.3564110346607524,-2.4313014678096363,46.307712502470395
1652,0.3623957639065074,-2.532638781947478,46.66024301804097
1653,-0.3342300815097104,-2.8259710171331416,47.02020109864285
1654,0.0460960248127923,-3.0134881890499297,47.387392164237134
1655,0.2113903370657484,-3.103026208361725,47.76163587129597
1656,-0.1092163066218813,-3.1435390282743407,48.14275533489623
1657,0.0363761856021899,-3.336949855716933,48.53057367011474
1658,-0.0217361261762374,-3.743177865852112,48.92491399202835
1659,0.1672611440111716,-4.052860559725103,49.32559941571393
1660,-0.1894850768320986,-4.462967979416195,49.7324530562483
1661,0.2063621019306978,-4.951660130639022,50.145298028708325
1662,-0.2139012033987632,-5.0700562447720925,50.563957448170854
1663,0.1576252739103325,-4.775879593270782,50.98825431936045
1664,0.0643613941465549,-4.492371957233202,51.41801056308665
1665,0.0958030991117931,-4.438848446330034,51.85304534721823
1666,0.0679033295264904,-4.841080236383209,52.29317690685673
1667,-0.3231960983983125,-5.115027286604036,52.738223385002335
1668,-0.1496366826021021,-5.238358863997611,53.187995546599716
1669,0.1878159222128938,-4.820088770645368,53.64227284843247
1670,-0.5328580644598514,-3.4679610270092707,54.100819091469134
1671,-0.3741243360492925,-1.5292716516531444,54.56339598770244
1672,0.6696486600096057,0.6805944620365589,55.02975687795383
1673,0.0297229802381403,2.170657097950682,55.499619921811174
1674,-0.5189811483382345,2.196297212117922,55.97268393622032
1675,0.2954494998354708,0.6959219896923847,56.44862851047214
1676,1.1095234129502016,-1.3566493015455499,56.927125888595356
1677,-1.365545485932914,-2.8423020386896605,57.40784752462257
1678,0.2663002140290943,-3.286765086615517,57.89046487258642
1679,1.5733243534192924,-3.037973739938827,58.37464938651952
1680,0.984528428216901,-2.8746009486714263,58.86007252045452
1681,-1.5495012910423145,-3.176904437381714,59.34640572842403
1682,1.4412211940018698,-4.164541658462545,59.83332046446067
1683,-1.1308487469174069,-5.339639435679667,60.320488182597074
1684,-1.1243273065385924,-6.463253030327256,60.80758033686585
1685,-0.0245667767600814,-6.729701604539548,61.29426838129963
1686,0.7499283897837844,-6.6101521597148265,61.78022376993104
1687,-0.2897375511303931,-6.16538040566228,62.26511795679267
1688,-0.4009604293976392,-5.787661966519598,62.74862239591723
1689,-0.1327479446827615,-5.597660596654482,63.230408541337255
1690,0.0331560419458453,-5.153303889031235,63.710147847085395
1691,0.3924919412518072,-5.05000370844611,64.18751176719431
1692,0.5203399471083372,-4.7025117028049275,64.66217175569659
1693,-0.8082702640802659,-4.365529002544601,65.13379926662488
1694,1.025716827799904,-4.117782581811657,65.60206575401175
1695,-1.303862913605666,-4.152779758284194,66.06664267188985
1696,0.1964226415846615,-4.09362411587654,66.52720147429187
1697,1.0610637517805352,-3.704477367030893,66.98341361525036
1698,2.4868932417132226,-2.891843790511164,67.43495054879794
1699,2.142973248561679,-1.414456977528986,67.88148372896731
1700,-0.0446308136819016,0.8719462038909087,68.322684609791
1701,-3.7733245381467055,3.955099892845036,68.75822464530167
1702,-3.869889416753644,7.932114127221659,69.18777528953197
1703,-4.569134304818284,12.658126308303762,69.61100799651452
1704,-2.171666694462201,16.944072474180302,70.0275942202819
1705,2.55403973463536,19.67875485049788,70.43720541486677
1706,5.048649548784028,19.371837416914246,70.83951303430172
1707,-1.0285514265192088,15.734362893899789,71.23418853261941
1708,-4.598968892211117,10.328065528358636,71.62090336385248
1709,-3.6557071506914975,5.506378168657999,71.99932898203349
1710,1.858555274297891,2.362307884506971,72.36913684119514
1711,2.9532541778225343,1.466739807988326,72.73000601418913
1712,0.6431066593370296,2.7051910024651353,73.08170233819783
1713,-1.1372583689658822,4.3030339435272005,73.42422442543868
1714,-1.2563290666067175,4.778701889423725,73.757627177183
1715,-0.032088087695977,3.4601225929937685,74.0819654947022
1716,0.4852486403996592,1.1374570803326485,74.39729427926768
1717,-0.3781958919431834,-1.1254725402076495,74.70366843215085
1718,0.1860428123437445,-2.9471856669667678,75.00114285462304
1719,0.4844095808310872,-4.394182028786718,75.28977244795564
1720,-0.5562794888764306,-5.573332624543647,75.56961211342008
1721,0.5745067441247654,-6.8452234964124585,75.84071675228768
1722,-0.5516005316883908,-8.601540734141508,76.1031412658299
1723,0.5024523740297436,-10.059392929347808,76.35694055531808
1724,0.148733010053737,-10.200902532077338,76.60216952202362
1725,-0.6172559029258067,-9.421627164292065,76.83888306721786
1726,0.7226763105280112,-8.079812402700286,77.06713609217226
1727,-0.6282788320615479,-6.858704666096636,77.28698349815818
1728,-0.9324465893069614,-4.846033597140014,77.49848018644698
1729,0.963475065983051,-2.735156124293117,77.70168105831009
1730,0.4704216851949263,-0.9170627002137571,77.89664101501884
1731,-0.2857950219737796,-0.16761993587085244,78.08341495784464
1732,-0.712882896323145,-0.36917489173571055,78.26205778805885
1733,0.5848765257314967,-1.1575009326644317,78.43262440693293
1734,-0.238478250187604,-2.1266914655506013,78.5951697157382
1735,0.1717240598680399,-3.0414726756141017,78.74974861574607
1736,0.1932064189195705,-3.429622427147489,78.8964160082279
1737,-0.3079779077772791,-2.7172488866778464,79.03522679445514
1738,-0.1919726995201359,-1.1042631761789603,79.1662358756991
1739,0.3303644613637573,0.5101373854050449,79.2894981532312
1740,0.1655653008289177,1.6293661708482756,79.4050685283228
1741,-0.0382736058456371,1.6552717036003335,79.51300190224529
1742,-0.4648626987730889,1.0115095225029598,79.61335317627011
1743,-0.1491638260372246,-0.027013425631384314,79.70617725166862
1744,0.646042552984958,-0.7275715826971226,79.79152902971217
1745,0.05243023283546,-0.31189492496592064,79.86946469213045
1746,-0.8936241503837268,0.833576002494144,79.94004814788958
1747,1.0124017123117066,1.9242413532333915,80.0033569344549
1748,-0.9815134288876486,2.202032865557584,80.05948056333007
1749,-1.1593592325645197,1.6608323610129996,80.10852687155152
1750,-0.956159391785036,1.025511988711261,80.15064740307378
1751,0.3526926018495214,0.22129173145332426,80.18601566669716
1752,1.1217704845536896,-0.2865787101350523,80.21480822558135
1753,0.7679042084922897,-0.49510585137827956,80.23720164288599
1754,-0.4759918466790821,-0.3773806350916684,80.25337248177075
1755,-0.797300523266558,-0.05619678212873647,80.2634973053953
1756,0.6444131369346596,0.08782163710135404,80.26776522596398
1757,-0.4922668178592922,-0.07416191768123181,80.26642873554053
1758,-0.1683218562483231,-0.2614914904811047,80.25981334672942
1759,-0.120540193624337,-0.2977429600893257,80.24828315371366
1760,0.20365209874499,-0.13582608359748188,80.2321739848525
1761,0.0094214923539893,-0.19117968675338853,80.21175819439941
1762,0.0724556096611733,-0.4097391335702866,80.18728352390912
1763,0.0769099673965134,-0.6259396218353719,80.15902965443885
1764,0.0108714535627298,-0.5782772135133293,80.12740575995059
1765,-0.4024046083613919,-0.1504042726296059,80.092808880991
1766,0.4422018729814383,0.3322190331689744,80.05557909384959
1767,-0.4091821284347688,0.2831599235034227,80.01602220493136
1768,0.148705976734593,-0.41314405155641043,79.97443807482182
1769,0.2827167308214284,-1.1338432949279815,79.93112656410656
1770,-0.392658504257973,-1.363729029113174,79.88638753337115
1771,0.2679224537663298,-1.048443296967441,79.84052084320112
1772,0.2355845108743517,-0.3794108650563828,79.79382635418203
1773,0.348437246302842,0.1449588267976608,79.7466039268995
1774,0.0880806465399069,0.4027659315210539,79.69915342193904
1775,-0.3994304221884299,0.36765572230218535,79.65177469988625
1776,-0.1717469015020101,0.12697928017538374,79.60476762132663
1777,0.4925293160148846,-0.6009613628606955,79.55843204684581
1778,-0.113880760523916,-1.2491870765054154,79.51306783702934
1779,-0.5022245969218101,-1.5167473905046485,79.46897198742646
1780,0.177853595398331,-1.4842644782970225,79.4264108828987
1781,0.4920668215173553,-1.2876010114007606,79.38553418988342
1782,-0.5077870602449525,-1.2685339058849603,79.3463209661299
1783,0.0764722468721021,-1.6751800963317456,79.30870784945962
1784,0.5197743671825626,-1.5424320921514207,79.27265772496887
1785,-0.5427338905404098,-0.4854426724214024,79.2381765629618
1786,0.514615868836041,0.7001140396028672,79.20527009156109
1787,-0.1324086999657435,0.9284753547078107,79.17393334525792
1788,-0.3599873078528995,0.6858281099330483,79.14415919791985
1789,-0.2284052506774087,0.24246472726300256,79.1159405234144
1790,0.2201092118838332,0.23062059250703265,79.08927019560915
1791,-0.1273585015133895,0.17321741314184091,79.06414108837154
1792,0.2048445277714219,-0.05539060334062329,79.0405460755692
1793,-0.3151011972295757,-0.2633768338400131,79.01847803106959
1794,-0.01937993969047,-0.7085498890498075,78.99792982874027
1795,0.5652936533616184,-0.9441879958103941,78.97889434244877
1796,0.3343910838538897,-1.0357555299165109,78.96136444606263
1797,-0.8329046670876316,-0.8724283463617785,78.94533301344941
1798,0.8865685272048487,-0.6073614456814191,78.93079291847656
1799,-0.8866206111103648,-0.7811164239013209,78.91773703501168
1800,0.588013593988653,-0.9241718309109488,78.9061582369223
1801,0.7732456516788946,-0.6492966500208053,78.8960509983419
1802,-0.7068985011538875,0.08947759639409686,78.8874209047598
1803,0.5883364845773834,0.5413698010091111,78.88029371441351
1804,0.4594546578290164,0.17585122638577919,78.87469411578522
1805,-0.4274896269174063,-0.1331185738762276,78.87060820079364
1806,0.3051552600775606,-0.1130905954029066,78.86793533532534
1807,-0.0897341750898316,0.21319477297079809,78.86653940211903
1808,0.0880337416982371,0.3256843489522094,78.86628190934955
1809,-0.00856831682498,0.3315374733904898,78.86703084343449
1810,0.0012130903087513,0.3901322654693557,78.86865464422189
1811,-0.0006490700428452,0.44963487930637014,78.87101419073647
1812,-0.0340860401101355,0.5501346561372861,78.87395138397285
1813,0.1309819975169265,0.47174283003218304,78.87727517245091
1814,0.2470146494789009,0.2322225334137456,78.88076281710735
1815,-0.4372713025395099,-0.1968881630223455,78.88415946556185
1816,-0.290862577881197,-0.4863127802568279,78.88717535813802
1817,0.6649916893288963,-0.7245059925573489,78.88951430322845
1818,0.0098234740743543,-0.8407078996518158,78.89088442557747
1819,-0.4505427139282326,-0.7104556129505449,78.89099832687879
1820,-0.7605642060552615,-0.5090214217334739,78.88958562778875
1821,-0.8548879112402843,-0.2315073191550764,78.88639523039537
1822,0.8060463868879812,-0.1372415205487666,78.88119513366078
1823,-0.6975905958236577,-0.14619634135166487,78.87378693717532
1824,0.5566712510152472,-0.10066620754718983,78.86399495653193
1825,-0.2935733364124344,0.14190009508811433,78.85167324132433
1826,-0.1864863418818328,0.07972941774290293,78.83675692413894
1827,0.1345625953470851,0.036231641715058105,78.81920576293786
1828,0.1136804917201123,0.26733270500678263,78.79898680327311
1829,-0.3138545352171346,0.39778530864593187,78.7760692265712
1830,0.0910026636815086,0.8585681964382206,78.75042913988027
1831,-0.2465440995065886,1.344499631176599,78.72204446832998
1832,-0.7205522342044367,1.2496590971545025,78.69089313704994
1833,1.35088583124456,-0.6578389024143754,78.65695307116981
1834,-1.516374834591568,-2.3938273612276735,78.62020219581925
1835,1.5575530008310308,-1.5381736201971332,78.5806206193661
1836,-1.442791005549666,0.2545834513093011,78.53820755424037
1837,-1.0565442363942692,0.9535319524796538,78.49301228391462
1838,-0.0342538899267629,0.5691322487075572,78.44512164121922
1839,0.8257624622359374,-0.23039758368852975,78.39463512145258
1840,-0.6195574072472869,-0.6320963774404996,78.3416537846878
1841,0.4671558772018613,-0.47343399652714063,78.28627811932529
1842,-0.3653643334460259,0.14674349656404445,78.228620836882
1843,-0.053639685563705,0.6447718365401244,78.1688678490236
1844,0.234670210613088,1.2180456957409844,78.10728409364594
1845,-0.0888482689302294,1.494695859136372,78.04415240979387
1846,0.1129792021926606,1.2272809331721315,77.97973986463519
1847,-0.3324713585206846,1.058164802615714,77.91430655590496
1848,0.2066061995638962,1.0052825661393299,77.84811123429678
1849,0.2840183722011583,1.2445691502559173,77.78141247754291
1850,-0.4827264455894244,1.0482575822136253,77.7144688633758
1851,0.6770242134460397,-0.2745631829737584,77.64753896952772
1852,-0.6970775685881141,-1.1538038051428519,77.58088137373096
1853,0.6622158213178747,-0.5969704750358064,77.51475465371793
1854,0.2100622996129635,0.45052031316607505,77.44941738722096
1855,-0.5468873203608091,1.0817591683884464,77.38512815197237
1856,0.5467521212324288,1.3611023530631094,77.32214552570447
1857,-0.599536947052304,1.498808860902682,77.26072808614963
1858,-0.3460329725052632,1.4248985614650769,77.20113441104019
1859,0.7435270598620125,0.21284986202951364,77.14362307810848
1860,-0.7322323631968582,-1.80622030188994,77.08845266508679
1861,0.6197094143846618,-2.995591164092212,77.03588174970756
1862,0.3475030607567504,-2.72367197045976,76.98616890970301
1863,-0.4087921051031477,-1.4407800601452494,76.93957216524839
1864,0.3328006341469181,-0.11912419223236681,76.89632355808544
1865,-0.3309567262486623,0.5844294454484166,76.85652728080024
1866,0.4117398496860234,0.6481255101140124,76.82013464019997
1867,0.1055364184120101,0.12739827183836244,76.78706530974964
1868,-0.5986293434505193,0.021393099057540443,76.75723624439297
1869,-0.8244767774525553,0.21393690058934137,76.73053987686323
1870,0.9141817181237252,0.6689817151032383,76.70683656677303
1871,-0.9146305303645076,0.648650745629747,76.68597978473477
1872,-0.0216494117806875,0.19382641042013424,76.66782300136055
1873,0.7455708244808708,-0.3877905117435638,76.65221968726269
1874,-0.082032427023941,-0.42699088602941604,76.63902331305334
1875,-0.5015772631513589,-0.0965100861934702,76.62808734934482
1876,0.3974118526768698,0.40332288057375343,76.61926526674938
1877,-0.3168818853373651,0.8244713494581835,76.61241053587918
1878,0.2557647385220583,0.4868586341314406,76.60737662734651
1879,-0.1802669059808488,0.09624989421728353,76.60401701176356
1880,-0.0243933102172761,-0.16779184952536602,76.60218515974265
1881,-0.0069181913623765,-0.3548163505335275,76.60173454189591
1882,0.0947074643564671,-0.6472260931921037,76.60251862883564
1883,-0.1128372234380581,-0.8815443107560842,76.60438153419413
1884,-0.108415201935473,-0.5987075654841651,76.60712276741965
1885,0.2978692919389493,-0.06837501325208595,76.61050572131313
1886,-0.3993594878672428,0.6950650938957539,76.61429439397148
1887,0.5052385083497124,1.0065067627686406,76.61825472888164
1888,-0.5924459829016103,1.050293313371128,76.6221526695305
1889,0.1754387931709445,0.8388070474241781,76.62575415940489
1890,0.650227330059914,0.6009475279482892,76.62882514199178
1891,-0.5210481085146852,0.21991654773656938,76.63113156077812
1892,-0.4169196789993312,-0.005519680251406492,76.63243935925074
1893,-0.1671068351322059,0.034592354235613354,76.63251448089659
1894,0.4438961243595829,0.1649810064378302,76.63112286920258
1895,-0.2715833512926421,-0.016447116362976133,76.62803046765563
1896,-0.1379761020921596,-0.20502711765046105,76.62300321974261
1897,-0.4051698951793174,-0.020637173771134498,76.61580706895046
1898,-0.697975403041147,0.1517674442750797,76.60620795876608
1899,1.0641759417854333,-0.3481477744617753,76.59397183267635
1900,-1.2195289079504472,-1.0793357262177703,76.57886463416821
1901,1.3014317117447172,-0.8620883881917054,76.560656676447
1902,1.0856665824586909,-0.4848693155742576,76.53920273311557
1903,-1.2873174594675274,-1.0573249239415017,76.51464238340903
1904,0.0219982902169565,-2.339230517574726,76.48723222735777
1905,1.1540817155984997,-2.801323090408554,76.45724137481005
1906,-1.0767925009243704,-1.1581464346897485,76.42493893561412
1907,0.9915104404389468,1.0378955399428365,76.39059401961822
1908,-0.0840439462476247,1.759568209577031,76.35447573667061
1909,-0.7777769728838899,1.2609237762643564,76.31685319661953
1910,-0.2179722739065263,0.6799767645932834,76.27799550931323
1911,-0.4970272610029591,0.6388554764029917,76.23817178459996
1912,0.4510624958005597,0.8312863718714368,76.197651132328
1913,-0.0573759254980512,0.6506732631524611,76.1567026623456
1914,-0.3378249079218136,0.43222942342083703,76.11559548450097
1915,0.3014020559103841,0.4539992354472251,76.0745987086424
1916,0.2017182521532558,0.7043003032286468,76.03398144461809
1917,-0.3988956965633503,0.8348828942869853,75.99401280227636
1918,-0.299094283728296,0.6441323922628542,75.95496189146544
1919,0.6060957748438099,0.2168064031226582,75.91709782203353
1920,-0.6776725525580675,0.007003857154732396,75.88066869540333
1921,0.7023033752013323,0.33184919538065216,75.84584742941803
1922,0.5725274176350011,0.8646489012275682,75.81282368113744
1923,-0.697946174064525,1.386140827723599,75.78180534634092
1924,0.4201397147355984,1.7568576173074502,75.75300266795696
1925,0.4941901606934968,1.7091839503925144,75.72662588891399
1926,0.6952403504402922,1.2518743974191686,75.70288525214053
1927,-0.8268093808017221,0.2848183802366768,75.68199100056503
1928,0.973278294394478,-0.29743167151041183,75.66415337711594
1929,-0.1375903705208516,0.14800774579912213,75.64958262472172
1930,-1.22543799701956,1.2269490107086933,75.63848898631086
1931,1.2237443188476402,2.0451729763405417,75.63108270481185
1932,-1.1038318034130057,1.4562577802599708,75.62757402315304
1933,-0.6921217089130258,0.3439485246499798,75.62817318426303
1934,0.4999835659685426,-0.613073997038809,75.63309043107026
1935,0.4388985330982188,-0.9614345396013726,75.64253600650315
1936,-0.3648255719113795,-1.0818945815788523,75.65672015349023
1937,0.2808272635929323,-1.5266803785528054,75.67585311495988
1938,0.176020093645108,-1.5961652274857472,75.70014513384065
1939,-0.5416058437062317,-1.1082006093547403,75.72980645306097
1940,0.614624860667395,-0.7696721762166997,75.76504731554931
1941,-0.6076415544357946,-0.9684364097983409,75.80607796423415
1942,-0.2372210937847796,-1.4558875482591305,75.8531086420439
1943,0.0896683911159506,-1.616017983023088,75.90634959190713
1944,-0.1086466521199384,-1.6473648744634974,75.96601152658343
1945,0.168728961778635,-1.6210211756420123,76.03229221386337
1946,-0.0020655374808667,-1.8232619312074283,76.1053274686883
1947,-0.045832975919925,-1.9593620096468127,76.18519498556675
1948,0.1164758767778337,-2.0882996274131527,76.27182375063532
1949,0.1030122590433536,-2.158030272923953,76.3650180138806
1950,-0.1394618054899766,-2.1850805474774404,76.46454235296741
1951,-0.0342870471017151,-1.9658699819750278,76.57015702907674
1952,-0.5555612282988587,-1.3260610750906308,76.6816223033895
1953,0.6103624241797152,-0.5390608612663598,76.79869843708666
1954,-0.1898330732453075,-0.38131261810386385,76.92114569134917
1955,-0.542836201135168,-0.40588812622285075,77.04872432735802
1956,-0.2582990261428979,-0.7028955801512021,77.1811946062941
1957,0.2484476519183373,-0.7167644412567685,77.31831678933844
1958,-0.1108886106255715,-0.6389625270463875,77.45985113767196
1959,0.1329088676805904,-0.5284667801561738,77.60555791247559
1960,0.0349309557802917,-0.5601283307106169,77.75519737493033
1961,-0.0076830766331786,-0.6408467095839265,77.90852978621712
1962,0.1491037393187431,-0.7544191468356367,78.06531540751688
1963,-0.0812625287116403,-0.7440519712989964,78.22531450001065
1964,-0.1605222468709253,-0.4177650780084008,78.38828732487931
1965,0.2025754672697503,0.10343038942640112,78.55399414330384
1966,-0.114570058353707,0.7423748418885043,78.7221952164652
1967,0.186280682315912,1.0410685121397525,78.89265080554435
1968,-0.2195931345644261,1.1644719628422044,79.06512117172224
1969,0.2013527777073224,1.339280646112867,79.23936657617982
1970,0.050263161928378,1.2545895579735933,79.41514728009803
1971,-0.1682324317645841,1.1760088871067276,79.59222354465784
1972,0.1763108384370121,0.7333335305227413,79.77035563104025
1973,-0.1606818927197409,0.33137809229357995,79.94930380042616
1974,-0.0105217146528213,0.2916934006562749,80.12882831399654
1975,0.0622268770617506,0.35908369000591644,80.30868943293234
1976,-0.032110728377769,0.2834633099632349,80.48864741841453
1977,-0.0108747920674302,0.23241226044338337,80.66846253162406
1978,0.0074719895643902,0.10463297669370686,80.84789503374189
1979,0.0348791694350376,0.07841564461598338,81.02670518594898
1980,0.0610934056126229,0.08425342539313907,81.20465316899424
1981,-0.0630781331517659,0.05157931660653148,81.38149881654525
1982,0.0034827339338757,0.059512969439348806,81.55700429662677
1983,-0.4202115492713834,0.43926826606011726,81.73094328321127
1984,0.5376397825319389,0.7992623850339393,81.90309783243411
1985,-0.6481464887150798,1.5948950217939863,82.07325146692108
1986,0.7308592820275776,2.2279530086745676,82.24118770929785
1987,-0.5834044028554517,2.426714320665386,82.40669008219005
1988,-0.7476081437575812,2.2280649761526767,82.5695431676049
1989,0.1261883445291329,1.8942767671133192,82.72953488835755
1990,0.6570426972237413,1.2265066630031443,82.88645063977312
1991,-0.345028473221977,0.5649535527631837,83.0400749204588
1992,-0.4343311003393549,0.08413887131752473,83.19019222902183
1993,0.3295347347431324,-0.08612179881256005,83.33658706406942
1994,-0.125115579862062,0.10607165565326829,83.47904392420878
1995,-0.0084316457014592,0.1110843376543231,83.61734730804714
1996,0.0160203751839791,0.152697910624342,83.75128171419166
1997,-0.1055817403329451,0.0849500990833047,83.88063164124964
1998,0.112623003508689,-0.21780459133694058,84.00518158782825
1999,-0.0963915443695088,-0.4583245081651816,84.12471605253468
2000,0.2008677655275947,-0.789887299503769,84.23901953397618
2001,-0.2462062664255176,-1.1016702643344398,84.34787653075995
2002,0.1548155832908735,-1.1058871247840925,84.45107154149322
2003,0.1328714524119299,-1.0712605171951428,84.54838906478321
2004,-0.2291024102913181,-1.090511188945769,84.63961359923708
2005,0.2113805555339503,-1.1759101989960423,84.72452964346209
2006,-0.1948174765325933,-1.26810421953288,84.80292169606548
2007,0.1444231750607741,-1.1990080274369619,84.87458485237619
2008,-3.343403620243523e-05,-1.0593325420266297,84.93936597606282
2009,-0.0514280633841753,-0.9157423531684515,84.99717041655263
2010,0.0373376010261009,-1.0253043700962778,85.04796676907017
2011,0.3505167470648057,-1.052302723942582,85.09178597687779
2012,-0.52991485220179,-0.4287658987015868,85.12868075090338
2013,0.649309008412491,0.411984850455941,85.15870614113157
2014,-0.7574255296974255,0.2155083321503808,85.18191719754705
2015,0.8271990214004161,-1.1155679915349168,85.1983689701345
2016,-0.8309282019847515,-1.6271883068937525,85.2081165088785
2017,0.7581054493203361,-0.3393203130841078,85.21121486376377
2018,-0.6100803286567794,0.7123612438818332,85.20771908477495
2019,0.0089102363494843,0.8734055417538162,85.19768422189671
2020,0.1779698782160994,0.8808647966702364,85.18116532511365
2021,-0.1526947090341154,1.0944772646236163,85.1582174444105
2022,0.3282851876513123,1.0328191825768496,85.12889562977183
2023,-0.4171411302979395,1.1638861991155556,85.09325493118239
2024,0.1814608609733681,1.4171887403998684,85.05135039862677
2025,0.5989172927578136,1.3578456251525337,85.00323708208964
2026,0.6369931787627604,0.404036789681547,84.94897003155569
2027,-0.7917290986157243,-0.7468751983938293,84.88860429700955
2028,0.6400290247615074,-1.2522256627769606,84.82219663801544
2029,0.6018032959921075,-0.8316236276702962,84.7498203316782
2030,-0.0227596213149846,-0.20883161506329018,84.67159123637826
2031,-0.2669494270396311,0.1593034315118803,84.58764599552777
2032,-0.2490735447612641,0.13093163930654222,84.49814190545473
2033,0.2379138843207442,-0.3311880700454054,84.40327418572465
2034,0.7836410856703362,-0.3768898969606459,84.3032488112903
2035,-0.1264892953859499,0.32823206328314475,84.1982572321028
2036,-1.1644659615601916,1.7260019133815248,84.08846404817868
2037,1.3161205679826145,2.6998693040501656,83.9740101279672
2038,-1.4451222208530563,2.090093007910149,83.85502921294291
2039,0.0715860405708572,0.15675955974055783,83.73165439968858
2040,1.4016292325752933,-1.6156480173624033,83.60401878478712
2041,1.5614425336582685,-1.3036979984796386,83.47225546482136
2042,-1.518941577077587,1.2924440407034448,83.33649753637414
2043,1.3837828619960593,2.9193390419756065,83.19687809602834
2044,-1.1974425370217467,0.9339122966549573,83.0535302403668
2045,0.7752875745588518,-0.8818746405312371,82.90658706597239
2046,-0.6888699412485987,-0.5773117281793143,82.75618166942792
2047,0.9509722866880272,-0.4834194340043162,82.60244714731628
2048,-0.881798583065259,-0.2037180131550646,82.44551659622032
2049,-1.2400414152065136,0.4145183024835891,82.28552311272293
2050,-0.4951081508308224,1.3425083574239582,82.12259979340686
2051,1.3974710804861663,1.5956491846587986,81.95687973485504
2052,-1.2948717862644794,0.39637575261414637,81.78849603365033
2053,-0.5478564049543851,-0.7697253814211868,81.61758178637557
2054,0.4360731847953229,-1.4503432744089138,81.4442700896136
2055,-0.0054326722428326,-1.8132613677044298,81.26869403994726
2056,0.4277428623748648,-2.188729596334332,81.09098673395947
2057,-0.1680551706668654,-2.3332260975661225,80.91128126823298
2058,0.9008302430887608,-2.4905409824395157,80.72971073935076
2059,0.8186521659343556,-2.2350604098299423,80.5464082438956
2060,-0.6608271375339901,-1.3506797409163296,80.36150687845031
2061,-1.787310413019528,0.04217067342168468,80.17513973959784
2062,1.903281989988333,1.3992780860907255,79.98743992392095
2063,1.8616006401708989,1.6298588318265028,79.7985405280026
2064,-1.7641163575660892,0.47554170914054017,79.60857464842555
2065,-0.8967039034063321,-1.0409714783663453,79.41767538177268
2066,1.209980194010216,-1.705954865676194,79.225974671666
2067,0.328980625270562,-1.4725804751545324,79.03359984988397
2068,-0.5799463854668877,-0.740730709777357,78.84067709524425
2069,-0.3328570521067684,-0.4544762149810508,78.64733326708782
2070,0.5010594964408059,-0.6447564439829746,78.45369694754216
2071,-0.1548854278260088,-0.8050050795259265,78.25989050735194
2072,-0.2104369606878474,-0.6055814349076634,78.0660183955955
2073,-0.8867390514725066,0.034587244586207655,77.8721518068863
2074,0.9986515896990932,0.7130317886556115,77.6783166216453
2075,-0.5949758054593473,0.15046351954034276,77.48451228591901
2076,-0.9824298839219628,-0.9382846014134342,77.29071448533541
2077,0.0175802269437431,-1.5344201585831745,77.09683993163944
2078,-0.0484007255559289,-1.2743881659552554,76.9027888915112
2079,0.7676404365327288,-0.9860939318878648,76.70845349535513
2080,-0.1586505405524195,-0.9850732989544794,76.51372383950691
2081,-0.2258710160047206,-0.7726190042973173,76.31849002030202
2082,-0.7527392774610497,-0.2799147123050785,76.12265398976614
2083,0.6064696835099891,0.24736519380496022,75.92616512268505
2084,0.7267427615141157,0.3242689988886494,75.72898823959723
2085,-0.2570320872800569,-0.04407043401136011,75.53110252129142
2086,-0.6012312056121176,0.038740466993143874,75.33249073861897
2087,0.5022750442720386,0.6145892932967221,75.13313566243124
2088,-0.4710738662470038,0.63805937059447,74.93301449565254
2089,0.5530592984702654,0.094862022021795,74.73207867950794
2090,-0.7448733580857103,0.23461458153336512,74.53025877655233
2091,0.960143617147546,0.10237992661666417,74.32747645623579
2092,-1.0795430879365626,0.3058938085232483,74.12364927941331
2093,1.0391553162500695,1.722156795801864,73.91868788794807
2094,-0.8599942058440295,1.7174626139826992,73.71253159186132
2095,0.0259046194129062,0.7689019034343714,73.50519347715272
2096,-0.4529067019278565,0.516166070401515,73.29674063152633
2097,0.7244536227738934,0.3082964783323751,73.08724989889373
2098,-0.8626088938001504,0.44581077063360125,72.87679812316654
2099,0.9853245374887252,1.3392133142549234,72.66546214825634
2100,-1.0360501604971817,1.6527313424224237,72.45331881807475
2101,-0.4482834335135345,1.0378384569802128,72.24044497653333
2102,0.9685720369424932,-0.16548950448624813,72.02691746754375
2103,-0.9305681551559292,-1.8622449798616394,71.81281313501758
2104,0.9243436309209504,-2.932552453787346,71.5982088228664
2105,-0.933416765050503,-1.7697646099513382,71.38318137500184
2106,0.9145345001334084,0.3576578645311005,71.16780763533549
2107,0.8752168256607624,0.9826187265602468,70.952164447779
2108,-0.7785151035053446,-0.047813552738555365,70.7363286562439
2109,0.6579821710715656,-1.2083592757133634,70.5203771046418
2110,0.2083516511478111,-1.3127614387036004,70.30440978755578
2111,-0.450277082873898,-0.8283484600834892,70.08862554295737
2112,0.3544292339500024,-0.5177109846788681,69.87328175072886
2113,0.2762520781423169,-0.5049381511932238,69.65868607305092
2114,-0.5718342561909524,-0.7433316558767193,69.44516591206767
2115,0.0825263048268767,-0.9655801396486757,69.2330538348218
2116,0.8481168184959587,-0.7208123049133113,69.02269548641735
2117,-0.9444122542976362,0.19996598531398493,68.81444626898364
2118,0.972357655740028,1.04898485220948,68.60865749205048
2119,-0.1432559651660079,1.327598790426434,68.40565717473957
2120,-0.610306173756791,1.0045386601863058,68.20576751357048
2121,-0.68055321469103,0.8912425096282868,68.00931070506275
2122,0.6979958889652845,0.9553961932780514,67.81660791775667
2123,-0.4476312554408423,0.34965954500748714,67.62797171043336
2124,0.2308659629746309,-1.1245594888988557,67.44369352592423
2125,0.2502458059128449,-2.0242852314043107,67.26403942549146
2126,0.7835333188951541,-2.1327525461551105,67.08921922725995
2127,-1.3910673087628642,-0.3183463141767851,66.91941362293964
2128,1.5819771350823142,2.0932237179520845,66.7547991469656
2129,-1.607754884813036,1.802202551040192,66.59555233377284
2130,-1.4553858971778098,0.02353617938139551,66.4418497177964
2131,0.8580020171167471,-2.0018698505880783,66.29386783347132
2132,1.336195044180576,-2.077978259413212,66.15178321523264
2133,-1.161554261011771,-0.24421813650357282,66.01577239751535
2134,0.8959821367429366,1.1280059485025944,65.88601191475448
2135,-0.6536550005082978,0.21097669912321076,65.76267830138508
2136,0.4842829003556042,-1.1002309921977877,65.64594809184219
2137,-0.4036331634066146,-0.4423646571541738,65.5359978205608
2138,0.378712481350634,0.22828349667340808,65.43300402197596
2139,-0.3545373187450775,0.027409902674832842,65.33712741607025
2140,0.3002342161780785,-0.518684076090391,65.24844985991231
2141,-0.1905507929446048,-0.7364185264786854,65.16696931942329
2142,0.0251113586639197,-0.5977508225419512,65.09263946387803
2143,0.0608198244158262,-0.3361955942883394,65.02537576987251
2144,-0.05679327293461,-0.22825046210484629,64.96504373503947
2145,-0.219141117057051,-0.21231311332529323,64.91145423038235
2146,0.0866813527742785,-0.40107650240757303,64.8643951496333
2147,0.4827298523463501,-0.6463812019941195,64.82365134964776
2148,0.3797545181280696,-0.6687622054093694,64.7890076872813
2149,-0.266951515474095,-0.3332975039152706,64.76024901938936
2150,-0.9883086805534688,0.2811564761404337,64.73715220441305
2151,1.034805620280834,0.8257336164609832,64.71946076325818
2152,-1.0113951549358131,0.3144903120291572,64.70690484290667
2153,-0.2153963230535426,-0.35381692340936166,64.6992132464629
2154,-0.4004076537395209,-0.1657071232917831,64.6961147770313
2155,0.7604937353374859,0.21216802694622078,64.69733823771628
2156,0.5366798515215316,0.06070771685616948,64.7026124316223
2157,-0.0956572759114231,-0.46600951372125243,64.71166678963269
2158,-0.0199977258879446,-0.534236318231246,64.72423404411919
2159,-1.0757527881575015,0.6256989567667873,64.74005383139072
2160,1.2619748761920242,2.0591455570161545,64.75887956679182
2161,-1.4329276240741806,2.1424560655072296,64.78047155856694
2162,-0.5024602014013827,0.6678636974847585,64.80459650391663
2163,1.6123184612592092,-1.3633392725751292,64.83102081131591
2164,-1.5860490706610533,-2.7034670551716053,64.85951612583266
2165,1.4816183843538568,-1.9514804500909155,64.88986206573706
2166,-0.2479662109761335,-0.40387930185403054,64.92184551283016
2167,-1.14049527539172,0.7152348204574386,64.9552604549343
2168,0.9659323019765488,0.6441608942430417,64.9899068037804
2169,-0.8200171818265494,0.014432759301880108,65.02558442252467
2170,0.1071470101141691,-0.5792398542694491,65.06209284415529
2171,0.626177231164739,-0.9154095248797259,65.09923229371499
2172,0.0281000134533702,-1.1749115614498584,65.13681154799649
2173,0.2653263336872919,-1.2999974362668127,65.17467110257952
2174,-0.5618708965949507,-1.2208243079927723,65.21269520458772
2175,-0.6086525113897219,-0.49215096457821955,65.25080347596796
2176,0.3667414706313252,0.48432902569138475,65.2889295036773
2177,0.664524727419903,0.7484662956434545,65.32700897693664
2178,-0.6561126529076085,0.10113422630453384,65.36497842660309
2179,0.3792017679446592,-0.661976361887476,65.40277459394282
2180,0.3503112211228659,-0.8806454413449568,65.44033422022208
2181,-0.1760032990605684,-0.6115907476464055,65.47759404670697
2182,-0.2106315133168853,-0.30385930134685524,65.51449081466374
2183,-0.0063814543731419,-0.2545786817859881,65.55096013615915
2184,0.3923039296713291,-0.4792360750171667,65.58693214534584
2185,-0.3598969997565276,-0.7324322539176344,65.62232925367417
2186,0.2396429273546801,-0.5867034744993849,65.65706054714471
2187,-0.0241216026059982,0.18309652418014627,65.69102507842584
2188,-0.2715446049686474,0.707434297151918,65.72411030781673
2189,0.1199844957184659,1.0138274245418626,65.75618807973967
2190,0.4646360787530142,0.6382439016455161,65.78712001960147
2191,0.5584139883696049,-0.2051811658207071,65.8167671774511
2192,-0.6987806666062375,-0.7762144205642023,65.84499508717045
2193,0.6218136664828028,-0.2634985978268231,65.87168493134402
2194,-0.573769936253185,0.7370806294669878,65.8966893067862
2195,-0.1500793389730616,0.9703365820023322,65.91974275697072
2196,0.7329450532295485,0.6465125317253134,65.94054241504512
2197,-0.7282098640568937,0.2694341455900877,65.95877571846681
2198,0.7205450850555704,0.46532682593000063,65.97412808901443
2199,-0.7224711893846929,0.3161871202301827,65.98628406915452
2200,0.0330939373439495,-0.4680186214486154,65.99492468410467
2201,0.7819321796998973,-1.1216641987733436,65.99973201907345
2202,0.3331174363712732,-0.9935133528531686,66.00039591648189
2203,-0.4860497442950531,-0.38056962655481497,65.99661937084986
2204,-0.9391302662245932,0.2909766356543652,65.98815363057022
2205,0.9696414728355072,0.2855856912487471,65.97477283591576
2206,-0.9708449735651528,-0.3254012716131134,65.95624624517826
2207,0.9397216795390116,-0.852058181855738,65.93233650231672
2208,-0.4733988569387615,-0.7193914691022911,65.90279032604104
2209,-0.825995407367831,-0.3313514086224167,65.86734681599025
2210,0.7586433328391047,-0.20445119253610972,65.82580785969701
2211,-0.0520339640761182,-0.18598178941637572,65.7780157534925
2212,-0.5274754249565156,-0.0464474560933808,65.7239228810499
2213,-0.4805606525619075,0.02698848928937901,65.66357216327253
2214,0.4189631276348695,0.3740214006621415,65.597015471703
2215,0.7195586729013693,0.5361711576295918,65.52427016946903
2216,-0.4861580068791706,-0.04917180251290108,65.44532980939208
2217,0.2366867610838668,-0.5768572962802129,65.36017053519635
2218,-0.9466452593015064,0.5578803473320244,65.26876491196948
2219,0.9115851306018222,1.587329364598942,65.17108550479925
2220,-0.7857499628748607,0.5786450841016287,65.06710487877324
2221,0.5233323866285496,-0.59012798560773,64.95679559897917
2222,-0.374380775567074,-0.4157527612855681,64.84013353685265
2223,0.4680255024113646,-0.4751428265751579,64.71711732416378
2224,-0.4969775984973725,-0.3808114929878889,64.58778909148526
2225,0.5398899101934186,0.22790137474279598,64.45220871506378
2226,-0.5429004530157031,0.2724623291868605,64.31043812382886
2227,-0.5686551209907504,-0.21388412571920573,64.16253924670995
2228,-0.053624315280833,-0.5649496973557709,64.00857401263661
2229,0.0999228604191012,-0.5785272109574213,63.84860435053833
2230,0.8547946220242515,-0.4774868113688373,63.682692189344586
2231,-0.032579619279784,0.07168016129486521,63.51089945798492
2232,-0.4747328240549071,1.0214447386661085,63.3332880853888
2233,-1.1148901060024388,2.154970105516671,63.149920000485764
2234,1.0410401255851824,3.5381027422095253,62.960857132205305
2235,0.192116308570081,3.651722281953017,62.76616140947691
2236,-0.6622573016662866,2.776362540436205,62.565894761230076
2237,0.4430287201578549,1.7368521634478107,62.36011911639433
2238,-0.1169108469955629,1.1380144430963797,62.14889640389919
2239,0.1010915096942765,0.7466115968243199,61.93229689348139
2240,0.2198136428607005,0.9197585034989153,61.71042785364038
2241,-0.4862615016827138,1.8928406542614233,61.483420847421286
2242,0.5997399438602073,2.738843336319528,61.25141671982027
2243,-0.6748721682559131,2.7903144408179115,61.014557727438
2244,-0.4410079253930449,2.4580090839529785,60.77299884144007
2245,-0.1588157088239925,2.2218656849497003,60.5269500238743
2246,0.1790028303003179,2.13434359769777,60.276653572001926
2247,0.6177256465967828,2.039906077054545,60.02236827634867
2248,0.0884674130022204,2.037176569396912,59.764356017600875
2249,-0.5442819650516089,2.351403288606725,59.50287867644489
2250,0.5171872514158362,2.914614615017081,59.23819813356708
2251,0.1909636740751491,3.5084600562710433,58.97057626965381
2252,-0.4934166886875777,3.9531417232961408,58.700274965391436
2253,0.5005267197998561,3.8619171787338478,58.4275561014663
2254,-0.5259917188865346,3.5833101603217785,58.15268155856476
2255,0.1009831972532127,3.213103585373612,57.87591321737318
2256,0.6500105237385418,3.1124765176835423,57.59751295857791
2257,-0.3036145823068142,3.22587191944151,57.31774266286531
2258,-0.8673975006908469,2.94053328976913,57.03686421092172
2259,0.9923887512361608,1.662471765330315,56.755139483433524
2260,-0.4171075095223877,-0.21572285156465176,56.47283036108705
2261,-1.1773577959283237,-1.4128409286403403,56.19019872456867
2262,1.1870401443444574,-1.8245465989091962,55.90750645456474
2263,0.4027498348749646,-1.557765266636554,55.6250154317616
2264,-0.9984426991790304,-1.4045448376665917,55.34298753684562
2265,0.8255815197721997,-2.0272661702753543,55.061684650503146
2266,0.3131875037979139,-2.9545561572184575,54.78136865342054
2267,-0.4223419523393495,-4.249959473944817,54.50230142628417
2268,-0.0749000868013255,-4.9898447629790565,54.22474484978037
2269,0.3449849008860657,-5.253945705481572,53.94896080459551
2270,0.0156388558135982,-5.440850027229528,53.675211171415924
2271,0.3654996049176916,-5.269257435845678,53.403757830927994
2272,-0.9162333473647188,-3.7186293164533484,53.13486266381807
2273,1.1448808076545165,-1.723668358427,52.86878755077248
2274,-1.2769736885054366,-0.8388206839722028,52.60579437247764
2275,-0.3836189234937192,-0.6025205937681399,52.34613951726186
2276,0.725156802223856,-0.8852100619469685,52.090053259723106
2277,1.0932581437518147,-1.3009893712710885,51.83773122751927
2278,-0.9247124895350196,-1.9045978252032494,51.58931031473826
2279,0.6848525906353682,-2.3097509629968664,51.3448983723615
2280,0.4945691190373467,-2.4391737900289225,51.10460467099157
2281,-0.0359288568478731,-2.0226226244216585,50.86855148126954
2282,-0.3477923867754308,-1.3890717737818896,50.636864160557316
2283,0.226065498586868,-0.585733564803669,50.409668066216796
2284,-0.064475939674649,-0.052612615935301754,50.18708855560996
2285,0.0661597744146499,0.024600156083175007,49.96924006950217
2286,0.0376995676246394,0.06610705010259987,49.756193382272755
2287,-0.1540507654730104,-0.03395758623148393,49.548008351704496
2288,0.0640961536112264,-0.04884098919137747,49.34474483558015
2289,0.1976266899128535,-0.03408938159535298,49.1464626916825
2290,-0.1188758039464338,0.06565402615212979,48.953221777794305
2291,-0.173325039155626,0.32824308745726527,48.765081951698356
2292,-0.2004796003885601,0.9783765292111253,48.58210307117742
2293,0.3230172710397818,1.3426377349459235,48.4043449940143
2294,0.0579343541434036,1.370198067864886,48.231867577991714
2295,-0.3493278512893773,0.7845971703968838,48.0647306808925
2296,0.3704256148186931,-0.1034197753180599,47.90299416049937
2297,0.0449018122178761,-0.4716176426716361,47.74671583045376
2298,-0.4429946515082654,0.04705933414680574,47.595935317361466
2299,0.4955109277238924,1.3238389104693766,47.45065016180673
2300,-0.5574326624077718,1.866584768503927,47.31084789390384
2301,0.6187625189664976,1.6347274033122234,47.17651007772129
2302,-0.654569609143954,2.4369951333256843,47.047574475818266
2303,0.6366870070900372,3.6894198575070183,46.92389313540295
2304,-0.5656801414403475,2.7503819750832514,46.805298166357105
2305,0.3415789897887611,1.8267993316487368,46.6916216785625
2306,-0.309268771876365,1.8265729899754424,46.582695781900924
2307,0.6620176895529698,1.579629724192866,46.478352586254154
2308,-0.0382267959300101,1.6798025944260437,46.378424201503975
2309,-0.8096175040539952,2.1568747665218173,46.282742737532175
2310,-1.626047104297279,3.194906800076752,46.191140304220525
2311,1.899530732089889,3.977020256459303,46.1034490114508
2312,-1.97885909642223,3.9493581273174456,46.01950096910478
2313,-1.998799291633746,2.859671004569467,45.93912828706428
2314,-1.6110983142318367,1.738935239020801,45.86216307521103
2315,-0.5754174575473804,0.5269800141205488,45.78843744342683
2316,-0.2468650678938723,-0.5109184336996104,45.71778350159348
2317,0.4251465449295384,-1.5851799045222803,45.650033359592754
2318,1.5479728181520338,-2.642991945458436,45.5850191273064
2319,1.3987955517238122,-3.541368466340055,45.52257291461624
2320,0.1528484780950781,-4.515375309499102,45.46252683140403
2321,1.0907746995450982,-5.785487687096655,45.404712987551555
2322,-0.4678833478457801,-7.111080145094819,45.348963492940605
2323,0.265992877414497,-7.711099794937103,45.29510691752261
2324,-1.123968981300716,-7.158992821150279,45.24296180245099
2325,-0.1023759354154398,-4.779986134924766,45.19236207034021
2326,-0.7286702235413677,-0.9644863013490808,45.14315652489046
2327,0.6613666527042298,2.0234323423091194,45.09520100498664
2328,0.9097196632914578,2.6819278278231486,45.048352508885394
2329,-0.8706035003107931,0.6881354654674339,45.00246803484336
2330,-0.8989595101269009,-1.5884450709902607,44.95740458111716
2331,1.2764333793649427,-1.8094525253283835,44.913019145963446
2332,-1.5137924196133554,0.19462369197451324,44.86916872763884
2333,0.3307842411500819,1.6535054344499212,44.8257103244
2334,2.024309005407602,1.9131900600888523,44.782500934503545
2335,-2.1534550200623133,1.3440574638562097,44.73939755620611
2336,-0.0833417081098616,2.027084520345519,44.69625718776434
2337,2.039930770785412,2.6471324017797158,44.65293682743487
2338,-1.8775819233077544,1.6882884498334263,44.609293473474324
2339,0.2109562062919615,-0.3561403304313291,44.565184124139364
2340,1.5984891320921448,-1.7189549097787569,44.52046577768662
2341,0.5465773967084475,-0.6215728290811585,44.47499543237271
2342,-1.5693522435019904,1.5407221570477119,44.428630086454284
2343,1.6358149198666827,2.442958341945346,44.381226738187976
2344,-1.6961569108811625,1.273514525050732,44.332642385830425
2345,-0.2482797287558844,-0.6344542988823894,44.28273402763827
2346,1.598341012892086,-2.429701206978308,44.23136019408622
2347,-1.4032879576156214,-2.7050996599095267,44.178387617525146
2348,1.1551518444782736,-1.1988550294303362,44.12370318495206
2349,-0.1140241081929054,0.12676869482713005,44.067255413365785
2350,-0.8800076909147106,0.9509315993487077,44.009076091566
2351,0.3799264980508765,1.640858258249654,43.94921524369947
2352,-0.9450630057767032,3.027340111863859,43.887722893912844
2353,1.95116761752826,3.1541833161188455,43.8246490663529
2354,-1.0112440030775964,1.441200217911283,43.76004378516631
2355,-3.011869458030757,-0.21208761646905072,43.69395707449981
2356,0.2977300788093737,0.05583096269053234,43.62643895850009
2357,3.529565052539122,0.8528954861469815,43.557539461313894
2358,-0.4552115928846106,1.0279029857967013,43.48730860708791
2359,-3.338656024772088,0.6228596048032091,43.415796419968885
2360,-0.6228471467731982,0.4197942226697031,43.343052924103496
2361,2.748188811606981,1.1026830447545417,43.26912814363848
2362,-2.4435608099638984,2.2694887072433563,43.19407210272055
2363,0.9422082126188674,2.75985696188472,43.11793482549642
2364,1.7188449632324567,2.110388700654742,43.040766336112796
2365,1.6290004175996098,0.44838292368400195,42.962616658716385
2366,0.2811202338285624,-1.7146560512824882,42.88353581745393
2367,-1.394408932914082,-3.239164903558053,42.80357383647214
2368,-0.9246218251516376,-3.408158914766064,42.72278073991771
2369,-1.2854417243477838,-2.1957648275895734,42.64120655193736
2370,-0.6461630642994864,-0.5227382323783163,42.5589012966778
2371,1.5701044315223665,0.10398057019186291,42.47591499828577
2372,0.8278814785795842,-1.1101791594875436,42.39229768090796
2373,-1.4721241057563734,-2.1559752629347235,42.30809936869109
2374,1.3501285935464498,-1.3134986793283403,42.22337008578189
2375,-1.253560314381482,1.375400458054434,42.13815985632705
2376,1.2208276048520728,2.566653691752178,42.052518703395755
2377,-1.2287066264097646,2.102208777618132,41.96649784879163
2378,-0.2025122201521932,1.1623563696472166,41.88015585050498
2379,1.1697955664961512,-0.12336008307134938,41.7935645165752
2380,-1.0284012052719798,-1.4484047615039768,41.70680596677596
2381,0.1347668090047657,-2.1147310765478395,41.619964267543075
2382,0.5762954809772727,-2.479418966289641,41.53312348531237
2383,-0.3786062329845741,-2.587761453535106,41.44636768651967
2384,0.2746506585026562,-2.564431596103465,41.3597809376008
2385,-0.2811339980429194,-1.8323162392589296,41.273450237301844
2386,0.3683985644407334,-0.8858739027686309,41.1874753383279
2387,-0.2378672553848156,-0.19409615933757118,41.10196341472239
2388,-0.5238874590572039,0.1768627995395735,41.01702465951764
2389,-0.4937115374587821,0.23093938988997081,40.93277214756881
2390,0.8113007321747503,-0.1606231479142892,40.84932241573954
2391,-0.8846421671392389,-1.6521505908454053,40.766792757984646
2392,0.0520835730462502,-2.5973840413051694,40.685300468258916
2393,-1.0850388142479894,-1.4299240262691904,40.60496284051718
2394,-1.0515085813745442,0.525611412660289,40.52589716871425
2395,1.7871687763155208,1.6546104768795296,40.448220746804964
2396,-2.0538010604055787,1.67175019166151,40.37205086874407
2397,2.222511493705278,1.4199836778082815,40.297504828486446
2398,-2.1175776795768853,1.5028793935593039,40.224698286017585
2399,-2.045887139136007,1.4021486167192863,40.15373852241672
2400,2.0261956025152386,0.8990822270148013,40.08472217046996
2401,-0.8387099757576957,0.31097411403147235,40.01773586172622
2402,-1.5933061968333215,-0.19955068591975328,39.952856882753075
2403,1.391479639630394,-0.22163215626147248,39.89015251663108
2404,-0.20421854052241,-0.18545495799380568,39.829673498516215
2405,-0.8258773219745272,-0.5955779270355464,39.771455249010074
2406,-0.325867273476832,-1.3796628448673487,39.71553011834418
2407,0.5576129473244482,-1.869542169115626,39.66192922179118
2408,-0.1722297444548955,-1.218448533036795,39.61067827749169
2409,-1.3531767157934769,0.3713779503223213,39.56179876547115
2410,0.5858621492955598,2.188832202096318,39.51530564860813
2411,1.5380852131158975,3.5207091095526195,39.47120567733148
2412,1.5707646623574127,3.5297398962149016,39.42949544142769
2413,-1.3321804116750242,2.192022542781124,39.3901578688939
2414,-1.4011271531446323,0.30796252927661244,39.35316462386802
2415,-1.4260994192086234,-0.8923854095334024,39.31848482874202
2416,0.1023356255824967,-1.3384207798073808,39.28608515422488
2417,0.3077693316240192,-0.9636999925528636,39.25593066092884
2418,-0.5600655186473663,-0.047920628811306376,39.22798614745867
2419,0.5718647133286966,0.7959188742522199,39.20221641241909
2420,0.7860500701595252,1.2653636754256459,39.178586254414824
2421,1.5846778393559369,1.0882616885934473,39.15706047205062
2422,-1.5373047623856355,0.4897008984544472,39.13760386393119
2423,-0.7649989358695037,0.24481770720821694,39.12018122866128
2424,1.128982713151125,0.4562599220032366,39.10475736484563
2425,1.1098962027644512,0.48880672614658444,39.09129707108896
2426,-0.671987620690409,0.1522224746944204,39.07976514599599
2427,-0.7130790336336262,-0.3470473545378523,39.070126388171474
2428,0.026141728145835,-0.9984873243659749,39.06234559622014
2429,0.3455311357850249,-1.3119187045317378,39.056387568746715
2430,-0.0587646413656248,-1.383452462990296,39.05221710435592
2431,-0.0345884441408018,-1.4052105575117109,39.04979900165251
2432,0.0766599770630876,-1.5157580363042893,39.04909805924121
2433,0.2877519413085876,-1.727831017035325,39.05007907572674
2434,-0.3434401781372765,-1.629266671576556,39.052706849713836
2435,-0.4085417485831369,-0.9784044312240968,39.056946179807234
2436,0.4674474749497512,-0.06020933956141708,39.06276186461166
2437,-0.2207368807676136,0.620620945462357,39.07011593530526
2438,-0.2746099251394926,0.6656505717797981,39.07895935335969
2439,0.0380094954864206,0.34275322659367446,39.089237277919906
2440,0.2966066861491502,0.07251058532062121,39.10088272853024
2441,-0.1753880773225576,-0.5984376125123101,39.11382568983487
2442,0.1186877390125801,-1.2266838854906152,39.12799614647804
2443,0.3082570892352185,-1.4315800709398367,39.14332298170462
2444,-0.5684413552177042,-0.7712882170057237,39.159729572223426
2445,0.6167454630829563,0.4361204725259267,39.17713406439111
2446,-0.6341451368542367,1.338690756358314,39.19545438049593
2447,0.6382299819247911,2.5871621685897885,39.214607849485425
2448,-0.4758953513375329,3.681384317582686,39.23451103375485
2449,0.8191059440323463,2.3658166378845094,39.25507741808315
2450,-0.8898913012326373,-0.17632585961685066,39.2762171608495
2451,0.1251895263337369,-1.6130277202765284,39.297838193942795
2452,-0.0047326201617319,-1.7951147580859002,39.319847378247644
2453,1.066436158720135,-1.5985875573608053,39.34215139864067
2454,0.0962623490483709,-1.4309192890469165,39.36465693999854
2455,-0.1944753938485389,-1.162795293349346,39.38727068719788
2456,-1.0905532963332878,-0.6593460287820587,39.40989932511535
2457,0.9691665291291348,0.2983839322433075,39.432449538627566
2458,-0.6411101572383684,0.4462821446271937,39.45482801261117
2459,-0.1148953693674952,-0.10204606257534532,39.47694143194285
2460,0.0711515542014142,-0.30984803570061326,39.498696481499195
2461,-0.0989778907906466,-0.1610219553662321,39.51999984615688
2462,-0.2560082205721964,-0.02474999022033242,39.54075821079253
2463,0.3580945387633163,-0.6589727990461254,39.560878260282806
2464,-0.4880028381805604,-1.6422638413237627,39.580266679504334
2465,0.6516476504923697,-2.370477803826139,39.59883015333377
2466,-0.0607235597534264,-1.915751806894314,39.61647536664774
2467,-0.9195369652541134,-0.8835720390687859,39.633109004322904
2468,0.9601634496917864,-0.008801200927677194,39.648637751235896
2469,-0.9228465923046308,-0.28012169995872815,39.66296829226336
2470,0.0655924100289203,-0.9415997223108603,39.67600731228194
2471,0.7082002428214498,-1.395861738989732,39.687661496168275
2472,-0.3314568977901666,-0.7863806310088479,39.69783752879901
2473,-0.4601406758619376,0.23369858081113798,39.706442095050804
2474,0.3238496059868479,1.0927685142128865,39.71338187980027
2475,0.497158332857485,1.3842780992184562,39.718563567924065
2476,-0.6501145438755576,0.9982206995767298,39.72189384429883
2477,-0.3040521879590711,0.6607727941578545,39.723279393801214
2478,-0.5002869662064566,0.7876600648985999,39.722626901307855
2479,1.2821368404071514,0.7880201078974663,39.719843051695385
2480,-1.4309004534377237,1.0160659235972496,39.71483452984047
2481,-1.548758245792026,1.8912495198160029,39.70750872597601
2482,1.5228117665975565,2.659405139644799,39.69778309375764
2483,-1.3738133212894064,2.0082049099756487,39.68560841131375
2484,0.5143828111142736,0.7146559656875606,39.67096122319818
2485,0.9311800663878136,0.3249825288295032,39.65383740478267
2486,-0.7352443483357421,1.1910075969737153,39.634236751362025
2487,0.1625919466166185,1.9952461196381537,39.61216193374523
2488,0.4772991236240612,1.705072239522181,39.58762863685376
2489,-0.3892091910300427,0.8285477216855129,39.56066146934454
2490,-0.0637875462010727,0.3725009942712751,39.5312865519298
2491,-0.0687962045954237,0.40926619927360347,39.49953000532183
2492,0.2570032424808236,0.5875788072863437,39.46541795023283
2493,-0.2263002556519815,0.4573237482769219,39.428976507375054
2494,0.1102238663338605,0.15954433620538466,39.39023179746075
2495,-0.1231478056826185,-0.276062135519533,39.34920994120215
2496,0.1331985512722218,-0.619135610583711,39.30593705931149
2497,-0.101575964974668,-0.9588633075263503,39.26043927250102
2498,0.0006593462524307,-1.1734020477354274,39.21274270148299
2499,0.0414960476913387,-1.1343695146609623,39.162873466969614
2500,0.0620477187407569,-1.102905408413919,39.11085768967315
2501,-0.0319283031220224,-1.0047931871838491,39.056721490305875
2502,0.0041442272333674,-1.0346352168133413,39.00049098957997
2503,0.0008067320391411,-0.9429990402468413,38.942192308207694
2504,-0.082006942349836,-0.7998446245514645,38.881851566901304
2505,0.0698924728677176,-0.669387359240755,38.819494886373036
2506,-0.0066552834028355,-0.5284931039322877,38.75514838733512
2507,-0.0072168376531613,-0.46162135284664757,38.68883819049981
2508,0.0495761888715781,-0.45016660545092463,38.62059041657935
2509,-0.1783306711869864,-0.1521005150989776,38.55043118628596
2510,0.0104684242140275,-0.2688550445459339,38.47838662033191
2511,0.3029181230020782,-0.48740408167413785,38.40448595867206
2512,-0.3441008665100932,-0.9546736126489519,38.32877447915904
2513,0.0111875659397831,-1.2225029036979225,38.25131533775814
2514,0.408651349167441,-1.3008288036481277,38.17217745448069
2515,-0.4707464293574859,-1.4706844050405294,38.09143083439801
2516,0.5605471177781539,-1.4996927428343452,38.00914562505619
2517,0.1393321944143823,-1.064724168415653,37.92539197400127
2518,-0.7456230252471704,-0.09461700353217795,37.84024002877935
2519,0.7810982284375517,0.4351418346259922,37.753759936936454
2520,-0.751209185346142,0.21518733932746592,37.66602184601869
2521,-0.2105826370710131,-0.35651326650108,37.57709590357209
2522,0.2873618282285118,-0.7644140853712736,37.48705225714276
2523,0.3256727427378391,-0.7116337970145663,37.39596105427672
2524,0.1472368405191345,-0.4511292830392098,37.30389244252007
2525,0.0735833336959318,-0.26449990311479993,37.21091656941887
2526,-0.0355396281687699,-0.06156711196333301,37.117106740132115
2527,0.0186581066335297,-0.04120873477480251,37.022550628141275
2528,-0.0313458580291395,0.11399804413653283,36.9273478138926
2529,0.0811839336263088,0.15720900191625675,36.83160706445743
2530,0.0415958348689288,0.09296419123886313,36.735439973892206
2531,-0.2245069416556084,0.20554821983322613,36.63895872182238
2532,0.2598785144240699,0.22784431729938576,36.54227716827654
2533,0.2757328308632351,0.26875572884681326,36.44551144028995
2534,-0.3906731308388671,0.10189321972706755,36.3487799111118
2535,0.4571272324086782,0.04067134385738669,36.252201423733936
2536,-0.1700393335669857,0.3341445124188105,36.15589482114818
2537,-0.5798122117145289,0.8498332653681733,36.059978946346355
2538,0.0514850083870075,1.203942349292703,35.96457264232029
2539,0.6813280198139754,1.4088772281242157,35.86979475206181
2540,-0.6215578207648252,1.2957940679792002,35.77576375278563
2541,-0.5002125699420169,1.107615941718793,35.68259662822322
2542,-0.5557170225304948,1.3453071477007656,35.59040987482973
2543,-0.5008122812095364,1.801503578749086,35.49930870246044
2544,0.7202740302966067,2.0403753792690376,35.40935059043436
2545,-0.708591230864108,1.9980202915621537,35.320570939301945
2546,-0.333706171019689,1.7107037270418868,35.23300244397779
2547,0.5864854230725763,1.57683677755091,35.14667779937652
2548,0.37194041364747,1.3864298859398558,35.06162970041268
2549,-0.5120793497941731,1.524188507793296,34.97789084200088
2550,-0.3423993999900391,1.4369054809343043,34.89549391905574
2551,-0.1138740380599751,1.3094024115681346,34.81447162649184
2552,0.4694605504804823,0.7356827902957472,34.73485665922377
2553,-0.3864367927468287,-0.12024491941930579,34.65668171216613
2554,-0.265165437775168,-0.934814042458354,34.57997948023352
2555,-0.177427536126836,-1.1873551222136896,34.50478265834053
2556,0.24766084684639,-1.23878478824814,34.43112394140175
2557,0.11541943585851,-1.0644554601902898,34.359036024331786
2558,-0.069700153730694,-1.038851448314543,34.28855160204523
2559,-0.2221766068116317,-0.9975267626450403,34.21970336945667
2560,-0.0327101706332104,-1.1598138508475002,34.1525240214807
2561,0.1420647409169726,-1.1791109939489193,34.08704625303194
2562,0.2396687452644167,-1.3129715042893761,34.02330275902496
2563,-0.2578705824690693,-1.0734556519053047,33.961326234374376
2564,-0.1903030430209624,-0.7408463309737833,33.90114937399475
2565,0.3004231093044082,-0.37322798210511654,33.84280487280072
2566,-0.182783641466431,-0.5635417842403987,33.78632542570682
2567,0.0577796484485445,-0.9295233760762628,33.731743727627716
2568,-0.4027025205862169,-1.226390594924037,33.67909311551024
2569,0.2745851135776785,-1.60299899799089,33.628413884413206
2570,-0.6326988639275073,-0.8970640775488132,33.57976294147632
2571,-1.2661398530287125,0.10294764623627595,33.53319220679243
2572,1.7668870236121872,0.22437441098398714,33.48873856540382
2573,-0.2280514652664317,-0.9483789189140643,33.446430384180495
2574,-2.0663609032804424,-2.289933751543945,33.40629465482439
2575,0.7621172397355115,-2.270475608772944,33.36835836903744
2576,0.8977553825278675,-1.500403901049431,33.33264851852155
2577,1.71789514592378,-0.807087240902483,33.29919209497871
2578,-1.496244909675111,-0.6517711804356711,33.26801609011079
2579,0.3364475937821946,-0.2755950894019496,33.239147495619754
2580,0.9788777519602384,0.5985089448322151,33.21261330320755
2581,0.1186207590347778,1.482938736389151,33.188440504576064
2582,0.4580333606281076,1.165310547944611,33.16665609142728
2583,1.1807593695492464,0.46195357498764833,33.14728705546311
2584,-1.5376217818616356,0.29726139347616753,33.13036038838547
2585,0.1531705520737767,1.0409263660299164,33.115903081896306
2586,1.6755574203327055,1.7605004519697285,33.103942127697565
2587,-1.3894220676108882,1.1949175501197262,33.09450451749116
2588,-1.4662029167479451,0.25858567376890296,33.087617242979036
2589,0.0735730165209837,0.35311968761588197,33.08330729586313
2590,1.1372032631437836,1.2211950690108662,33.08160166784535
2591,-1.0257304120382564,2.443203061410605,33.08252735062766
2592,-0.3163464293792217,2.2202356572648796,33.08611077211434
2593,1.0096784564176906,0.887942008507582,33.09237953507473
2594,-1.075090591538973,-0.06628412093454172,33.101374712473515
2595,1.1550604960275423,0.8318021657816543,33.11313733819081
2596,0.6786827225957225,2.763627414424212,33.12768986298006
2597,-1.102240160194075,4.52719014682374,33.14505001337034
2598,-0.961669615442853,4.366434099552224,33.16523551589063
2599,1.2646882211846504,2.317047681745375,33.18826409706999
2600,0.3993692187192533,-0.5235227021566351,33.21415348343739
2601,-1.086478344504659,-2.0264430570172483,33.24292140152191
2602,0.9430157233823186,-1.087601301234862,33.27458557785255
2603,-0.7932000163970404,0.6140362774387019,33.30916373895834
2604,-0.1545478625739553,1.2578742512056613,33.346673611368296
2605,0.6382828302015521,1.4745842481869866,33.38713292161145
2606,-0.6984854516244376,1.937926055407581,33.430559396216864
2607,0.5551554377605465,2.167873800525958,33.4769707617135
2608,1.0468755152094242,1.6267397401601567,33.52638474463042
2609,-1.2389144293392556,0.5700953578426111,33.57881907149665
2610,1.3848858676184452,0.07082266354037026,33.634291468841184
2611,-1.4730155088659604,0.3201958456728688,33.69281966319309
2612,0.7014624728822271,0.4241161460364065,33.75442138108137
2613,1.423334696440702,0.7175509545242431,33.819114349035054
2614,1.4720414151730228,0.6910422912438204,33.886916293583155
2615,0.027999627541008,0.42415543120426996,33.95784494125472
2616,-1.487398580292309,0.12548056171354988,34.03191801857876
2617,1.093514703349535,-0.1626679554338396,34.10915325208431
2618,1.446061628540411,-0.15562999684078843,34.18956836830037
2619,1.2475671989934456,-0.04074829274945224,34.27318109375601
2620,-1.4330735019041454,0.4230643469239481,34.3600091549802
2621,1.1389124801718749,0.561017241326127,34.450070278502
2622,1.3458428275994576,0.26078451402177527,34.543372658378765
2623,-1.3479918687514276,-0.7518871442858561,34.63987901303729
2624,1.313990261586448,-1.703503407043983,34.739513145457536
2625,-0.9282102450215838,-1.8239812678541054,34.84219151287568
2626,-1.2293101330574197,-1.6085204394704984,34.94783057252792
2627,0.3021035025261391,-1.0684502841765195,35.056346781650376
2628,0.2987268403485388,-0.5663834378277848,35.167656597479244
2629,0.3818250867780117,-0.7634967414317717,35.28167165465376
2630,1.1859703286262206,-1.68423584364461,35.398265515018394
2631,-1.0928576737844098,-2.964374114408658,35.51723178819307
2632,0.924108599283086,-2.6624539006738694,35.638345301390785
2633,0.6759625125365701,-1.7373433943610843,35.76138088182452
2634,-0.7232478713586765,-1.2628654853486077,35.886113356707284
2635,0.5496473550688692,-2.431964908320933,36.01231755325206
2636,0.5966085798010112,-3.2463768784728746,36.139768298671854
2637,-0.8179252835554962,-2.8703151366241806,36.26824042017968
2638,0.8690297939491425,-1.7765385389376345,36.39750874498849
2639,-0.6862375394905412,-1.201110560820766,36.527348100311315
2640,-0.7352940737521276,-1.282239239608979,36.657533313361114
2641,-0.5710594981069197,-1.5767797132439878,36.78783921135091
2642,0.6784252412323533,-1.3664658627260562,36.9180406214937
2643,-0.64869322490723,-0.16921914609524177,37.04791237100247
2644,0.6854373960955822,1.9773333168142155,37.177229287090206
2645,-0.5873623822833002,3.7415961853133686,37.30576619696993
2646,-0.8458326808549709,3.87253475300036,37.43329792785461
2647,1.0771657210425074,1.8232349720002374,37.55959930695726
2648,-1.1626025658268424,0.3181574043359888,37.684445161490856
2649,1.1626977698879188,0.729691911443676,37.80761031866841
2650,-0.2973283025524365,0.6984586968495228,37.928869605702914
2651,0.2217127235746292,0.060289426618007624,38.04799784980736
2652,-0.934163623254074,0.059393745059336256,38.16476987819473
2653,0.6163495294633282,0.9846899524586203,38.27896051807806
2654,0.8451301031300529,1.6145238214502637,38.390346075419686
2655,-0.8718671649014627,1.5231561913498144,38.49871097355165
2656,0.0574733696221377,0.48867670633436533,38.6038499240435
2657,0.8837914064023582,-0.43935124723921015,38.705559840836855
2658,-0.879548043194674,-0.7040986571820005,38.803646700376675
2659,0.8639534487216043,-0.261912377097376,38.89795892837577
2660,-0.5001923329895892,0.35181352292106605,38.988378810068525
2661,-0.7955035184483851,0.9007086885044608,39.074794829943926
2662,0.3210455849397672,1.3318589425693292,39.1570954724909
2663,-0.1385053297297994,1.7133361075313693,39.23516922219844
2664,0.992207181522376,1.0688882549221466,39.30890456355547
2665,-0.1072802601570189,-0.2209097208939662,39.37818998105098
2666,-1.1325248629446576,-1.0403890962292341,39.44291395917389
2667,1.1527583611810142,-0.7557233435942076,39.5029649824132
2668,0.612539573667008,0.2092288910751603,39.55823153525783
2669,-0.1013407721442122,0.9427386699474529,39.60860210219677
2670,-1.0525442604540929,1.1585790927351596,39.65396516771893
2671,-0.6953494505380658,0.7611402342247425,39.694209216313325
2672,0.073012192139841,-0.042266811147642525,39.7292546190078
2673,1.083771458862781,-1.0829207518487267,39.75914929298595
2674,-1.0943478169730796,-1.99962647865765,39.78397429563073
2675,0.1843879070255278,-1.9082316552356469,39.80384374821012
2676,1.0917315708890756,-1.4207167935136304,39.81898522262456
2677,0.6060398339796187,-0.9456941739971522,39.82965434001754
2678,0.3200062476370114,-0.6661129691695339,39.83610672153253
2679,-0.8952229191322002,-0.5933750691808126,39.83859798831301
2680,-1.021143186173631,-0.3162405753288462,39.83738376150248
2681,-0.2271476359274725,-0.03557202631690676,39.832719662244386
2682,1.0942282999667443,-0.2590896116489718,39.82486131168223
2683,-1.126588103996748,-0.7474762269627305,39.814064330959475
2684,-0.1355908715281743,-1.6649934696914492,39.800584341219626
2685,0.7681125996964939,-2.2627895633026283,39.78467696360613
2686,1.2766799416087342,-2.5332777608712114,39.76659781926248
2687,1.2113283317855004,-1.84793086111766,39.74660252933216
2688,-0.9013598792421624,-0.46358683571647846,39.724946714958634
2689,-1.6535695904994063,1.311683593214012,39.70188599728539
2690,-1.3472361280745984,2.94956013061869,39.67767599745591
2691,0.9483463442549974,4.099081319131336,39.652572336613666
2692,1.572455879326336,4.030724212491219,39.62681990818244
2693,0.9016944110342306,2.5976905406417448,39.60061504832403
2694,-1.2573698552202044,0.7232490752721331,39.574120779948075
2695,0.0509182335410051,-0.5684127131221528,39.54749447958115
2696,-0.0133620835271684,-0.9975314402226181,39.52089352374979
2697,-0.3089706730782223,-0.8355046159022972,39.49447528898052
2698,-0.3240861628874273,-0.5843109889124651,39.46839715179989
2699,0.3808143645385987,-0.3636308532730621,39.442816488734465
2700,-0.2732201972068586,-0.594670479103915,39.41789067631077
2701,0.1876987443177422,-0.5714758353730983,39.393777091055355
2702,-0.0369726080878632,-0.33366050140688486,39.37063310949475
2703,0.0628021562316239,-0.15141826438713488,39.34861610815551
2704,-0.2112672952486042,-0.1166161683155556,39.32788346356416
2705,0.2848611181967002,-0.11345367044397439,39.308592552247276
2706,-0.3296586522071217,-0.12124209852424633,39.29090075073137
2707,0.2674848762344434,-0.052450311777453074,39.27496543554301
2708,0.1823697545417408,0.05668626224953799,39.260943983208726
2709,0.2098673511558763,0.04113887858906706,39.248993770255055
2710,-0.2751258994773474,0.05585372626879298,39.23927217320856
2711,-0.2124483504044016,-0.029446344955185833,39.231894695359586
2712,0.305003306497506,-0.06180999865139325,39.22680669215389
2713,-0.2590494188285755,-0.45485160737263985,39.22390102620122
2714,0.0538897734939643,-0.7569576787053351,39.22306790521137
2715,0.1773858740703174,-0.9015834109644361,39.224197536894124
2716,0.0781684183378766,-0.8053485472971176,39.22718012895924
2717,-0.3196601671593255,-0.4222457219572318,39.23190588911656
2718,0.3301132770206671,0.06162169790348215,39.23826502507585
2719,-0.1614032923979403,0.34525554785104073,39.24614774454689
2720,-0.2697562021313932,0.444311946891899,39.255444255239496
2721,-0.0107307431212877,0.17468597825786408,39.26604476486342
2722,0.0428786099501751,0.10928190892132958,39.277839481128495
